freq,duty,rcs,rsa,csa,vin,rl,k,Iin,Vout,Iout,S1_Pcond,S1_Psw,S1_Ptot,S2_Pcond,S2_Psw,S2_Ptot,S3_Pcond,S3_Psw,S3_Ptot,S4_Pcond,S4_Psw,S4_Ptot,Tj_S1,Tj_S2,Tj_S3,Tj_S4,T_heatsink,Time,Tj_S1_ts,Tj_S2_ts,Tj_S3_ts,Tj_S4_ts,T_heatsink_ts
6780000.0,0.5,0.2,0.5,33.5,100.0,115.0,0.6,,,,,,,,,,,,,,,,,,,,,,,,,,
,,,,,,,,2.0326750276825685,149.7086918918576,1.3018147121031094,0.6179362980944408,7.6696271066946204,8.287563404789065,0.6208404427962828,7.669596471199379,8.290436913995661,0.6179362980944408,7.6696271066946204,8.287563404789065,0.6208404427962828,7.669596471199379,8.290436913995661,34.43807303103536,34.342430569760616,34.43807303103536,34.342430569760616,25.117559726368953,,,,,,
,,,,,,,,,,,,,,,,,,,,,,,,,,,,0.0,25.1,25.1,25.1,25.1,25.1
,,,,,,,,,,,,,,,,,,,,,,,,,,,,1.774422311697719e-05,26.273453039377085,26.246475425274227,26.273453039377085,26.246475425274227,25.100000004821855
,,,,,,,,,,,,,,,,,,,,,,,,,,,,3.6391043026435785e-05,26.371499388224304,26.407246834717608,26.371499388224304,26.407246834717608,25.10000004922201
,,,,,,,,,,,,,,,,,,,,,,,,,,,,5.58702078663982e-05,26.48994766236901,26.538756389798376,26.48994766236901,26.538756389798376,25.100000174354914
,,,,,,,,,,,,,,,,,,,,,,,,,,,,7.563267358796787e-05,26.650755378412327,26.700541335861484,26.650755378412327,26.700541335861484,25.100000405387387
,,,,,,,,,,,,,,,,,,,,,,,,,,,,9.591630075852523e-05,26.834289212185993,26.80567701589928,26.834289212185993,26.80567701589928,25.100000767317177
,,,,,,,,,,,,,,,,,,,,,,,,,,,,0.00011631463326659884,26.94650176668547,26.99754113749481,26.94650176668547,26.99754113749481,25.10000127100866
,,,,,,,,,,,,,,,,,,,,,,,,,,,,0.0001367432679840881,27.09344893438956,27.06289889020291,27.09344893438956,27.06289889020291,25.100001925303246
,,,,,,,,,,,,,,,,,,,,,,,,,,,,0.00015709965871302036,27.193295196296315,27.159358519431006,27.193295196296315,27.159358519431006,25.100002733398078
,,,,,,,,,,,,,,,,,,,,,,,,,,,,0.0001774886599806333,27.258180317569487,27.2344162572621,27.258180317569487,27.2344162572621,25.10000370377154
,,,,,,,,,,,,,,,,,,,,,,,,,,,,0.000197788560225275,27.473165169591947,27.347928148747958,27.473165169591947,27.347928148747958,25.10000483307773
,,,,,,,,,,,,,,,,,,,,,,,,,,,,0.00021790973831475066,27.41920113823591,27.390061589978984,27.41920113823591,27.390061589978984,25.100006115097642
,,,,,,,,,,,,,,,,,,,,,,,,,,,,0.00023802568892189674,27.46880588046223,27.505914789968827,27.46880588046223,27.505914789968827,25.100007559771814
,,,,,,,,,,,,,,,,,,,,,,,,,,,,0.0002580154984192146,27.5679369705015,27.538326921199957,27.5679369705015,27.538326921199957,25.100009157278926
,,,,,,,,,,,,,,,,,,,,,,,,,,,,0.00027793995701581056,27.62660483352252,27.59395173187098,27.62660483352252,27.59395173187098,25.10001091013561
,,,,,,,,,,,,,,,,,,,,,,,,,,,,0.0002977691997147814,27.667013361942242,27.702305944383713,27.667013361942242,27.702305944383713,25.10001281340719
,,,,,,,,,,,,,,,,,,,,,,,,,,,,0.0003176907097114115,27.723490191739426,27.755840161462626,27.723490191739426,27.755840161462626,25.100014884421398
,,,,,,,,,,,,,,,,,,,,,,,,,,,,0.00033766005601166453,27.83137943403411,27.796774698774573,27.83137943403411,27.796774698774573,25.100017119404423
,,,,,,,,,,,,,,,,,,,,,,,,,,,,0.000357495347283725,27.85703007554986,27.895643816589672,27.85703007554986,27.895643816589672,25.10001949600769
,,,,,,,,,,,,,,,,,,,,,,,,,,,,0.00037734643772093505,27.94311280684954,27.913082941452817,27.94311280684954,27.913082941452817,25.100022029749113
,,,,,,,,,,,,,,,,,,,,,,,,,,,,0.0003972015665232052,28.13152754747953,28.01479376064885,28.13152754747953,28.01479376064885,25.100024718240974
,,,,,,,,,,,,,,,,,,,,,,,,,,,,0.00041712093502579544,28.09343051066204,28.05142733133936,28.09343051066204,28.05142733133936,25.10002756924738
,,,,,,,,,,,,,,,,,,,,,,,,,,,,0.0004369956533453024,28.093042153998685,28.12446794543116,28.093042153998685,28.12446794543116,25.10003056614902
,,,,,,,,,,,,,,,,,,,,,,,,,,,,0.0004568759127635446,28.16345888180931,28.203400442750773,28.16345888180931,28.203400442750773,25.100033714800084
,,,,,,,,,,,,,,,,,,,,,,,,,,,,0.0004767442581056622,28.238582098374867,28.207392116548153,28.238582098374867,28.207392116548153,25.100037011099506
,,,,,,,,,,,,,,,,,,,,,,,,,,,,0.0004965827423784157,28.256804803380984,28.29319882628716,28.256804803380984,28.29319882628716,25.100040450316452
,,,,,,,,,,,,,,,,,,,,,,,,,,,,0.0005164281274050454,28.340952624067743,28.311356939969567,28.340952624067743,28.311356939969567,25.10004403729051
,,,,,,,,,,,,,,,,,,,,,,,,,,,,0.0005362453764982874,28.374787320183568,28.412083362904163,28.374787320183568,28.412083362904163,25.100047764180413
,,,,,,,,,,,,,,,,,,,,,,,,,,,,0.0005560763341093979,28.467367801646397,28.433026092477842,28.467367801646397,28.433026092477842,25.10005163743318
,,,,,,,,,,,,,,,,,,,,,,,,,,,,0.0005759167819669328,28.483553865666018,28.521279296606213,28.483553865666018,28.521279296606213,25.10005565523003
,,,,,,,,,,,,,,,,,,,,,,,,,,,,0.0005957055518308304,28.516891558604353,28.562113251856942,28.516891558604353,28.562113251856942,25.100059803466706
,,,,,,,,,,,,,,,,,,,,,,,,,,,,0.0006155796283152192,28.59753865358058,28.637492328158814,28.59753865358058,28.637492328158814,25.100064109961156
,,,,,,,,,,,,,,,,,,,,,,,,,,,,0.0006353823673532578,28.624976145835905,28.666899620576825,28.624976145835905,28.666899620576825,25.100068539662093
,,,,,,,,,,,,,,,,,,,,,,,,,,,,0.0006552424926854605,28.702501591150263,28.763108326598452,28.702501591150263,28.763108326598452,25.10007311996487
,,,,,,,,,,,,,,,,,,,,,,,,,,,,0.0006751376090322937,28.752686367218647,28.728092465059305,28.752686367218647,28.728092465059305,25.100077845403757
,,,,,,,,,,,,,,,,,,,,,,,,,,,,0.0006950238071247005,28.82631557938046,28.79435018668813,28.82631557938046,28.79435018668813,25.100082704580103
,,,,,,,,,,,,,,,,,,,,,,,,,,,,0.0007148068102164552,28.86374886784536,28.83098182658909,28.86374886784536,28.83098182658909,25.10008767211605
,,,,,,,,,,,,,,,,,,,,,,,,,,,,0.0007347346463922458,28.91369435196291,29.0414388241512,28.91369435196291,29.0414388241512,25.100092809510603
,,,,,,,,,,,,,,,,,,,,,,,,,,,,0.0007546380953835833,28.95771855475834,28.92263327593934,28.95771855475834,28.92263327593934,25.100098073119156
,,,,,,,,,,,,,,,,,,,,,,,,,,,,0.0007745316784852632,29.018284351660277,28.98410589904442,29.018284351660277,28.98410589904442,25.100103465237527
,,,,,,,,,,,,,,,,,,,,,,,,,,,,0.0007943740432508577,29.029339996495025,29.06096247897476,29.029339996495025,29.06096247897476,25.100108972891366
,,,,,,,,,,,,,,,,,,,,,,,,,,,,0.000814269887608475,29.086618702398084,29.122993456590578,29.086618702398084,29.122993456590578,25.100114623977756
,,,,,,,,,,,,,,,,,,,,,,,,,,,,0.000834189097064749,29.123147921820518,29.162373048691173,29.123147921820518,29.162373048691173,25.100120409520372
,,,,,,,,,,,,,,,,,,,,,,,,,,,,0.0008540393359100758,29.19760562508642,29.17025152759941,29.19760562508642,29.17025152759941,25.100126301110038
,,,,,,,,,,,,,,,,,,,,,,,,,,,,0.00087389853665886,29.32850190359731,29.252507793851834,29.32850190359731,29.252507793851834,25.100132320162846
,,,,,,,,,,,,,,,,,,,,,,,,,,,,0.0008938496951896653,29.30069087774886,29.26048951254861,29.30069087774886,29.26048951254861,25.10013849163578
,,,,,,,,,,,,,,,,,,,,,,,,,,,,0.0009137686686196378,29.33991811014483,29.305894170862274,29.33991811014483,29.305894170862274,25.100144776523756
,,,,,,,,,,,,,,,,,,,,,,,,,,,,0.0009337347756796052,29.365073485418996,29.400534207950205,29.365073485418996,29.400534207950205,25.100151198856114
,,,,,,,,,,,,,,,,,,,,,,,,,,,,0.0009536505177489584,29.40670616518851,29.445814160009327,29.40670616518851,29.445814160009327,25.10015772611942
,,,,,,,,,,,,,,,,,,,,,,,,,,,,0.0009736435011743742,29.478006450643203,29.448962757616897,29.478006450643203,29.448962757616897,25.10016439926174
,,,,,,,,,,,,,,,,,,,,,,,,,,,,0.000993495714910636,29.481002616037127,29.51854832647652,29.481002616037127,29.51854832647652,25.10017114385904
,,,,,,,,,,,,,,,,,,,,,,,,,,,,0.0010133909190752366,29.53678038330987,29.570378853096976,29.53678038330987,29.570378853096976,25.100178020418312
,,,,,,,,,,,,,,,,,,,,,,,,,,,,0.001033283553239953,29.590863761545805,29.62920896035017,29.590863761545805,29.62920896035017,25.1001850124978
,,,,,,,,,,,,,,,,,,,,,,,,,,,,0.001053149034607652,29.65566164297774,29.614841137949707,29.65566164297774,29.614841137949707,25.100192110154225
,,,,,,,,,,,,,,,,,,,,,,,,,,,,0.0010731367858488057,29.654396508825446,29.69369463961822,29.654396508825446,29.69369463961822,25.100199366554545
,,,,,,,,,,,,,,,,,,,,,,,,,,,,0.0010930214707835272,29.713278803153628,29.753376228387175,29.713278803153628,29.753376228387175,25.10020669906276
,,,,,,,,,,,,,,,,,,,,,,,,,,,,0.0011129085827290437,29.786679496355813,29.898611416890446,29.786679496355813,29.898611416890446,25.1002141446917
,,,,,,,,,,,,,,,,,,,,,,,,,,,,0.0011328226911150744,29.813208797630438,29.883348424075365,29.813208797630438,29.883348424075365,25.100221711862478
,,,,,,,,,,,,,,,,,,,,,,,,,,,,0.0011527358886306545,29.854464148112044,29.903984337949296,29.854464148112044,29.903984337949296,25.100229389187547
,,,,,,,,,,,,,,,,,,,,,,,,,,,,0.001172630772919424,29.89612569364071,29.858224650515623,29.89612569364071,29.858224650515623,25.100237168785842
,,,,,,,,,,,,,,,,,,,,,,,,,,,,0.0011925123464718366,29.950879265726833,29.91352518500914,29.950879265726833,29.91352518500914,25.100245051350857
,,,,,,,,,,,,,,,,,,,,,,,,,,,,0.0012124359429125005,29.980323829243115,29.94891960902563,29.980323829243115,29.94891960902563,25.100253058072852
,,,,,,,,,,,,,,,,,,,,,,,,,,,,0.0012324092721439877,29.99429858134825,30.030517157482958,29.99429858134825,30.030517157482958,25.10026119180121
,,,,,,,,,,,,,,,,,,,,,,,,,,,,0.0012523364172848483,30.024326975766986,30.058325199275256,30.024326975766986,30.058325199275256,25.100269412525638
,,,,,,,,,,,,,,,,,,,,,,,,,,,,0.001272276341420941,30.193318329477567,30.09493092764362,30.193318329477567,30.09493092764362,25.100277743345615
,,,,,,,,,,,,,,,,,,,,,,,,,,,,0.0012922307507168688,30.13647338210491,30.106691068429377,30.13647338210491,30.106691068429377,25.10028618422465
,,,,,,,,,,,,,,,,,,,,,,,,,,,,0.0013122695250832198,30.19003839572943,30.15092029226837,30.19003839572943,30.15092029226837,25.10029476454086
,,,,,,,,,,,,,,,,,,,,,,,,,,,,0.001332259197150508,30.191182117587648,30.222731891348296,30.191182117587648,30.222731891348296,25.100303426467498
,,,,,,,,,,,,,,,,,,,,,,,,,,,,0.001352130283541746,30.2385302256327,30.207003853901345,30.2385302256327,30.207003853901345,25.100312137661167
,,,,,,,,,,,,,,,,,,,,,,,,,,,,0.0013720753842191178,30.269130838279242,30.308618238483128,30.269130838279242,30.308618238483128,25.10032098128601
,,,,,,,,,,,,,,,,,,,,,,,,,,,,0.0013920105930319614,30.28710859251752,30.32640007818259,30.28710859251752,30.32640007818259,25.100329919732598
,,,,,,,,,,,,,,,,,,,,,,,,,,,,0.0014119610023507292,30.393378514639803,30.351167353608606,30.393378514639803,30.351167353608606,25.10033896339602
,,,,,,,,,,,,,,,,,,,,,,,,,,,,0.0014319229482803648,30.38349060353751,30.353481340833277,30.38349060353751,30.353481340833277,25.10034810991163
,,,,,,,,,,,,,,,,,,,,,,,,,,,,0.0014518876863730032,30.400652176569913,30.435570384392975,30.400652176569913,30.435570384392975,25.100357354483045
,,,,,,,,,,,,,,,,,,,,,,,,,,,,0.001471817770794599,30.428967729976424,30.45868447213631,30.428967729976424,30.45868447213631,25.100366678628106
,,,,,,,,,,,,,,,,,,,,,,,,,,,,0.0014917329729256512,30.460208653419066,30.489890635985486,30.460208653419066,30.489890635985486,25.100376090362694
,,,,,,,,,,,,,,,,,,,,,,,,,,,,0.0015116488619409427,30.492914881406357,30.522133083507047,30.492914881406357,30.522133083507047,25.10038559607487
,,,,,,,,,,,,,,,,,,,,,,,,,,,,0.001531567991580689,30.65856588506035,30.565841663755418,30.65856588506035,30.565841663755418,25.10039519616039
,,,,,,,,,,,,,,,,,,,,,,,,,,,,0.0015514576674608425,30.570441238680598,30.601425918900222,30.570441238680598,30.601425918900222,25.10040487382986
,,,,,,,,,,,,,,,,,,,,,,,,,,,,0.0015713502483247592,30.6139916052586,30.64823011962905,30.6139916052586,30.64823011962905,25.100414643791172
,,,,,,,,,,,,,,,,,,,,,,,,,,,,0.0015913529588782855,30.670798302221733,30.636658549580126,30.670798302221733,30.636658549580126,25.100424558628177
,,,,,,,,,,,,,,,,,,,,,,,,,,,,0.0016112829789103873,30.69617337750941,30.65802293056237,30.69617337750941,30.65802293056237,25.100434527156864
,,,,,,,,,,,,,,,,,,,,,,,,,,,,0.0016312959093843103,30.753026450280686,30.71973881815267,30.753026450280686,30.71973881815267,25.100444626484965
,,,,,,,,,,,,,,,,,,,,,,,,,,,,0.001651271684249837,30.75651761178195,30.788678897432277,30.75651761178195,30.788678897432277,25.100454795512942
,,,,,,,,,,,,,,,,,,,,,,,,,,,,0.0016712841368915292,30.80698294230582,30.77267735547595,30.80698294230582,30.77267735547595,25.10046507101264
,,,,,,,,,,,,,,,,,,,,,,,,,,,,0.0016912084790253153,30.8332536683869,30.794453088881145,30.8332536683869,30.794453088881145,25.100475387778975
,,,,,,,,,,,,,,,,,,,,,,,,,,,,0.0017111661738169928,30.849895662198325,30.883973755280763,30.849895662198325,30.883973755280763,25.10048580756428
,,,,,,,,,,,,,,,,,,,,,,,,,,,,0.0017310846940491377,30.872765290599347,30.906442083950253,30.872765290599347,30.906442083950253,25.100496291712727
,,,,,,,,,,,,,,,,,,,,,,,,,,,,0.0017510040985037048,30.90106001709749,30.93316743085914,30.90106001709749,30.93316743085914,25.100506860305313
,,,,,,,,,,,,,,,,,,,,,,,,,,,,0.0017709294564809627,30.926072420629605,30.951743942283237,30.926072420629605,30.951743942283237,25.10051751531952
,,,,,,,,,,,,,,,,,,,,,,,,,,,,0.0017908226998336807,30.966464581730545,30.998459529341677,30.966464581730545,30.998459529341677,25.100528235467735
,,,,,,,,,,,,,,,,,,,,,,,,,,,,0.0018107517697837593,30.981211450194955,31.01736498484946,30.981211450194955,31.01736498484946,25.100539056635515
,,,,,,,,,,,,,,,,,,,,,,,,,,,,0.0018306782421796022,31.008174891625192,31.036865234019054,31.008174891625192,31.036865234019054,25.100549957402883
,,,,,,,,,,,,,,,,,,,,,,,,,,,,0.0018506352122430677,31.08462659401859,31.051994447071067,31.08462659401859,31.051994447071067,25.100560955307582
,,,,,,,,,,,,,,,,,,,,,,,,,,,,0.0018704881173329893,31.075187681417553,31.107054733356133,31.075187681417553,31.107054733356133,25.100571975037678
,,,,,,,,,,,,,,,,,,,,,,,,,,,,0.0018904245562127242,31.175562061454297,31.134756791506554,31.175562061454297,31.134756791506554,25.10058311988404
,,,,,,,,,,,,,,,,,,,,,,,,,,,,0.001910380238819672,31.168792645119538,31.13213324745366,31.168792645119538,31.13213324745366,25.10059435380347
,,,,,,,,,,,,,,,,,,,,,,,,,,,,0.0019303133824224764,31.19940822460841,31.316323856626365,31.19940822460841,31.316323856626365,25.100605652518396
,,,,,,,,,,,,,,,,,,,,,,,,,,,,0.0019501934058152662,31.228757760902457,31.19729127948388,31.228757760902457,31.19729127948388,25.10061699752021
,,,,,,,,,,,,,,,,,,,,,,,,,,,,0.0019700931070543164,31.264424487041364,31.226917983815287,31.264424487041364,31.226917983815287,25.10062842946089
,,,,,,,,,,,,,,,,,,,,,,,,,,,,0.0019900997101904637,31.250169907892595,31.28159127195958,31.250169907892595,31.28159127195958,25.10063999849927
,,,,,,,,,,,,,,,,,,,,,,,,,,,,0.0020100095270201078,31.27151735118114,31.305112012713394,31.27151735118114,31.305112012713394,25.10065158621061
,,,,,,,,,,,,,,,,,,,,,,,,,,,,0.0020299460640580847,31.464355323011645,31.339821190049708,31.464355323011645,31.339821190049708,25.1006632633687
,,,,,,,,,,,,,,,,,,,,,,,,,,,,0.0020499011789776706,31.365011029354505,31.328746885015562,31.365011029354505,31.328746885015562,25.1006750247532
,,,,,,,,,,,,,,,,,,,,,,,,,,,,0.002069762513034606,31.34599018748652,31.38119438151139,31.34599018748652,31.38119438151139,25.100686803069955
,,,,,,,,,,,,,,,,,,,,,,,,,,,,0.0020895757290716574,31.419337926981896,31.389967178332096,31.419337926981896,31.389967178332096,25.100698624005272
,,,,,,,,,,,,,,,,,,,,,,,,,,,,0.0021094990872461915,31.434472417372284,31.406546062445656,31.434472417372284,31.406546062445656,25.10071058168662
,,,,,,,,,,,,,,,,,,,,,,,,,,,,0.00212941129728756,31.46498598617418,31.434342453655805,31.46498598617418,31.434342453655805,25.100722603214933
,,,,,,,,,,,,,,,,,,,,,,,,,,,,0.0021493845901800405,31.45926982677029,31.496398277874675,31.45926982677029,31.496398277874675,25.10073473178817
,,,,,,,,,,,,,,,,,,,,,,,,,,,,0.0021693097420734447,31.48555838676838,31.512777453528198,31.48555838676838,31.512777453528198,25.100746900488716
,,,,,,,,,,,,,,,,,,,,,,,,,,,,0.002189195630205152,31.52405954339729,31.551773373042572,31.52405954339729,31.551773373042572,25.100759113656068
,,,,,,,,,,,,,,,,,,,,,,,,,,,,0.0022090702001803606,31.56299959920349,31.523820194804166,31.56299959920349,31.523820194804166,25.100771387582704
,,,,,,,,,,,,,,,,,,,,,,,,,,,,0.0022289896234264917,31.584417976001674,31.641037160043613,31.584417976001674,31.641037160043613,25.100783756506527
,,,,,,,,,,,,,,,,,,,,,,,,,,,,0.0022489437665132654,31.590199946812106,31.623916348290734,31.590199946812106,31.623916348290734,25.10079621392135
,,,,,,,,,,,,,,,,,,,,,,,,,,,,0.002268790285153338,31.64046864733995,31.60599924704932,31.64046864733995,31.60599924704932,25.100808670011062
,,,,,,,,,,,,,,,,,,,,,,,,,,,,0.002288689579685199,31.6753895660326,31.641327940847354,31.6753895660326,31.641327940847354,25.10082122459403
,,,,,,,,,,,,,,,,,,,,,,,,,,,,0.0023085543696426923,31.650019727178936,31.679110170574223,31.650019727178936,31.679110170574223,25.100833822108466
,,,,,,,,,,,,,,,,,,,,,,,,,,,,0.0023284330342634306,31.69257239403589,31.725285834608375,31.69257239403589,31.725285834608375,25.100846492559736
,,,,,,,,,,,,,,,,,,,,,,,,,,,,0.002348356817073904,31.704274650774433,31.74010284322629,31.704274650774433,31.74010284322629,25.100859255582847
,,,,,,,,,,,,,,,,,,,,,,,,,,,,0.002368259359949128,31.73472371083989,31.766695410511232,31.73472371083989,31.766695410511232,25.100872068189144
,,,,,,,,,,,,,,,,,,,,,,,,,,,,0.0023881829328277096,31.75568047996064,31.783444869675392,31.75568047996064,31.783444869675392,25.100884957002194
,,,,,,,,,,,,,,,,,,,,,,,,,,,,0.0024081730770509624,31.807182143485758,31.76907334739209,31.807182143485758,31.76907334739209,25.100897951288324
,,,,,,,,,,,,,,,,,,,,,,,,,,,,0.002428170992856173,31.790130357777393,31.820132588621846,31.790130357777393,31.820132588621846,25.100911012596523
,,,,,,,,,,,,,,,,,,,,,,,,,,,,0.0024481419111929427,31.85418350281617,31.818605375461818,31.85418350281617,31.818605375461818,25.100924117559067
,,,,,,,,,,,,,,,,,,,,,,,,,,,,0.002468042084364597,31.88186786216868,31.846863915455515,31.88186786216868,31.846863915455515,25.100937236478018
,,,,,,,,,,,,,,,,,,,,,,,,,,,,0.002487913953085034,31.94566945332468,31.88897746916405,31.94566945332468,31.88897746916405,25.100950396347447
,,,,,,,,,,,,,,,,,,,,,,,,,,,,0.0025078436210924002,31.94006320768217,31.902260544344124,31.94006320768217,31.902260544344124,25.100963653752864
,,,,,,,,,,,,,,,,,,,,,,,,,,,,0.002527719554846208,31.905022301572846,31.9357718523646,31.905022301572846,31.9357718523646,25.100976933954065
,,,,,,,,,,,,,,,,,,,,,,,,,,,,0.002547685814753448,31.971459680580036,31.93686038527385,31.971459680580036,31.93686038527385,25.100990332843647
,,,,,,,,,,,,,,,,,,,,,,,,,,,,0.0025675867654944015,31.999816488893952,31.963761051418174,31.999816488893952,31.963761051418174,25.101003745592294
,,,,,,,,,,,,,,,,,,,,,,,,,,,,0.002587524757867592,31.999276645021443,31.970306998141055,31.999276645021443,31.970306998141055,25.101017240517823
,,,,,,,,,,,,,,,,,,,,,,,,,,,,0.002607429467371688,32.02773354561889,31.99865029880737,32.02773354561889,31.99865029880737,25.101030769480204
,,,,,,,,,,,,,,,,,,,,,,,,,,,,0.002627369732057934,32.04084042754348,32.09193454958383,32.04084042754348,32.09193454958383,25.101044378762875
,,,,,,,,,,,,,,,,,,,,,,,,,,,,0.00264727585970708,32.082097274672314,32.195192157966424,32.082097274672314,32.195192157966424,25.10105802028707
,,,,,,,,,,,,,,,,,,,,,,,,,,,,0.0026672288066618747,32.05635696136745,32.093996483938255,32.05635696136745,32.093996483938255,25.101071749084056
,,,,,,,,,,,,,,,,,,,,,,,,,,,,0.0026871472324811944,32.07731014869049,32.112580862193816,32.07731014869049,32.112580862193816,25.101085508742756
,,,,,,,,,,,,,,,,,,,,,,,,,,,,0.002707080383733323,32.25444410970871,32.131411797516655,32.25444410970871,32.131411797516655,25.1010993326932
,,,,,,,,,,,,,,,,,,,,,,,,,,,,0.002726924358890291,32.13951628805311,32.198727141120706,32.13951628805311,32.198727141120706,25.101113148081605
,,,,,,,,,,,,,,,,,,,,,,,,,,,,0.00274678444795733,32.185948512593974,32.14886831746139,32.185948512593974,32.14886831746139,25.101127027429705
,,,,,,,,,,,,,,,,,,,,,,,,,,,,0.0027667202110968517,32.18899946024598,32.162808904082844,32.18899946024598,32.162808904082844,25.10114101222502
,,,,,,,,,,,,,,,,,,,,,,,,,,,,0.0027866065383196303,32.22509141342596,32.189193266898855,32.22509141342596,32.189193266898855,25.101155014355225
,,,,,,,,,,,,,,,,,,,,,,,,,,,,0.002806507732322854,32.25120821295758,32.20881297811004,32.25120821295758,32.20881297811004,25.101169078518318
,,,,,,,,,,,,,,,,,,,,,,,,,,,,0.002826446871814729,32.25242536230403,32.21583113303648,32.25242536230403,32.21583113303648,25.10118322075189
,,,,,,,,,,,,,,,,,,,,,,,,,,,,0.0028463717535004377,32.26016758088703,32.229817087062905,32.26016758088703,32.229817087062905,25.101197403629413
,,,,,,,,,,,,,,,,,,,,,,,,,,,,0.002866239169466888,32.31112418670634,32.275932488438016,32.31112418670634,32.275932488438016,25.101211595658494
,,,,,,,,,,,,,,,,,,,,,,,,,,,,0.0028861125645646057,32.268530179139,32.30431715654201,32.268530179139,32.30431715654201,25.101225841534244
,,,,,,,,,,,,,,,,,,,,,,,,,,,,0.0029059492690202706,32.322180534679944,32.288196091234816,32.322180534679944,32.288196091234816,25.1012401101095
,,,,,,,,,,,,,,,,,,,,,,,,,,,,0.0029258708810867905,32.33376582381821,32.30154671938858,32.33376582381821,32.30154671938858,25.10125448862322
,,,,,,,,,,,,,,,,,,,,,,,,,,,,0.0029457729704916755,32.363186068641085,32.32851917157186,32.363186068641085,32.32851917157186,25.10126890147656
,,,,,,,,,,,,,,,,,,,,,,,,,,,,0.0029656627833983327,32.39328249842661,32.35079989734295,32.39328249842661,32.35079989734295,25.101283353348343
,,,,,,,,,,,,,,,,,,,,,,,,,,,,0.0029855968784943923,32.40135091633403,32.35948643692955,32.40135091633403,32.35948643692955,25.101297885045344
,,,,,,,,,,,,,,,,,,,,,,,,,,,,0.0030055018304047817,32.42213228672234,32.38077498130133,32.42213228672234,32.38077498130133,25.101312442678893
,,,,,,,,,,,,,,,,,,,,,,,,,,,,0.0030254178749742934,32.43135125237655,32.39611989991186,32.43135125237655,32.39611989991186,25.10132705518928
,,,,,,,,,,,,,,,,,,,,,,,,,,,,0.0030453271898901275,32.4517656233621,32.41571426198985,32.4517656233621,32.41571426198985,25.101341709070333
,,,,,,,,,,,,,,,,,,,,,,,,,,,,0.00306523920263694,32.4645960643081,32.43170920955707,32.4645960643081,32.43170920955707,25.10135641081743
,,,,,,,,,,,,,,,,,,,,,,,,,,,,0.0030850951350236814,32.43774147833083,32.46874842095814,32.43774147833083,32.46874842095814,25.101371116434265
,,,,,,,,,,,,,,,,,,,,,,,,,,,,0.003105019459395679,32.61620807129718,32.50188191907369,32.61620807129718,32.50188191907369,25.101385917723217
,,,,,,,,,,,,,,,,,,,,,,,,,,,,0.0031249294575195776,32.633601827869235,32.52306065931692,32.633601827869235,32.52306065931692,25.10140075299769
,,,,,,,,,,,,,,,,,,,,,,,,,,,,0.0031447781603147857,32.51972362619137,32.564765082298436,32.51972362619137,32.564765082298436,25.101415586615502
,,,,,,,,,,,,,,,,,,,,,,,,,,,,0.0031647036517226165,32.528814917517366,32.56169050644608,32.528814917517366,32.56169050644608,25.101430521429783
,,,,,,,,,,,,,,,,,,,,,,,,,,,,0.0031846037341277363,32.54611491815408,32.582406989127804,32.54611491815408,32.582406989127804,25.10144548060187
,,,,,,,,,,,,,,,,,,,,,,,,,,,,0.0032045292557597873,32.55958063370689,32.59411977432498,32.55958063370689,32.59411977432498,25.10146050195417
,,,,,,,,,,,,,,,,,,,,,,,,,,,,0.00322447034834454,32.551503614169896,32.586544300595406,32.551503614169896,32.586544300595406,25.101475577810533
,,,,,,,,,,,,,,,,,,,,,,,,,,,,0.0032444109202908436,32.63742701680445,32.597165659736376,32.63742701680445,32.597165659736376,25.101490695673554
,,,,,,,,,,,,,,,,,,,,,,,,,,,,0.0032643654984004645,32.61982714984865,32.595893130350674,32.61982714984865,32.595893130350674,25.101505866198437
,,,,,,,,,,,,,,,,,,,,,,,,,,,,0.003284276524797681,32.63885783238185,32.608129175354264,32.63885783238185,32.608129175354264,25.1015210451504
,,,,,,,,,,,,,,,,,,,,,,,,,,,,0.003304222449409248,32.635939132392494,32.67964204629044,32.635939132392494,32.67964204629044,25.10153629193647
,,,,,,,,,,,,,,,,,,,,,,,,,,,,0.003324126831404775,32.655261428417795,32.699690037067235,32.655261428417795,32.699690037067235,25.101551547725244
,,,,,,,,,,,,,,,,,,,,,,,,,,,,0.003344000595675512,32.68595777582202,32.655149329834956,32.68595777582202,32.655149329834956,25.1015668202876
,,,,,,,,,,,,,,,,,,,,,,,,,,,,0.003363898269974399,32.71409966652682,32.676579059113536,32.71409966652682,32.676579059113536,25.101582151147966
,,,,,,,,,,,,,,,,,,,,,,,,,,,,0.0033838413764840152,32.71372990931367,32.670861810837046,32.71372990931367,32.670861810837046,25.10159755675625
,,,,,,,,,,,,,,,,,,,,,,,,,,,,0.003403747999613364,32.73010940892735,32.68613894430504,32.73010940892735,32.68613894430504,25.10161297350963
,,,,,,,,,,,,,,,,,,,,,,,,,,,,0.003423748196962832,32.86677750065539,32.753764809759396,32.86677750065539,32.753764809759396,25.101628501946767
,,,,,,,,,,,,,,,,,,,,,,,,,,,,0.003443781264890125,32.7278263622882,32.763608742853116,32.7278263622882,32.763608742853116,25.101644094940408
,,,,,,,,,,,,,,,,,,,,,,,,,,,,0.0034636915139269527,32.7427129441954,32.77431619035721,32.7427129441954,32.77431619035721,25.10165963068351
,,,,,,,,,,,,,,,,,,,,,,,,,,,,0.0034835790570944963,32.769757796227964,32.811167933297064,32.769757796227964,32.811167933297064,25.10167518652937
,,,,,,,,,,,,,,,,,,,,,,,,,,,,0.0035035009331767166,32.775439280261466,32.81923181057922,32.775439280261466,32.81923181057922,25.101690806799684
,,,,,,,,,,,,,,,,,,,,,,,,,,,,0.0035234120887056197,32.79192707647733,32.82396685233248,32.79192707647733,32.82396685233248,25.101706455897506
,,,,,,,,,,,,,,,,,,,,,,,,,,,,0.0035433467456264848,32.78846985961539,32.8277192931658,32.78846985961539,32.8277192931658,25.101722160401266
,,,,,,,,,,,,,,,,,,,,,,,,,,,,0.0035633382414632002,32.83618095060189,32.80564100279831,32.83618095060189,32.80564100279831,25.10173794645152
,,,,,,,,,,,,,,,,,,,,,,,,,,,,0.0035833127398404263,32.81694839781995,32.855073726706415,32.81694839781995,32.855073726706415,25.101753755517592
,,,,,,,,,,,,,,,,,,,,,,,,,,,,0.0036032193911613437,32.83531274093662,32.871928437238,32.83531274093662,32.871928437238,25.101769546788052
,,,,,,,,,,,,,,,,,,,,,,,,,,,,0.0036232025645911922,32.889144626330236,32.85508454664158,32.889144626330236,32.85508454664158,25.101785434499345
,,,,,,,,,,,,,,,,,,,,,,,,,,,,0.0036431962582202425,32.85806041121138,32.896392622805585,32.85806041121138,32.896392622805585,25.10180136611166
,,,,,,,,,,,,,,,,,,,,,,,,,,,,0.003663199945638314,32.89790581438787,32.865464922294734,32.89790581438787,32.865464922294734,25.10181734094665
,,,,,,,,,,,,,,,,,,,,,,,,,,,,0.0036832302348952066,32.925885279013954,32.89066345332026,32.925885279013954,32.89066345332026,25.101833372060845
,,,,,,,,,,,,,,,,,,,,,,,,,,,,0.00370317108114055,32.92208570678589,32.89626301343268,32.92208570678589,32.89626301343268,25.101849366123627
,,,,,,,,,,,,,,,,,,,,,,,,,,,,0.0037230875822696604,32.94711875983662,33.069758029313824,32.94711875983662,33.069758029313824,25.101865374742957
,,,,,,,,,,,,,,,,,,,,,,,,,,,,0.0037431070177579994,32.96786617114645,32.93668137943762,32.96786617114645,32.93668137943762,25.101881500086076
,,,,,,,,,,,,,,,,,,,,,,,,,,,,0.0037630363726445155,32.97118792198864,32.93819823366943,32.97118792198864,32.93819823366943,25.101897586402547
,,,,,,,,,,,,,,,,,,,,,,,,,,,,0.003782989245397073,32.96452965963203,33.00551698333146,32.96452965963203,33.00551698333146,25.10191372489343
,,,,,,,,,,,,,,,,,,,,,,,,,,,,0.0038029261332454024,32.95943166331234,33.00119239338613,32.95943166331234,33.00119239338613,25.101929883323113
,,,,,,,,,,,,,,,,,,,,,,,,,,,,0.0038228989310492355,33.01953516818181,32.98613806301023,33.01953516818181,32.98613806301023,25.1019461034948
,,,,,,,,,,,,,,,,,,,,,,,,,,,,0.003842828464289758,33.0161423248161,32.986027091761436,33.0161423248161,32.986027091761436,25.101962320805402
,,,,,,,,,,,,,,,,,,,,,,,,,,,,0.0038628722871806337,33.040938340913065,33.00430211536669,33.040938340913065,33.00430211536669,25.101978663350785
,,,,,,,,,,,,,,,,,,,,,,,,,,,,0.003882862236705228,33.01605887074877,33.0495794998334,33.01605887074877,33.0495794998334,25.101994993836573
,,,,,,,,,,,,,,,,,,,,,,,,,,,,0.003902877365604328,33.05513215464976,33.18274474463082,33.05513215464976,33.18274474463082,25.102011376466276
,,,,,,,,,,,,,,,,,,,,,,,,,,,,0.003922835638053025,33.03135291481017,33.07143937039227,33.03135291481017,33.07143937039227,25.102027743746422
,,,,,,,,,,,,,,,,,,,,,,,,,,,,0.003942828895614488,33.074090981189585,33.04420002663934,33.074090981189585,33.04420002663934,25.10204417064982
,,,,,,,,,,,,,,,,,,,,,,,,,,,,0.003962736718287371,33.08602984739808,33.05696927470607,33.08602984739808,33.05696927470607,25.102060557839025
,,,,,,,,,,,,,,,,,,,,,,,,,,,,0.003982784530347105,33.10586932097214,33.07168388330251,33.10586932097214,33.07168388330251,25.10207709071503
,,,,,,,,,,,,,,,,,,,,,,,,,,,,0.004002711731803829,33.110227199926925,33.081717543028205,33.110227199926925,33.081717543028205,25.10209355412121
,,,,,,,,,,,,,,,,,,,,,,,,,,,,0.004022696029189167,33.08533205927979,33.119741941522285,33.08533205927979,33.119741941522285,25.102110094471445
,,,,,,,,,,,,,,,,,,,,,,,,,,,,0.004042757837499303,33.0977063503005,33.129917027381474,33.0977063503005,33.129917027381474,25.102126728700505
,,,,,,,,,,,,,,,,,,,,,,,,,,,,0.004062741161614915,33.14431884182192,33.11072830178218,33.14431884182192,33.11072830178218,25.102143327177014
,,,,,,,,,,,,,,,,,,,,,,,,,,,,0.004082693530517651,33.14195151020471,33.179131730266576,33.14195151020471,33.179131730266576,25.10215992887687
,,,,,,,,,,,,,,,,,,,,,,,,,,,,0.004102701697413501,33.17292297755699,33.13605971752678,33.17292297755699,33.13605971752678,25.10217660580097
,,,,,,,,,,,,,,,,,,,,,,,,,,,,0.004122700549664755,33.13759739576522,33.171882814578204,33.13759739576522,33.171882814578204,25.102193303522945
,,,,,,,,,,,,,,,,,,,,,,,,,,,,0.004142717210239517,33.17430895339052,33.213704357598225,33.17430895339052,33.213704357598225,25.102210044434567
,,,,,,,,,,,,,,,,,,,,,,,,,,,,0.004162674167364512,33.158303784046744,33.19237382131868,33.158303784046744,33.19237382131868,25.102226763350107
,,,,,,,,,,,,,,,,,,,,,,,,,,,,0.004182733770732523,33.16243077591763,33.20155242655777,33.16243077591763,33.20155242655777,25.102243596103385
,,,,,,,,,,,,,,,,,,,,,,,,,,,,0.0042027307153011135,33.22015203618259,33.345221865246714,33.22015203618259,33.345221865246714,25.10226040381421
,,,,,,,,,,,,,,,,,,,,,,,,,,,,0.004222778218780983,33.2159904551197,33.18770133528386,33.2159904551197,33.18770133528386,25.10227728135575
,,,,,,,,,,,,,,,,,,,,,,,,,,,,0.004242819523998694,33.24073740662409,33.21201504496542,33.24073740662409,33.21201504496542,25.102294180758026
,,,,,,,,,,,,,,,,,,,,,,,,,,,,0.0042627414033114056,33.24797327309129,33.212976968330125,33.24797327309129,33.212976968330125,25.102311006022173
,,,,,,,,,,,,,,,,,,,,,,,,,,,,0.0042827282191367525,33.2182413942621,33.25601107019702,33.2182413942621,33.25601107019702,25.102327912510138
,,,,,,,,,,,,,,,,,,,,,,,,,,,,0.004302728323135057,33.252483995550605,33.22045120647567,33.252483995550605,33.22045120647567,25.102344856464693
,,,,,,,,,,,,,,,,,,,,,,,,,,,,0.004322768861019387,33.27865761602479,33.244678931630155,33.27865761602479,33.244678931630155,25.102361860752765
,,,,,,,,,,,,,,,,,,,,,,,,,,,,0.004342757460479204,33.24788550015655,33.28135963181186,33.24788550015655,33.28135963181186,25.10237884673516
,,,,,,,,,,,,,,,,,,,,,,,,,,,,0.004362705626792916,33.31488396126306,33.281334340534336,33.31488396126306,33.281334340534336,25.102395823793803
,,,,,,,,,,,,,,,,,,,,,,,,,,,,0.004382683079643731,33.29766183675533,33.338833649180536,33.29766183675533,33.338833649180536,25.102412851012577
,,,,,,,,,,,,,,,,,,,,,,,,,,,,0.004402741713013431,33.30311119203041,33.34651159353003,33.30311119203041,33.34651159353003,25.102429972601964
,,,,,,,,,,,,,,,,,,,,,,,,,,,,0.004422737686411292,33.341318821679224,33.30709441121815,33.341318821679224,33.30709441121815,25.10244706558669
,,,,,,,,,,,,,,,,,,,,,,,,,,,,0.00444268262375639,33.33392736199457,33.297362584849104,33.33392736199457,33.297362584849104,25.10246413946757
,,,,,,,,,,,,,,,,,,,,,,,,,,,,0.004462674400807945,33.30620305519699,33.33376112331031,33.30620305519699,33.33376112331031,25.10248127779555
,,,,,,,,,,,,,,,,,,,,,,,,,,,,0.004482717714958405,33.32183880606665,33.355966110182905,33.32183880606665,33.355966110182905,25.10249848453583
,,,,,,,,,,,,,,,,,,,,,,,,,,,,0.00450276249571112,33.33703451812013,33.37297033368627,33.33703451812013,33.37297033368627,25.102515716558425
,,,,,,,,,,,,,,,,,,,,,,,,,,,,0.004522699655880514,33.33107990799952,33.36716896076651,33.33107990799952,33.36716896076651,25.102532879671287
,,,,,,,,,,,,,,,,,,,,,,,,,,,,0.004542618990099872,33.33956712156804,33.36784024131396,33.33956712156804,33.36784024131396,25.102550050738564
,,,,,,,,,,,,,,,,,,,,,,,,,,,,0.004562656105785599,33.35189055954816,33.39059373599253,33.35189055954816,33.39059373599253,25.102567346637624
,,,,,,,,,,,,,,,,,,,,,,,,,,,,0.004582637168760997,33.40402482307185,33.36806847517906,33.40402482307185,33.36806847517906,25.10258461722428
,,,,,,,,,,,,,,,,,,,,,,,,,,,,0.004602632460611754,33.36991234921444,33.40227040423975,33.36991234921444,33.40227040423975,25.102601922965608
,,,,,,,,,,,,,,,,,,,,,,,,,,,,0.00462257943953034,33.44485447529422,33.40842965435646,33.44485447529422,33.40842965435646,25.102619209466443
,,,,,,,,,,,,,,,,,,,,,,,,,,,,0.004642532312027321,33.41861587553811,33.39010710054716,33.41861587553811,33.39010710054716,25.102636523460262
,,,,,,,,,,,,,,,,,,,,,,,,,,,,0.0046625735044478886,33.43443063334545,33.404055936117835,33.43443063334545,33.404055936117835,25.10265393641071
,,,,,,,,,,,,,,,,,,,,,,,,,,,,0.004682520816810511,33.42354653285235,33.391371586019666,33.42354653285235,33.391371586019666,25.102671289754312
,,,,,,,,,,,,,,,,,,,,,,,,,,,,0.00470249072568755,33.410796631592085,33.44493064206825,33.410796631592085,33.44493064206825,25.102688684528804
,,,,,,,,,,,,,,,,,,,,,,,,,,,,0.004722447156098874,33.46737049034978,33.43551722830173,33.46737049034978,33.43551722830173,25.102706089138692
,,,,,,,,,,,,,,,,,,,,,,,,,,,,0.004742434097722511,33.43769392675164,33.47221297957323,33.43769392675164,33.47221297957323,25.102723541780932
,,,,,,,,,,,,,,,,,,,,,,,,,,,,0.004762392259398786,33.57641274894947,33.4672882209553,33.57641274894947,33.4672882209553,25.102740990481454
,,,,,,,,,,,,,,,,,,,,,,,,,,,,0.004782440559154276,33.43374451688145,33.46607445918584,33.43374451688145,33.46607445918584,25.10275853910097
,,,,,,,,,,,,,,,,,,,,,,,,,,,,0.004802412019133314,33.48516776487866,33.450291655376056,33.48516776487866,33.450291655376056,25.102776041308097
,,,,,,,,,,,,,,,,,,,,,,,,,,,,0.004822326168885597,33.49101192999423,33.46097191312983,33.49101192999423,33.46097191312983,25.102793513837472
,,,,,,,,,,,,,,,,,,,,,,,,,,,,0.00484235892660544,33.51110281371149,33.48163732151906,33.51110281371149,33.48163732151906,25.10281111093331
,,,,,,,,,,,,,,,,,,,,,,,,,,,,0.004862289922876844,33.510747664816364,33.48143700816578,33.510747664816364,33.48143700816578,25.102828638867766
,,,,,,,,,,,,,,,,,,,,,,,,,,,,0.004882284623545922,33.47678992196756,33.50873382947889,33.47678992196756,33.50873382947889,25.102846242946374
,,,,,,,,,,,,,,,,,,,,,,,,,,,,0.004902267553287116,33.526368223471735,33.48779069547013,33.526368223471735,33.48779069547013,25.102863856602156
,,,,,,,,,,,,,,,,,,,,,,,,,,,,0.004922256640330348,33.48852233239675,33.522910260409134,33.48852233239675,33.522910260409134,25.102881495432293
,,,,,,,,,,,,,,,,,,,,,,,,,,,,0.004942260841952377,33.54289277344447,33.65998163075844,33.54289277344447,33.65998163075844,25.10289916718086
,,,,,,,,,,,,,,,,,,,,,,,,,,,,0.0049622941334926075,33.54120409492474,33.507924472141625,33.54120409492474,33.507924472141625,25.102916884058242
,,,,,,,,,,,,,,,,,,,,,,,,,,,,0.004982309610325458,33.61494658724364,33.54912646270712,33.61494658724364,33.54912646270712,25.102934604409665
,,,,,,,,,,,,,,,,,,,,,,,,,,,,0.005002347415259606,33.51781189026237,33.551079170906775,33.51781189026237,33.551079170906775,25.102952363604143
,,,,,,,,,,,,,,,,,,,,,,,,,,,,0.00502244828008623,33.57873773130901,33.54075432999405,33.57873773130901,33.54075432999405,25.10297019769753
,,,,,,,,,,,,,,,,,,,,,,,,,,,,0.005042433890889798,33.55371416715367,33.58309508351022,33.55371416715367,33.58309508351022,25.10298794823174
,,,,,,,,,,,,,,,,,,,,,,,,,,,,0.005062388436562229,33.53441749950159,33.56823778376867,33.53441749950159,33.56823778376867,25.103005689608267
,,,,,,,,,,,,,,,,,,,,,,,,,,,,0.005082423933645057,33.551530564350486,33.592685755826395,33.551530564350486,33.592685755826395,25.10302352132785
,,,,,,,,,,,,,,,,,,,,,,,,,,,,0.005102462508469889,33.5721287423499,33.606247532510274,33.5721287423499,33.606247532510274,25.1030413740408
,,,,,,,,,,,,,,,,,,,,,,,,,,,,0.005122425561573941,33.64401910358647,33.59577898327569,33.64401910358647,33.59577898327569,25.10305917743066
,,,,,,,,,,,,,,,,,,,,,,,,,,,,0.005142423527478432,33.586539524112396,33.62936350802969,33.586539524112396,33.62936350802969,25.103077029775775
,,,,,,,,,,,,,,,,,,,,,,,,,,,,0.005162435655321085,33.61275320064871,33.57873553608962,33.61275320064871,33.57873553608962,25.103094912446988
,,,,,,,,,,,,,,,,,,,,,,,,,,,,0.005182410298229644,33.591262838057766,33.631622922808276,33.591262838057766,33.631622922808276,25.103112779104883
,,,,,,,,,,,,,,,,,,,,,,,,,,,,0.005202419555573734,33.61896846140767,33.58960903496405,33.61896846140767,33.58960903496405,25.103130694078168
,,,,,,,,,,,,,,,,,,,,,,,,,,,,0.005222406149113499,33.59628956416996,33.62553378555625,33.59628956416996,33.62553378555625,25.103148605962293
,,,,,,,,,,,,,,,,,,,,,,,,,,,,0.005242416767757715,33.62491284984715,33.66937803103688,33.62491284984715,33.66937803103688,25.103166556469244
,,,,,,,,,,,,,,,,,,,,,,,,,,,,0.005262476057050818,33.62926385742303,33.67500180841643,33.62926385742303,33.67500180841643,25.103184567649535
,,,,,,,,,,,,,,,,,,,,,,,,,,,,0.005282470238372788,33.66932308833452,33.62941136390614,33.66932308833452,33.62941136390614,25.1032025371425
,,,,,,,,,,,,,,,,,,,,,,,,,,,,0.005302424541407312,33.64878669635842,33.61684667973333,33.64878669635842,33.61684667973333,25.103220487317294
,,,,,,,,,,,,,,,,,,,,,,,,,,,,0.005322453060090696,33.67347714040626,33.63837164610727,33.67347714040626,33.63837164610727,25.10323852071376
,,,,,,,,,,,,,,,,,,,,,,,,,,,,0.005342484313502624,33.7258199515359,33.6641400081188,33.7258199515359,33.6641400081188,25.10325657289198
,,,,,,,,,,,,,,,,,,,,,,,,,,,,0.005362467150278187,33.68292359523513,33.801549509969846,33.68292359523513,33.801549509969846,25.103274597535655
,,,,,,,,,,,,,,,,,,,,,,,,,,,,0.005382500099248422,33.678011005759984,33.65107296452005,33.678011005759984,33.65107296452005,25.103292683383955
,,,,,,,,,,,,,,,,,,,,,,,,,,,,0.005402491838639249,33.65307998080089,33.68536826291789,33.65307998080089,33.68536826291789,25.103310747855986
,,,,,,,,,,,,,,,,,,,,,,,,,,,,0.005422510832614505,33.67109539502132,33.71542276004416,33.67109539502132,33.71542276004416,25.10332885265592
,,,,,,,,,,,,,,,,,,,,,,,,,,,,0.005442461658477066,33.66024847715389,33.69824699828321,33.66024847715389,33.69824699828321,25.103346911283822
,,,,,,,,,,,,,,,,,,,,,,,,,,,,0.005462486264669484,33.68162591222678,33.72446132241262,33.68162591222678,33.72446132241262,25.103365052074505
,,,,,,,,,,,,,,,,,,,,,,,,,,,,0.005482509389985035,33.701401242216015,33.66719031103666,33.701401242216015,33.66719031103666,25.103383206811092
,,,,,,,,,,,,,,,,,,,,,,,,,,,,0.005502487934717543,33.67652142200786,33.71392863313285,33.67652142200786,33.71392863313285,25.10340133622721
,,,,,,,,,,,,,,,,,,,,,,,,,,,,0.005522483819553911,33.71340672887965,33.68275190482849,33.71340672887965,33.68275190482849,25.103419496355315
,,,,,,,,,,,,,,,,,,,,,,,,,,,,0.005542512024534995,33.734167309339384,33.70147661385045,33.734167309339384,33.70147661385045,25.103437700716306
,,,,,,,,,,,,,,,,,,,,,,,,,,,,0.005562494300688294,33.708256283528115,33.751136586652116,33.708256283528115,33.751136586652116,25.10345587804241
,,,,,,,,,,,,,,,,,,,,,,,,,,,,0.005582503952406084,33.7353071485834,33.70258772895324,33.7353071485834,33.70258772895324,25.103474094857702
,,,,,,,,,,,,,,,,,,,,,,,,,,,,0.005602565048019335,33.73604637707845,33.70741298837487,33.73604637707845,33.70741298837487,25.10349237305051
,,,,,,,,,,,,,,,,,,,,,,,,,,,,0.005622579001476264,33.77971314165531,33.73948672843922,33.77971314165531,33.73948672843922,25.103510622689825
,,,,,,,,,,,,,,,,,,,,,,,,,,,,0.0056425998325219315,33.72266206088736,33.755874186312546,33.72266206088736,33.755874186312546,25.103528892865718
,,,,,,,,,,,,,,,,,,,,,,,,,,,,0.005662600261973799,33.7494015085066,33.71489518058233,33.7494015085066,33.71489518058233,25.103547158540046
,,,,,,,,,,,,,,,,,,,,,,,,,,,,0.005682642092386366,33.768956401022145,33.73187421926511,33.768956401022145,33.73187421926511,25.103565476076486
,,,,,,,,,,,,,,,,,,,,,,,,,,,,0.005702643078369022,33.72940164093073,33.75909867218678,33.72940164093073,33.75909867218678,25.103583770184212
,,,,,,,,,,,,,,,,,,,,,,,,,,,,0.005722612858015928,33.78206738726963,33.74066654833604,33.78206738726963,33.74066654833604,25.10360204945084
,,,,,,,,,,,,,,,,,,,,,,,,,,,,0.0057426280273284915,33.90432955404225,33.78588675922632,33.90432955404225,33.78588675922632,25.103620383890394
,,,,,,,,,,,,,,,,,,,,,,,,,,,,0.005762628184289446,33.76618422912351,33.80533237813501,33.76618422912351,33.80533237813501,25.103638718034823
,,,,,,,,,,,,,,,,,,,,,,,,,,,,0.0057826127446775795,33.81138949449779,33.773802420192425,33.81138949449779,33.773802420192425,25.103657051185454
,,,,,,,,,,,,,,,,,,,,,,,,,,,,0.005802673032507778,33.81401818111583,33.77236276030006,33.81401818111583,33.77236276030006,25.1036754670714
,,,,,,,,,,,,,,,,,,,,,,,,,,,,0.005822616212809855,33.799258294394654,33.763277028267076,33.799258294394654,33.763277028267076,25.103693788468117
,,,,,,,,,,,,,,,,,,,,,,,,,,,,0.005842598308008941,33.76808380399507,33.80456937821132,33.76808380399507,33.80456937821132,25.103712158499018
,,,,,,,,,,,,,,,,,,,,,,,,,,,,0.005862588148973456,33.81322530487961,33.773755447871785,33.81322530487961,33.773755447871785,25.10373054845346
,,,,,,,,,,,,,,,,,,,,,,,,,,,,0.005882580543463828,33.77763259175782,33.811103396919144,33.77763259175782,33.811103396919144,25.10374895346062
,,,,,,,,,,,,,,,,,,,,,,,,,,,,0.00590262725027369,33.78707865956353,33.82379125460827,33.78707865956353,33.82379125460827,25.103767421132154
,,,,,,,,,,,,,,,,,,,,,,,,,,,,0.0059226923665313055,33.7898696194963,33.81827967782798,33.7898696194963,33.81827967782798,25.103785918355054
,,,,,,,,,,,,,,,,,,,,,,,,,,,,0.005942673293378841,33.82815461237628,33.79574451473699,33.82815461237628,33.79574451473699,25.10380435033483
,,,,,,,,,,,,,,,,,,,,,,,,,,,,0.005962633367353962,33.814050163417164,33.849976949439814,33.814050163417164,33.849976949439814,25.10382277528713
,,,,,,,,,,,,,,,,,,,,,,,,,,,,0.005982647594945403,33.84086476211115,33.799631852672896,33.84086476211115,33.799631852672896,25.10384126236939
,,,,,,,,,,,,,,,,,,,,,,,,,,,,0.006002605250208616,33.82257702997716,33.85524685048559,33.82257702997716,33.85524685048559,25.103859709190452
,,,,,,,,,,,,,,,,,,,,,,,,,,,,0.006022606837372594,33.85628953053781,33.8161073633477,33.85628953053781,33.8161073633477,25.10387820850306
,,,,,,,,,,,,,,,,,,,,,,,,,,,,0.006042608710187359,33.80929557514818,33.84630645026633,33.80929557514818,33.84630645026633,25.10389671984711
,,,,,,,,,,,,,,,,,,,,,,,,,,,,0.006062663396444083,33.82100237031901,33.85508615529355,33.82100237031901,33.85508615529355,25.10391529178257
,,,,,,,,,,,,,,,,,,,,,,,,,,,,0.006082660597628112,33.849601013846915,33.822179326681685,33.849601013846915,33.822179326681685,25.103933822069465
,,,,,,,,,,,,,,,,,,,,,,,,,,,,0.006102693748902517,33.87264383312726,33.83349851111079,33.87264383312726,33.83349851111079,25.103952397199773
,,,,,,,,,,,,,,,,,,,,,,,,,,,,0.006122686479588497,33.83191437881052,33.86858567532997,33.83191437881052,33.86858567532997,25.103970946232582
,,,,,,,,,,,,,,,,,,,,,,,,,,,,0.006142675443725023,33.86665403484087,33.838380116778104,33.86665403484087,33.838380116778104,25.103989503022703
,,,,,,,,,,,,,,,,,,,,,,,,,,,,0.006162609487940768,33.85978074115779,33.82555899892679,33.85978074115779,33.82555899892679,25.104008019925686
,,,,,,,,,,,,,,,,,,,,,,,,,,,,0.006182588583779688,33.830076897279355,33.86911844608673,33.830076897279355,33.86911844608673,25.104026589688157
,,,,,,,,,,,,,,,,,,,,,,,,,,,,0.006202626437346714,33.84728665880996,33.88618380952752,33.84728665880996,33.88618380952752,25.104045225014584
,,,,,,,,,,,,,,,,,,,,,,,,,,,,0.006222623466749401,33.885285473578314,33.85066860243808,33.885285473578314,33.85066860243808,25.104063833195887
,,,,,,,,,,,,,,,,,,,,,,,,,,,,0.006242676461484877,33.88479812175436,33.86015337155294,33.88479812175436,33.86015337155294,25.104082504208794
,,,,,,,,,,,,,,,,,,,,,,,,,,,,0.0062627386451240075,33.89268123874854,33.863459689415954,33.89268123874854,33.863459689415954,25.104101194447804
,,,,,,,,,,,,,,,,,,,,,,,,,,,,0.006282730300792231,33.854002331617224,33.890504594341394,33.854002331617224,33.890504594341394,25.104119829500018
,,,,,,,,,,,,,,,,,,,,,,,,,,,,0.006302713100106065,33.89532645058904,33.86232933512772,33.89532645058904,33.86232933512772,25.104138466690546
,,,,,,,,,,,,,,,,,,,,,,,,,,,,0.006322673074053611,33.88842266267499,33.91977302874022,33.88842266267499,33.91977302874022,25.104157092847693
,,,,,,,,,,,,,,,,,,,,,,,,,,,,0.0063426248525852175,33.86378002288181,33.89680333324862,33.86378002288181,33.89680333324862,25.104175721511115
,,,,,,,,,,,,,,,,,,,,,,,,,,,,0.006362633946143015,33.891585686871565,33.930096262489414,33.891585686871565,33.930096262489414,25.104194413781606
,,,,,,,,,,,,,,,,,,,,,,,,,,,,0.006382602716808824,33.98109151414585,33.91437993118879,33.98109151414585,33.91437993118879,25.104213078356516
,,,,,,,,,,,,,,,,,,,,,,,,,,,,0.0064025565656562295,33.921607209814425,33.88197408475442,33.921607209814425,33.88197408475442,25.10423173884332
,,,,,,,,,,,,,,,,,,,,,,,,,,,,0.00642249956143627,33.911754952349774,33.97138851259,33.911754952349774,33.97138851259,25.104250398935818
,,,,,,,,,,,,,,,,,,,,,,,,,,,,0.00644248556574205,33.97356190610936,33.91834397826196,33.97356190610936,33.91834397826196,25.104269108973856
,,,,,,,,,,,,,,,,,,,,,,,,,,,,0.006462520580945494,33.89103499960676,33.926195303526235,33.89103499960676,33.926195303526235,25.104287874573757
,,,,,,,,,,,,,,,,,,,,,,,,,,,,0.0064825045320091815,33.93312048616432,33.89915079407891,33.93312048616432,33.89915079407891,25.10430660193581
,,,,,,,,,,,,,,,,,,,,,,,,,,,,0.0065024833931265165,33.909519573280484,33.94301376974751,33.909519573280484,33.94301376974751,25.104325334042624
,,,,,,,,,,,,,,,,,,,,,,,,,,,,0.00652247570127616,33.9417326446241,33.90821114285193,33.9417326446241,33.90821114285193,25.104344088188295
,,,,,,,,,,,,,,,,,,,,,,,,,,,,0.006542537570790115,33.94185513203095,33.9033276097127,33.94185513203095,33.9033276097127,25.104362916971162
,,,,,,,,,,,,,,,,,,,,,,,,,,,,0.006562529247691082,33.90448657593667,33.93832569795656,33.90448657593667,33.93832569795656,25.104381689133525
,,,,,,,,,,,,,,,,,,,,,,,,,,,,0.006582536165860344,33.94167632144302,33.98020265781907,33.94167632144302,33.98020265781907,25.104400484782136
,,,,,,,,,,,,,,,,,,,,,,,,,,,,0.006602562317714678,33.95450086879939,33.92487133194174,33.95450086879939,33.92487133194174,25.10441930761261
,,,,,,,,,,,,,,,,,,,,,,,,,,,,0.006622553496568363,33.9200149786375,33.953472104804746,33.9200149786375,33.953472104804746,25.104438106565873
,,,,,,,,,,,,,,,,,,,,,,,,,,,,0.006642501376855355,33.97714457943049,33.95154480042364,33.97714457943049,33.95154480042364,25.104456873669346
,,,,,,,,,,,,,,,,,,,,,,,,,,,,0.006662514817294886,33.93332140121276,33.96703398114867,33.93332140121276,33.96703398114867,25.104475711282586
,,,,,,,,,,,,,,,,,,,,,,,,,,,,0.006682506347982177,33.963882797225885,33.929774883228724,33.963882797225885,33.929774883228724,25.104494537046293
,,,,,,,,,,,,,,,,,,,,,,,,,,,,0.0067024378662976876,33.98086986578059,34.09371805263465,33.98086986578059,34.09371805263465,25.104513314938263
,,,,,,,,,,,,,,,,,,,,,,,,,,,,0.006722460487915356,33.983979973678935,33.952150708499225,33.983979973678935,33.952150708499225,25.104532187257117
,,,,,,,,,,,,,,,,,,,,,,,,,,,,0.006742450113466496,33.9467935872822,33.98241317047768,33.9467935872822,33.98241317047768,25.104551036969603
,,,,,,,,,,,,,,,,,,,,,,,,,,,,0.0067624987355435085,33.95864031065961,33.99021453705676,33.95864031065961,33.99021453705676,25.104569950761363
,,,,,,,,,,,,,,,,,,,,,,,,,,,,0.00678249773506657,33.98662522797113,33.952502694922025,33.98662522797113,33.952502694922025,25.10458882608975
,,,,,,,,,,,,,,,,,,,,,,,,,,,,0.006802550673928804,33.99134396708933,33.95640145564155,33.99134396708933,33.95640145564155,25.10460776064405
,,,,,,,,,,,,,,,,,,,,,,,,,,,,0.0068225393745020135,33.96329004036981,33.99474455865553,33.96329004036981,33.99474455865553,25.10462664276934
,,,,,,,,,,,,,,,,,,,,,,,,,,,,0.006842537744727922,33.987741038891016,33.95201146502742,33.987741038891016,33.95201146502742,25.10464554216111
,,,,,,,,,,,,,,,,,,,,,,,,,,,,0.006862535992733413,33.95012996112723,33.979419358387865,33.95012996112723,33.979419358387865,25.10466444950346
,,,,,,,,,,,,,,,,,,,,,,,,,,,,0.006882569805897908,33.96116393843459,34.00056604723544,33.96116393843459,34.00056604723544,25.104683398485324
,,,,,,,,,,,,,,,,,,,,,,,,,,,,0.0069025654568099755,33.996383416585616,33.961785578781765,33.996383416585616,33.961785578781765,25.104702319287885
,,,,,,,,,,,,,,,,,,,,,,,,,,,,0.006922540550097448,33.96979089966318,34.01050797219099,33.96979089966318,34.01050797219099,25.104721228444976
,,,,,,,,,,,,,,,,,,,,,,,,,,,,0.0069425283542561295,34.00975720866434,33.97728402747356,34.00975720866434,33.97728402747356,25.104740157375584
,,,,,,,,,,,,,,,,,,,,,,,,,,,,0.006962572363189602,34.01827951039556,33.984376924702914,34.01827951039556,33.984376924702914,25.104759147249762
,,,,,,,,,,,,,,,,,,,,,,,,,,,,0.006982551928205602,33.98786841776332,34.02464886192351,33.98786841776332,34.02464886192351,25.10477808370878
,,,,,,,,,,,,,,,,,,,,,,,,,,,,0.007002566087568723,34.01057367432499,33.97726968345252,34.01057367432499,33.97726968345252,25.10479706051611
,,,,,,,,,,,,,,,,,,,,,,,,,,,,0.007022575913520944,34.06864784243293,34.01621494184232,34.06864784243293,34.01621494184232,25.10481604072598
,,,,,,,,,,,,,,,,,,,,,,,,,,,,0.007042523509726453,34.02438893690241,33.98935000256866,34.02438893690241,33.98935000256866,25.104834969330156
,,,,,,,,,,,,,,,,,,,,,,,,,,,,0.007062516450739842,33.98924896262653,34.02184880473454,33.98924896262653,34.02184880473454,25.10485394833816
,,,,,,,,,,,,,,,,,,,,,,,,,,,,0.007082497087092244,34.03055181219947,33.9989674903555,34.03055181219947,33.9989674903555,25.104872922944068
,,,,,,,,,,,,,,,,,,,,,,,,,,,,0.007102451470953606,34.022694942966424,34.05392326002668,34.022694942966424,34.05392326002668,25.104891879787996
,,,,,,,,,,,,,,,,,,,,,,,,,,,,0.007122471769218579,34.03218706593603,33.99324838538714,34.03218706593603,33.99324838538714,25.104910906386646
,,,,,,,,,,,,,,,,,,,,,,,,,,,,0.00714238687498637,34.0358864974025,33.99588547033605,34.0358864974025,33.99588547033605,25.104929840049746
,,,,,,,,,,,,,,,,,,,,,,,,,,,,0.007162417254429559,34.05389793294153,34.01712837091192,34.05389793294153,34.01712837091192,25.104948890337337
,,,,,,,,,,,,,,,,,,,,,,,,,,,,0.007182435407222623,34.005035679270264,34.035799313665144,34.005035679270264,34.035799313665144,25.104967935969846
,,,,,,,,,,,,,,,,,,,,,,,,,,,,0.0072024911462872186,34.01073928379563,34.03871411837137,34.01073928379563,34.03871411837137,25.104987024280916
,,,,,,,,,,,,,,,,,,,,,,,,,,,,0.007222467335545713,34.04971500174657,34.01438557865103,34.04971500174657,34.01438557865103,25.105006043710958
,,,,,,,,,,,,,,,,,,,,,,,,,,,,0.0072424633414189185,34.00862133045796,34.04017414064604,34.00862133045796,34.04017414064604,25.105025088776458
,,,,,,,,,,,,,,,,,,,,,,,,,,,,0.007262470662984102,34.045922688689224,34.09820186502632,34.045922688689224,34.09820186502632,25.105044151324883
,,,,,,,,,,,,,,,,,,,,,,,,,,,,0.0072824610555950135,34.087130586108096,34.04163593589781,34.087130586108096,34.04163593589781,25.10506320436456
,,,,,,,,,,,,,,,,,,,,,,,,,,,,0.007302478187402438,34.02161462054076,34.05699472826047,34.02161462054076,34.05699472826047,25.105082289444557
,,,,,,,,,,,,,,,,,,,,,,,,,,,,0.007322421742529935,34.18327321461496,34.06997711156512,34.18327321461496,34.06997711156512,25.105101310832136
,,,,,,,,,,,,,,,,,,,,,,,,,,,,0.007342456981524663,34.02572215399036,34.06113377054752,34.02572215399036,34.06113377054752,25.105120426091933
,,,,,,,,,,,,,,,,,,,,,,,,,,,,0.007362468112824689,34.06623600510683,34.154326404402056,34.06623600510683,34.154326404402056,25.105139524721274
,,,,,,,,,,,,,,,,,,,,,,,,,,,,0.007382435156277607,34.02488048331037,34.05775743931343,34.02488048331037,34.05775743931343,25.105158587561228
,,,,,,,,,,,,,,,,,,,,,,,,,,,,0.007402384072909187,34.0906118383523,34.04895568288702,34.0906118383523,34.04895568288702,25.105177639288613
,,,,,,,,,,,,,,,,,,,,,,,,,,,,0.0074223937753312985,34.0424014027556,34.06966151595962,34.0424014027556,34.06966151595962,25.105196755235895
,,,,,,,,,,,,,,,,,,,,,,,,,,,,0.007442380844757701,34.070251257379816,34.036004495358235,34.070251257379816,34.036004495358235,25.10521585569079
,,,,,,,,,,,,,,,,,,,,,,,,,,,,0.007462369655162389,34.04073975267203,34.069745741888326,34.04073975267203,34.069745741888326,25.10523496388048
,,,,,,,,,,,,,,,,,,,,,,,,,,,,0.007482384935382641,34.071747237230845,34.11291203898001,34.071747237230845,34.11291203898001,25.10525410342129
,,,,,,,,,,,,,,,,,,,,,,,,,,,,0.007502409689951833,34.08174455816629,34.04670551588222,34.08174455816629,34.04670551588222,25.105273258032252
,,,,,,,,,,,,,,,,,,,,,,,,,,,,0.007522401575783164,34.049385308995056,34.07994777822598,34.049385308995056,34.07994777822598,25.105292387139055
,,,,,,,,,,,,,,,,,,,,,,,,,,,,0.007542427631737879,34.069804871941685,34.10322258314969,34.069804871941685,34.10322258314969,25.105311554819703
,,,,,,,,,,,,,,,,,,,,,,,,,,,,0.007562401365494263,34.1150014688985,34.06876063026878,34.1150014688985,34.06876063026878,25.10533067820588
,,,,,,,,,,,,,,,,,,,,,,,,,,,,0.007582382263853426,34.080440686234226,34.1299545850329,34.080440686234226,34.1299545850329,25.105349814184073
,,,,,,,,,,,,,,,,,,,,,,,,,,,,0.007602445620026123,34.07920309091299,34.12510845290374,34.07920309091299,34.12510845290374,25.105369034853943
,,,,,,,,,,,,,,,,,,,,,,,,,,,,0.007622450565131806,34.10658393680401,34.07320091755229,34.10658393680401,34.07320091755229,25.105388205209525
,,,,,,,,,,,,,,,,,,,,,,,,,,,,0.007642463061336749,34.05498345508662,34.09183394047393,34.05498345508662,34.09183394047393,25.105407388407446
,,,,,,,,,,,,,,,,,,,,,,,,,,,,0.007662506112771403,34.072648650139406,34.10424913274818,34.072648650139406,34.10424913274818,25.105426606478414
,,,,,,,,,,,,,,,,,,,,,,,,,,,,0.0076824818367681,34.112881610883186,34.0750688806567,34.112881610883186,34.0750688806567,25.105445765499606
,,,,,,,,,,,,,,,,,,,,,,,,,,,,0.007702543890189719,34.113059761467184,34.077241937077844,34.113059761467184,34.077241937077844,25.105465012803798
,,,,,,,,,,,,,,,,,,,,,,,,,,,,0.007722551312116229,34.06129432371687,34.09699963970161,34.06129432371687,34.09699963970161,25.105484213101015
,,,,,,,,,,,,,,,,,,,,,,,,,,,,0.007742536205869487,34.09998151540168,34.064894430435,34.09998151540168,34.064894430435,25.1055033971077
,,,,,,,,,,,,,,,,,,,,,,,,,,,,0.0077625500488753855,34.142304654727276,34.0951927848341,34.142304654727276,34.0951927848341,25.105522614220913
,,,,,,,,,,,,,,,,,,,,,,,,,,,,0.007782509792567954,34.100342801552266,34.06484590587128,34.100342801552266,34.06484590587128,25.105541784649734
,,,,,,,,,,,,,,,,,,,,,,,,,,,,0.007802493305750388,34.073852211211126,34.105071888073674,34.073852211211126,34.105071888073674,25.10556098314645
,,,,,,,,,,,,,,,,,,,,,,,,,,,,0.00782253020386705,34.0859460768014,34.120293361088905,34.0859460768014,34.120293361088905,25.105580238151262
,,,,,,,,,,,,,,,,,,,,,,,,,,,,0.007842476817947617,34.06576480602505,34.09962109113242,34.06576480602505,34.09962109113242,25.10559941154372
,,,,,,,,,,,,,,,,,,,,,,,,,,,,0.00786248254269882,34.09672828907956,34.137614352145285,34.09672828907956,34.137614352145285,25.105618646866766
,,,,,,,,,,,,,,,,,,,,,,,,,,,,0.007882471918821531,34.13458664933934,34.09917403295605,34.13458664933934,34.09917403295605,25.105637871515572
,,,,,,,,,,,,,,,,,,,,,,,,,,,,0.007902445283502217,34.11179317973175,34.1582934855218,34.11179317973175,34.1582934855218,25.10565708575388
,,,,,,,,,,,,,,,,,,,,,,,,,,,,0.007922405745440854,34.083481753372844,34.11805598623366,34.083481753372844,34.11805598623366,25.105676292517977
,,,,,,,,,,,,,,,,,,,,,,,,,,,,0.007942448478733457,34.091162657257044,34.13199611171655,34.091162657257044,34.13199611171655,25.10569558336418
,,,,,,,,,,,,,,,,,,,,,,,,,,,,0.007962438898875018,34.13075524409843,34.09344291021636,34.13075524409843,34.09344291021636,25.105714828731536
,,,,,,,,,,,,,,,,,,,,,,,,,,,,0.007982436513374987,34.08732056529502,34.119729775436355,34.08732056529502,34.119729775436355,25.105734085858828
,,,,,,,,,,,,,,,,,,,,,,,,,,,,0.008002412784628016,34.12983622114221,34.09658343948572,34.12983622114221,34.09658343948572,25.105753327219137
,,,,,,,,,,,,,,,,,,,,,,,,,,,,0.008022400233399346,34.09968543929883,34.13030328816817,34.09968543929883,34.13030328816817,25.10577258406658
,,,,,,,,,,,,,,,,,,,,,,,,,,,,0.008042422942156664,34.11852176151594,34.15703516169133,34.11852176151594,34.15703516169133,25.1057918795981
,,,,,,,,,,,,,,,,,,,,,,,,,,,,0.008062493859546707,34.11065258719339,34.149862175057564,34.11065258719339,34.149862175057564,25.10581122629014
,,,,,,,,,,,,,,,,,,,,,,,,,,,,0.008082546181750258,34.11449241523547,34.15346917705133,34.11449241523547,34.15346917705133,25.1058305596882
,,,,,,,,,,,,,,,,,,,,,,,,,,,,0.00810248162269259,34.11092356146803,34.13682829011217,34.11092356146803,34.13682829011217,25.105849784925738
,,,,,,,,,,,,,,,,,,,,,,,,,,,,0.008122475711179302,34.14043677719759,34.10537639132367,34.14043677719759,34.10537639132367,25.105869071207906
,,,,,,,,,,,,,,,,,,,,,,,,,,,,0.00814246199913759,34.10674915484758,34.1376540781802,34.10674915484758,34.1376540781802,25.105888354399386
,,,,,,,,,,,,,,,,,,,,,,,,,,,,0.008162450688770178,34.13504388828062,34.10243010807739,34.13504388828062,34.10243010807739,25.10590764434522
,,,,,,,,,,,,,,,,,,,,,,,,,,,,0.008182497193079378,34.14669150992617,34.11148352382315,34.14669150992617,34.11148352382315,25.105926994544614
,,,,,,,,,,,,,,,,,,,,,,,,,,,,0.008202459379961962,34.124384799975765,34.16343277208209,34.124384799975765,34.16343277208209,25.105946267753293
,,,,,,,,,,,,,,,,,,,,,,,,,,,,0.008222539207109148,34.1194780845478,34.15051421968641,34.1194780845478,34.15051421968641,25.105965658907675
,,,,,,,,,,,,,,,,,,,,,,,,,,,,0.008242538955223639,34.14459852216958,34.11054642036601,34.14459852216958,34.11054642036601,25.105984977001196
,,,,,,,,,,,,,,,,,,,,,,,,,,,,0.008262549024972537,34.18706167007164,34.13783320239116,34.18706167007164,34.13783320239116,25.10600430927661
,,,,,,,,,,,,,,,,,,,,,,,,,,,,0.008282499307012593,34.15458637310928,34.11745963320215,34.15458637310928,34.11745963320215,25.10602358793305
,,,,,,,,,,,,,,,,,,,,,,,,,,,,0.008302496013660881,34.11576090434268,34.14558773200193,34.11576090434268,34.14558773200193,25.106042915580332
,,,,,,,,,,,,,,,,,,,,,,,,,,,,0.00832254626996627,34.120274486415205,34.15066004803393,34.120274486415205,34.15066004803393,25.10606229912308
,,,,,,,,,,,,,,,,,,,,,,,,,,,,0.008342577215267667,34.13671226798078,34.168276593603274,34.13671226798078,34.168276593603274,25.10608166810585
,,,,,,,,,,,,,,,,,,,,,,,,,,,,0.008362595065178164,34.15277721030579,34.11649313925974,34.15277721030579,34.11649313925974,25.106101028492372
,,,,,,,,,,,,,,,,,,,,,,,,,,,,0.008382578853434948,34.121037720304315,34.15508043052561,34.121037720304315,34.15508043052561,25.10612035992409
,,,,,,,,,,,,,,,,,,,,,,,,,,,,0.008402587099166879,34.1670372941449,34.23290747908453,34.1670372941449,34.23290747908453,25.106139718979318
,,,,,,,,,,,,,,,,,,,,,,,,,,,,0.008422626915840403,34.160243856657125,34.12094780763138,34.160243856657125,34.12094780763138,25.106159112519425
,,,,,,,,,,,,,,,,,,,,,,,,,,,,0.00844261109112689,34.13027397055665,34.15984095030805,34.13027397055665,34.15984095030805,25.106178456108587
,,,,,,,,,,,,,,,,,,,,,,,,,,,,0.008462686286739901,34.29224490389034,34.1653977575616,34.29224490389034,34.1653977575616,25.10619789170968
,,,,,,,,,,,,,,,,,,,,,,,,,,,,0.008482687517836679,34.153179145465195,34.18817763136785,34.153179145465195,34.18817763136785,25.10621725953668
,,,,,,,,,,,,,,,,,,,,,,,,,,,,0.008502634208029927,34.13887785049019,34.16533265084869,34.13887785049019,34.16533265084869,25.10623657833115
,,,,,,,,,,,,,,,,,,,,,,,,,,,,0.008522665131062456,34.14928175870836,34.188849541647755,34.14928175870836,34.188849541647755,25.106255982487323
,,,,,,,,,,,,,,,,,,,,,,,,,,,,0.008542670052687192,34.17849887445072,34.147078486072715,34.17849887445072,34.147078486072715,25.106275365194442
,,,,,,,,,,,,,,,,,,,,,,,,,,,,0.008562676186229742,34.12965541788223,34.16639582439725,34.12965541788223,34.16639582439725,25.106294752770605
,,,,,,,,,,,,,,,,,,,,,,,,,,,,0.008582658896027768,34.16878879298702,34.13540396391414,34.16878879298702,34.13540396391414,25.106314121299157
,,,,,,,,,,,,,,,,,,,,,,,,,,,,0.00860268626817427,34.185791395904594,34.15418915211253,34.185791395904594,34.15418915211253,25.10633353678805
,,,,,,,,,,,,,,,,,,,,,,,,,,,,0.008622675809764696,34.15566162255338,34.18890346057196,34.15566162255338,34.18890346057196,25.10635291921755
,,,,,,,,,,,,,,,,,,,,,,,,,,,,0.008642744634875667,34.145154020119726,34.180252059705175,34.145154020119726,34.180252059705175,25.1063723821035
,,,,,,,,,,,,,,,,,,,,,,,,,,,,0.008662746334737752,34.17610725282194,34.14681513596434,34.17610725282194,34.14681513596434,25.1063917834331
,,,,,,,,,,,,,,,,,,,,,,,,,,,,0.008682725080899458,34.146834894385584,34.18157972397013,34.146834894385584,34.18157972397013,25.106411166009256
,,,,,,,,,,,,,,,,,,,,,,,,,,,,0.008702770434851483,34.15726032608739,34.19246922019712,34.15726032608739,34.19246922019712,25.106430616694674
,,,,,,,,,,,,,,,,,,,,,,,,,,,,0.008722774570152522,34.18277293853584,34.142763099544624,34.18277293853584,34.142763099544624,25.106450030853523
,,,,,,,,,,,,,,,,,,,,,,,,,,,,0.008742775520131685,34.31173133753712,34.19497740904204,34.31173133753712,34.19497740904204,25.10646944535489
,,,,,,,,,,,,,,,,,,,,,,,,,,,,0.00876279201190126,34.16188690632886,34.20084776498769,34.16188690632886,34.20084776498769,25.106488878328967
,,,,,,,,,,,,,,,,,,,,,,,,,,,,0.00878278376532958,34.19338222491877,34.162519930901155,34.19338222491877,34.162519930901155,25.10650829061953
,,,,,,,,,,,,,,,,,,,,,,,,,,,,0.008802715579147575,34.18402566770326,34.14783602476175,34.18402566770326,34.14783602476175,25.10652764797578
,,,,,,,,,,,,,,,,,,,,,,,,,,,,0.008822736194270478,34.20915459917731,34.171722185298535,34.20915459917731,34.171722185298535,25.10654709481896
,,,,,,,,,,,,,,,,,,,,,,,,,,,,0.008842733794302848,34.16399349295999,34.19540195635952,34.16399349295999,34.19540195635952,25.106566522494663
,,,,,,,,,,,,,,,,,,,,,,,,,,,,0.008862706990677354,34.21133215571497,34.170896465120215,34.21133215571497,34.170896465120215,25.10658592960142
,,,,,,,,,,,,,,,,,,,,,,,,,,,,0.008882728727762038,34.15527016732665,34.18775285074417,34.15527016732665,34.18775285074417,25.10660538699827
,,,,,,,,,,,,,,,,,,,,,,,,,,,,0.008902754512807894,34.1767303106488,34.21521944891802,34.1767303106488,34.21521944891802,25.106624851468368
,,,,,,,,,,,,,,,,,,,,,,,,,,,,0.008922761984751325,34.19587427242672,34.168826839564055,34.19587427242672,34.168826839564055,25.106644301273043
,,,,,,,,,,,,,,,,,,,,,,,,,,,,0.008942771319926358,34.151797026961695,34.18842958926819,34.151797026961695,34.18842958926819,25.106663755996617
,,,,,,,,,,,,,,,,,,,,,,,,,,,,0.008962809685043661,34.162330023984424,34.199863185468985,34.162330023984424,34.199863185468985,25.10668324204428
,,,,,,,,,,,,,,,,,,,,,,,,,,,,0.008982745240814312,34.32572607805921,34.209522289701646,34.32572607805921,34.209522289701646,25.106702631154697
,,,,,,,,,,,,,,,,,,,,,,,,,,,,0.009002775860441768,34.172818367277046,34.20331727519762,34.172818367277046,34.20331727519762,25.106722115756565
,,,,,,,,,,,,,,,,,,,,,,,,,,,,0.009022794230095107,34.20190558884408,34.263284491512124,34.20190558884408,34.263284491512124,25.106741591448866
,,,,,,,,,,,,,,,,,,,,,,,,,,,,0.009042785719190732,34.23460020540737,34.19216864901834,34.23460020540737,34.19216864901834,25.106761043980228
,,,,,,,,,,,,,,,,,,,,,,,,,,,,0.009062804787548968,34.1739658053583,34.2126576816953,34.1739658053583,34.2126576816953,25.10678052634
,,,,,,,,,,,,,,,,,,,,,,,,,,,,0.009082730179335129,34.169483095617345,34.20322695831176,34.169483095617345,34.20322695831176,25.106799920483745
,,,,,,,,,,,,,,,,,,,,,,,,,,,,0.009102756691684782,34.189726086735355,34.220938671823745,34.189726086735355,34.220938671823745,25.106819415971106
,,,,,,,,,,,,,,,,,,,,,,,,,,,,0.009122772329382514,34.204407645981284,34.1757579867561,34.204407645981284,34.1757579867561,25.10683890374052
,,,,,,,,,,,,,,,,,,,,,,,,,,,,0.009142819943240739,34.211642622590695,34.17602076601146,34.211642622590695,34.17602076601146,25.106858425496693
,,,,,,,,,,,,,,,,,,,,,,,,,,,,0.00916276545051934,34.20181210116858,34.25363034251013,34.20181210116858,34.25363034251013,25.106877850636213
,,,,,,,,,,,,,,,,,,,,,,,,,,,,0.009182774495018644,34.2259878980219,34.19474512733402,34.2259878980219,34.19474512733402,25.10689734044215
,,,,,,,,,,,,,,,,,,,,,,,,,,,,0.009202847726271989,34.21225055854866,34.18235462065019,34.21225055854866,34.18235462065019,25.106916895551752
,,,,,,,,,,,,,,,,,,,,,,,,,,,,0.00922283775034019,34.179217275723005,34.21246840727239,34.179217275723005,34.21246840727239,25.106936372381305
,,,,,,,,,,,,,,,,,,,,,,,,,,,,0.009242818388075147,34.21502819373628,34.180822573416535,34.21502819373628,34.180822573416535,25.106955842800037
,,,,,,,,,,,,,,,,,,,,,,,,,,,,0.009262834554902202,34.34093214292214,34.22282888229368,34.34093214292214,34.22282888229368,25.106975350534224
,,,,,,,,,,,,,,,,,,,,,,,,,,,,0.009282828019447208,34.207372640407804,34.25608743715358,34.207372640407804,34.25608743715358,25.106994838815165
,,,,,,,,,,,,,,,,,,,,,,,,,,,,0.009302777674787596,34.18885138746016,34.21712220008123,34.18885138746016,34.21712220008123,25.10701428703156
,,,,,,,,,,,,,,,,,,,,,,,,,,,,0.009322699123370283,34.18134754153604,34.21552488776658,34.18134754153604,34.21552488776658,25.107033710340893
,,,,,,,,,,,,,,,,,,,,,,,,,,,,0.009342739121730772,34.19144518155394,34.22957345280459,34.19144518155394,34.22957345280459,25.107053251801798
,,,,,,,,,,,,,,,,,,,,,,,,,,,,0.009362743754277581,34.217297054636155,34.18511127791361,34.217297054636155,34.18511127791361,25.107072761322936
,,,,,,,,,,,,,,,,,,,,,,,,,,,,0.00938275072689439,34.26452216610968,34.20925891194773,34.26452216610968,34.20925891194773,25.107092275654217
,,,,,,,,,,,,,,,,,,,,,,,,,,,,0.009402756712163259,34.206933529419196,34.23970934027964,34.206933529419196,34.23970934027964,25.10711179151665
,,,,,,,,,,,,,,,,,,,,,,,,,,,,0.00942283611719349,34.19000531999068,34.22244396693741,34.19000531999068,34.22244396693741,25.10713138149207
,,,,,,,,,,,,,,,,,,,,,,,,,,,,0.009442789096813184,34.24978426424846,34.21117938570045,34.24978426424846,34.21117938570045,25.107150850585544
,,,,,,,,,,,,,,,,,,,,,,,,,,,,0.009462814769744969,34.19009314268639,34.22389355527325,34.19009314268639,34.22389355527325,25.107170393043347
,,,,,,,,,,,,,,,,,,,,,,,,,,,,0.009482806846183205,34.221710143900594,34.187563844845386,34.221710143900594,34.187563844845386,25.10718990511929
,,,,,,,,,,,,,,,,,,,,,,,,,,,,0.009502852838619192,34.230864329856765,34.19282878071792,34.230864329856765,34.19282878071792,25.10720947221514
,,,,,,,,,,,,,,,,,,,,,,,,,,,,0.00952290693626926,34.23236848121074,34.19621953636653,34.23236848121074,34.19621953636653,25.107229049607707
,,,,,,,,,,,,,,,,,,,,,,,,,,,,0.009542950562664536,34.24244116125733,34.20281946362112,34.24244116125733,34.20281946362112,25.10724861913499
,,,,,,,,,,,,,,,,,,,,,,,,,,,,0.009562953528275195,34.192916335907576,34.23204250737355,34.192916335907576,34.23204250737355,25.107268151289546
,,,,,,,,,,,,,,,,,,,,,,,,,,,,0.009582947051838042,34.22546635107049,34.19107271186018,34.22546635107049,34.19107271186018,25.107287676540818
,,,,,,,,,,,,,,,,,,,,,,,,,,,,0.009602978402607668,34.24748633784981,34.20700672199343,34.24748633784981,34.20700672199343,25.10730724101009
,,,,,,,,,,,,,,,,,,,,,,,,,,,,0.009622986521141628,34.19979097708805,34.23669127659258,34.19979097708805,34.23669127659258,25.107326785025784
,,,,,,,,,,,,,,,,,,,,,,,,,,,,0.009643040926003054,34.199462601124274,34.236328623569946,34.199462601124274,34.236328623569946,25.107346376491307
,,,,,,,,,,,,,,,,,,,,,,,,,,,,0.009663044692277585,34.22730776083749,34.198471341093,34.22730776083749,34.198471341093,25.107365920713672
,,,,,,,,,,,,,,,,,,,,,,,,,,,,0.00968308513088779,34.238064872966866,34.2038667564216,34.238064872966866,34.2038667564216,25.107385502976598
,,,,,,,,,,,,,,,,,,,,,,,,,,,,0.009703052727036617,34.21122734380189,34.2497453797322,34.21122734380189,34.2497453797322,25.10740501623257
,,,,,,,,,,,,,,,,,,,,,,,,,,,,0.009723038108818007,34.24835858307655,34.213437762578586,34.24835858307655,34.213437762578586,25.107424549043827
,,,,,,,,,,,,,,,,,,,,,,,,,,,,0.009743046432424532,34.203857609101426,34.23514524740467,34.203857609101426,34.23514524740467,25.10744410643211
,,,,,,,,,,,,,,,,,,,,,,,,,,,,0.009763019270180985,34.24732947702383,34.210891854262144,34.24732947702383,34.210891854262144,25.107463631253392
,,,,,,,,,,,,,,,,,,,,,,,,,,,,0.009782986060008776,34.22261705534643,34.25864762852247,34.22261705534643,34.25864762852247,25.107483152236036
,,,,,,,,,,,,,,,,,,,,,,,,,,,,0.009803009142079908,34.23525457139541,34.1995052830076,34.23525457139541,34.1995052830076,25.10750273032034
,,,,,,,,,,,,,,,,,,,,,,,,,,,,0.009823036737733043,34.2558322305051,34.22641192984792,34.2558322305051,34.22641192984792,25.107522314877688
,,,,,,,,,,,,,,,,,,,,,,,,,,,,0.009843046505211957,34.203531816884734,34.24021577751899,34.203531816884734,34.24021577751899,25.10754188402644
,,,,,,,,,,,,,,,,,,,,,,,,,,,,0.009863076018397856,34.21990625422634,34.260420448082485,34.21990625422634,34.260420448082485,25.107561474487834
,,,,,,,,,,,,,,,,,,,,,,,,,,,,0.009883057931963098,34.266618747470744,34.222819362837136,34.266618747470744,34.222819362837136,25.107581020374802
,,,,,,,,,,,,,,,,,,,,,,,,,,,,0.009903059100014594,34.212000880269464,34.25027119174898,34.212000880269464,34.25027119174898,25.107600587081514
,,,,,,,,,,,,,,,,,,,,,,,,,,,,0.009923056564753546,34.24720143289036,34.21216471230784,34.24720143289036,34.21216471230784,25.107620152123438
,,,,,,,,,,,,,,,,,,,,,,,,,,,,0.009943039691737198,34.21646751078254,34.24672913711334,34.21646751078254,34.24672913711334,25.1076397050711
,,,,,,,,,,,,,,,,,,,,,,,,,,,,0.009963055861027892,34.24821451177695,34.37500511156297,34.24821451177695,34.37500511156297,25.10765929225048
,,,,,,,,,,,,,,,,,,,,,,,,,,,,0.009983097270810174,34.24484131172933,34.213097631243656,34.24484131172933,34.213097631243656,25.107678906025395
,,,,,,,,,,,,,,,,,,,,,,,,,,,,0.010003114507915701,34.272218713718104,34.235191907500585,34.272218713718104,34.235191907500585,25.10769849804052
,,,,,,,,,,,,,,,,,,,,,,,,,,,,0.01002313321644736,34.21269941046857,34.248192059763156,34.21269941046857,34.248192059763156,25.1077180933799
,,,,,,,,,,,,,,,,,,,,,,,,,,,,0.010043217107546621,34.3741067132612,34.25177836422088,34.3741067132612,34.25177836422088,25.107737754363765
,,,,,,,,,,,,,,,,,,,,,,,,,,,,0.010063247384823957,34.216487956342604,34.25441924118218,34.216487956342604,34.25441924118218,25.107757364659236
,,,,,,,,,,,,,,,,,,,,,,,,,,,,0.0100832417781992,34.24681021655771,34.21528910781586,34.24681021655771,34.21528910781586,25.107776941621122
,,,,,,,,,,,,,,,,,,,,,,,,,,,,0.010103224229366867,34.21276995318431,34.249146702724765,34.21276995318431,34.249146702724765,25.10779650867947
,,,,,,,,,,,,,,,,,,,,,,,,,,,,0.010123271259918678,34.2188892499817,34.25554478138746,34.2188892499817,34.25554478138746,25.10781614075244
,,,,,,,,,,,,,,,,,,,,,,,,,,,,0.010143275338275857,34.24183328880648,34.21124538461359,34.24183328880648,34.21124538461359,25.10783573252475
,,,,,,,,,,,,,,,,,,,,,,,,,,,,0.010163322418639658,34.25067468532978,34.222223231577814,34.25067468532978,34.222223231577814,25.107855368145376
,,,,,,,,,,,,,,,,,,,,,,,,,,,,0.010183382903351579,34.25422206083323,34.221677092444416,34.25422206083323,34.221677092444416,25.107875018612933
,,,,,,,,,,,,,,,,,,,,,,,,,,,,0.010203427875448114,34.26441873724744,34.224630294694634,34.26441873724744,34.224630294694634,25.107894655569922
,,,,,,,,,,,,,,,,,,,,,,,,,,,,0.010223479775979542,34.26497535136161,34.23091968882597,34.26497535136161,34.23091968882597,25.107914300981598
,,,,,,,,,,,,,,,,,,,,,,,,,,,,0.0102434953023085,34.21789620189628,34.24854775484275,34.21789620189628,34.24854775484275,25.10793391240414
,,,,,,,,,,,,,,,,,,,,,,,,,,,,0.01026355897967547,34.213282438986305,34.24549991796987,34.213282438986305,34.24549991796987,25.10795357264683
,,,,,,,,,,,,,,,,,,,,,,,,,,,,0.010283546531517022,34.244075241974464,34.21182350056528,34.244075241974464,34.21182350056528,25.1079731599249
,,,,,,,,,,,,,,,,,,,,,,,,,,,,0.010303589306403417,34.25913854612847,34.2224902103529,34.25913854612847,34.2224902103529,25.107992802930806
,,,,,,,,,,,,,,,,,,,,,,,,,,,,0.010323575243370697,34.22390167707454,34.25503901471524,34.22390167707454,34.25503901471524,25.10801239181687
,,,,,,,,,,,,,,,,,,,,,,,,,,,,0.010343568927293982,34.253001180498465,34.21942565742355,34.253001180498465,34.21942565742355,25.108031989859263
,,,,,,,,,,,,,,,,,,,,,,,,,,,,0.010363577334978304,34.301699350008434,34.24948310527392,34.301699350008434,34.24948310527392,25.108051603903675
,,,,,,,,,,,,,,,,,,,,,,,,,,,,0.010383584374999243,34.2281016792886,34.27454912248445,34.2281016792886,34.27454912248445,25.108071218176416
,,,,,,,,,,,,,,,,,,,,,,,,,,,,0.010403519729367818,34.22502374781924,34.254344953317265,34.22502374781924,34.254344953317265,25.108090763730257
,,,,,,,,,,,,,,,,,,,,,,,,,,,,0.010423532635708449,34.25108542389006,34.309993156985,34.25108542389006,34.309993156985,25.1081103868924
,,,,,,,,,,,,,,,,,,,,,,,,,,,,0.010443545848926438,34.27320885682045,34.23604541371501,34.27320885682045,34.23604541371501,25.108130011917112
,,,,,,,,,,,,,,,,,,,,,,,,,,,,0.01046355109919853,34.22229459219805,34.25667772730085,34.22229459219805,34.25667772730085,25.108149630687908
,,,,,,,,,,,,,,,,,,,,,,,,,,,,0.010483541240416876,34.257434866128065,34.22641429067997,34.257434866128065,34.22641429067997,25.10816923616963
,,,,,,,,,,,,,,,,,,,,,,,,,,,,0.010503488430137887,34.252721995361235,34.28661391106708,34.252721995361235,34.28661391106708,25.10818880102794
,,,,,,,,,,,,,,,,,,,,,,,,,,,,0.010523509359264127,34.25838730896413,34.21973390607406,34.25838730896413,34.21973390607406,25.108208439723168
,,,,,,,,,,,,,,,,,,,,,,,,,,,,0.010543549246699526,34.268825305800874,34.24060282879238,34.268825305800874,34.24060282879238,25.10822809852208
,,,,,,,,,,,,,,,,,,,,,,,,,,,,0.010563561159384128,34.21719092991137,34.25504489283787,34.21719092991137,34.25504489283787,25.10824773140112
,,,,,,,,,,,,,,,,,,,,,,,,,,,,0.010583615876905993,34.218618053538,34.2622293519545,34.218618053538,34.2622293519545,25.10826740777877
,,,,,,,,,,,,,,,,,,,,,,,,,,,,0.010603648304251458,34.23727112043402,34.27666336168864,34.23727112043402,34.27666336168864,25.10828706374086
,,,,,,,,,,,,,,,,,,,,,,,,,,,,0.010623659730525406,34.25930134742545,34.22648553670162,34.25930134742545,34.22648553670162,25.108306700519627
,,,,,,,,,,,,,,,,,,,,,,,,,,,,0.010643685431339278,34.27884876525573,34.24144421761747,34.27884876525573,34.24144421761747,25.108326352716162
,,,,,,,,,,,,,,,,,,,,,,,,,,,,0.010663715127744994,34.223564387290864,34.252872998613014,34.223564387290864,34.252872998613014,25.108346010229248
,,,,,,,,,,,,,,,,,,,,,,,,,,,,0.010683685952768118,34.265093559023626,34.23747449591073,34.265093559023626,34.23747449591073,25.10836561133578
,,,,,,,,,,,,,,,,,,,,,,,,,,,,0.010703711506512387,34.287368545704915,34.24992096288234,34.287368545704915,34.24992096288234,25.10838526754151
,,,,,,,,,,,,,,,,,,,,,,,,,,,,0.010723676304112651,34.276840198337794,34.394800169561584,34.276840198337794,34.394800169561584,25.108404865458727
,,,,,,,,,,,,,,,,,,,,,,,,,,,,0.010743672414220947,34.29294785294179,34.25780390476463,34.29294785294179,34.25780390476463,25.108424495452926
,,,,,,,,,,,,,,,,,,,,,,,,,,,,0.010763695595749585,34.2339544575343,34.2691180583714,34.2339544575343,34.2691180583714,25.108444153351197
,,,,,,,,,,,,,,,,,,,,,,,,,,,,0.010783717710531219,34.26084067220297,34.2978889709372,34.26084067220297,34.2978889709372,25.108463811513907
,,,,,,,,,,,,,,,,,,,,,,,,,,,,0.010803735294935257,34.26864238907013,34.23715072159742,34.26864238907013,34.23715072159742,25.10848346651628
,,,,,,,,,,,,,,,,,,,,,,,,,,,,0.010823717098570218,34.23958081501128,34.27658726955424,34.23958081501128,34.27658726955424,25.108503087654626
,,,,,,,,,,,,,,,,,,,,,,,,,,,,0.010843716804608373,34.26902530210825,34.23416828256525,34.26902530210825,34.23416828256525,25.108522727657398
,,,,,,,,,,,,,,,,,,,,,,,,,,,,0.010863702953254686,34.23080633767183,34.26742856554503,34.23080633767183,34.26742856554503,25.10854235562609
,,,,,,,,,,,,,,,,,,,,,,,,,,,,0.01088379034390652,34.30627012868018,34.26674791525861,34.30627012868018,34.26674791525861,25.1085620842857
,,,,,,,,,,,,,,,,,,,,,,,,,,,,0.010903821460128077,34.23615244957987,34.26920530605115,34.23615244957987,34.26920530605115,25.108581758940787
,,,,,,,,,,,,,,,,,,,,,,,,,,,,0.010923943859247881,34.2778484511149,34.23930191075743,34.2778484511149,34.23930191075743,25.108601524531963
,,,,,,,,,,,,,,,,,,,,,,,,,,,,0.010943959613504757,34.34609732131395,34.26933970283418,34.34609732131395,34.26933970283418,25.10862118662585
,,,,,,,,,,,,,,,,,,,,,,,,,,,,0.010963985367287805,34.24035501177991,34.27490320110973,34.24035501177991,34.27490320110973,25.10864085979022
,,,,,,,,,,,,,,,,,,,,,,,,,,,,0.010984000048202634,34.27522671140209,34.3773035016335,34.27522671140209,34.3773035016335,25.10866052330294
,,,,,,,,,,,,,,,,,,,,,,,,,,,,0.011004030320483815,34.28144071669099,34.248936900777025,34.28144071669099,34.248936900777025,25.108680203343425
,,,,,,,,,,,,,,,,,,,,,,,,,,,,0.01102402482888797,34.2428724416046,34.27745209527765,34.2428724416046,34.27745209527765,25.108699849423804
,,,,,,,,,,,,,,,,,,,,,,,,,,,,0.01104401804562223,34.26365735685841,34.235056504657514,34.26365735685841,34.235056504657514,25.108719495391416
,,,,,,,,,,,,,,,,,,,,,,,,,,,,0.01106412639297184,34.246162671671826,34.285477026054245,34.246162671671826,34.285477026054245,25.10873925563957
,,,,,,,,,,,,,,,,,,,,,,,,,,,,0.011084161829575204,34.261477033977144,34.30872291999408,34.261477033977144,34.30872291999408,25.108758945353827
,,,,,,,,,,,,,,,,,,,,,,,,,,,,0.011104176929961681,34.28377659179987,34.25119658091579,34.28377659179987,34.25119658091579,25.10877861616512
,,,,,,,,,,,,,,,,,,,,,,,,,,,,0.011124167225893851,34.239378419387336,34.27688070569453,34.239378419387336,34.27688070569453,25.108798263694634
,,,,,,,,,,,,,,,,,,,,,,,,,,,,0.011144180583715652,34.26878783896939,34.32171934390912,34.26878783896939,34.32171934390912,25.108817934989954
,,,,,,,,,,,,,,,,,,,,,,,,,,,,0.011164213384552141,34.27554481457107,34.24248935319478,34.27554481457107,34.24248935319478,25.10883762650307
,,,,,,,,,,,,,,,,,,,,,,,,,,,,0.01118423076457812,34.31060378291932,34.26672953470902,34.31060378291932,34.26672953470902,25.10885730394324
,,,,,,,,,,,,,,,,,,,,,,,,,,,,0.011204209385105449,34.28112191279616,34.350748865976556,34.28112191279616,34.350748865976556,25.108876944333286
,,,,,,,,,,,,,,,,,,,,,,,,,,,,0.011224217957594115,34.29671995009512,34.26162552166015,34.29671995009512,34.26162552166015,25.10889661523444
,,,,,,,,,,,,,,,,,,,,,,,,,,,,0.011244292604219856,34.28373618566936,34.24976464981986,34.28373618566936,34.24976464981986,25.10891635215974
,,,,,,,,,,,,,,,,,,,,,,,,,,,,0.011264260950369843,34.261256620578976,34.29728623580265,34.261256620578976,34.29728623580265,25.108935985615638
,,,,,,,,,,,,,,,,,,,,,,,,,,,,0.011284236731102376,34.30623840876463,34.26645152086843,34.30623840876463,34.26645152086843,25.10895562742665
,,,,,,,,,,,,,,,,,,,,,,,,,,,,0.011304261097171099,34.24655640670928,34.282947278333616,34.24655640670928,34.282947278333616,25.108975318028786
,,,,,,,,,,,,,,,,,,,,,,,,,,,,0.01132431046314841,34.251794778950746,34.286233720120116,34.251794778950746,34.286233720120116,25.10899503421589
,,,,,,,,,,,,,,,,,,,,,,,,,,,,0.011344380832886318,34.23947390192105,34.27882292707763,34.23947390192105,34.27882292707763,25.10901477203557
,,,,,,,,,,,,,,,,,,,,,,,,,,,,0.011364433746211195,34.248096418133514,34.285440430802225,34.248096418133514,34.285440430802225,25.109034493647325
,,,,,,,,,,,,,,,,,,,,,,,,,,,,0.011384491005972502,34.25108022794299,34.28733164851378,34.25108022794299,34.28733164851378,25.10905422050835
,,,,,,,,,,,,,,,,,,,,,,,,,,,,0.01140450648280362,34.27362945087542,34.33094837985789,34.27362945087542,34.33094837985789,25.10907390725548
,,,,,,,,,,,,,,,,,,,,,,,,,,,,0.011424560529421021,34.286327642612584,34.38495073238892,34.286327642612584,34.38495073238892,25.10909363294566
,,,,,,,,,,,,,,,,,,,,,,,,,,,,0.011444583923456443,34.292581451287674,34.258238330719365,34.292581451287674,34.258238330719365,25.109113329478166
,,,,,,,,,,,,,,,,,,,,,,,,,,,,0.011464592493120157,34.24110440716553,34.27722919481105,34.24110440716553,34.27722919481105,25.109133012418315
,,,,,,,,,,,,,,,,,,,,,,,,,,,,0.011484638888273238,34.253167585471424,34.287422779307406,34.253167585471424,34.287422779307406,25.109152733550673
,,,,,,,,,,,,,,,,,,,,,,,,,,,,0.011504637217462478,34.27330516302737,34.24874878030378,34.27330516302737,34.24874878030378,25.109172408348392
,,,,,,,,,,,,,,,,,,,,,,,,,,,,0.011524672827831215,34.29644753169034,34.25732505004156,34.29644753169034,34.25732505004156,25.109192120737585
,,,,,,,,,,,,,,,,,,,,,,,,,,,,0.011544693772613156,34.38862944301434,34.28914951619911,34.38862944301434,34.28914951619911,25.10921181958016
,,,,,,,,,,,,,,,,,,,,,,,,,,,,0.011564722318293705,34.258963862194555,34.29318145345799,34.258963862194555,34.29318145345799,25.109231526770355
,,,,,,,,,,,,,,,,,,,,,,,,,,,,0.01158469604482772,34.29932284102374,34.2662517867803,34.29932284102374,34.2662517867803,25.10925118088624
,,,,,,,,,,,,,,,,,,,,,,,,,,,,0.011604753766527616,34.29793410740964,34.26480257567576,34.29793410740964,34.26480257567576,25.109270918537906
,,,,,,,,,,,,,,,,,,,,,,,,,,,,0.011624766396012039,34.249151289552145,34.281104035063485,34.249151289552145,34.281104035063485,25.109290612714318
,,,,,,,,,,,,,,,,,,,,,,,,,,,,0.011644783946621454,34.27007351855098,34.31022019654311,34.27007351855098,34.31022019654311,25.10931031265852
,,,,,,,,,,,,,,,,,,,,,,,,,,,,0.011664801857106758,34.288053939797905,34.253633710729744,34.288053939797905,34.253633710729744,25.1093300138603
,,,,,,,,,,,,,,,,,,,,,,,,,,,,0.01168481969631883,34.31819883343207,34.278705122626256,34.31819883343207,34.278705122626256,25.1093497158956
,,,,,,,,,,,,,,,,,,,,,,,,,,,,0.011704902314344299,34.301680210599955,34.264481865809294,34.301680210599955,34.264481865809294,25.10936948257965
,,,,,,,,,,,,,,,,,,,,,,,,,,,,0.011724864349416159,34.275989303240245,34.3195372112423,34.275989303240245,34.3195372112423,25.10938913143788
,,,,,,,,,,,,,,,,,,,,,,,,,,,,0.01174493106671899,34.27349648001919,34.31313737480038,34.27349648001919,34.31313737480038,25.109408884187832
,,,,,,,,,,,,,,,,,,,,,,,,,,,,0.011764951279097775,34.29044778565058,34.25866222691078,34.29044778565058,34.25866222691078,25.10942859200659
,,,,,,,,,,,,,,,,,,,,,,,,,,,,0.011784986978330816,34.306143693623326,34.26775786117664,34.306143693623326,34.26775786117664,25.109448315936582
,,,,,,,,,,,,,,,,,,,,,,,,,,,,0.01180499096539319,34.262261625887035,34.294812211483375,34.262261625887035,34.294812211483375,25.10946800950477
,,,,,,,,,,,,,,,,,,,,,,,,,,,,0.011825034948764874,34.26274021942759,34.30217566682568,34.26274021942759,34.30217566682568,25.109487743294917
,,,,,,,,,,,,,,,,,,,,,,,,,,,,0.011845042225303153,34.28680915690992,34.25325086615289,34.28680915690992,34.25325086615289,25.109507441765253
,,,,,,,,,,,,,,,,,,,,,,,,,,,,0.01186502065932107,34.25592711713261,34.295008746036295,34.25592711713261,34.295008746036295,25.109527112642844
,,,,,,,,,,,,,,,,,,,,,,,,,,,,0.011885078045810219,34.26361213073025,34.29462776328923,34.26361213073025,34.29462776328923,25.109546862089466
,,,,,,,,,,,,,,,,,,,,,,,,,,,,0.011905060850570982,34.298124882581696,34.26152668136734,34.298124882581696,34.26152668136734,25.109566538925804
,,,,,,,,,,,,,,,,,,,,,,,,,,,,0.011925032439564585,34.26730602610013,34.30794562128337,34.26730602610013,34.30794562128337,25.10958620553969
,,,,,,,,,,,,,,,,,,,,,,,,,,,,0.0119450834079194,34.268860427614115,34.31140954851558,34.268860427614115,34.31140954851558,25.109605951133606
,,,,,,,,,,,,,,,,,,,,,,,,,,,,0.011965102898354082,34.288390925102625,34.252819822067245,34.288390925102625,34.252819822067245,25.109625666509537
,,,,,,,,,,,,,,,,,,,,,,,,,,,,0.011985108569051411,34.383116382116846,34.29083612869557,34.383116382116846,34.29083612869557,25.109645369051513
,,,,,,,,,,,,,,,,,,,,,,,,,,,,0.012005135375505063,34.258589538839374,34.29655756864628,34.258589538839374,34.29655756864628,25.10966509319947
,,,,,,,,,,,,,,,,,,,,,,,,,,,,0.012025147061881254,34.28072669315606,34.24820686446678,34.28072669315606,34.24820686446678,25.10968480325755
,,,,,,,,,,,,,,,,,,,,,,,,,,,,0.012045165790092906,34.309612493245645,34.27769908129347,34.309612493245645,34.27769908129347,25.109704521080168
,,,,,,,,,,,,,,,,,,,,,,,,,,,,0.012065205136513189,34.33403691155198,34.28763092992529,34.33403691155198,34.28763092992529,25.109724260005045
,,,,,,,,,,,,,,,,,,,,,,,,,,,,0.012085235241710422,34.254640320183015,34.29238817641209,34.254640320183015,34.29238817641209,25.109743990582054
,,,,,,,,,,,,,,,,,,,,,,,,,,,,0.012105288083014922,34.264491778281645,34.29956860852952,34.264491778281645,34.29956860852952,25.109763744276957
,,,,,,,,,,,,,,,,,,,,,,,,,,,,0.012125342688022794,34.262546633617546,34.30150960979897,34.262546633617546,34.30150960979897,25.10978350042958
,,,,,,,,,,,,,,,,,,,,,,,,,,,,0.01214540633197221,34.26456555241955,34.29732939017187,34.26456555241955,34.29732939017187,25.109803266202164
,,,,,,,,,,,,,,,,,,,,,,,,,,,,0.012165509982456432,34.31475984114034,34.27962995528369,34.31475984114034,34.27962995528369,25.109823072083582
,,,,,,,,,,,,,,,,,,,,,,,,,,,,0.01218555494631431,34.334834306801056,34.29045781906806,34.334834306801056,34.29045781906806,25.109842820824376
,,,,,,,,,,,,,,,,,,,,,,,,,,,,0.012205569587499156,34.27326129016217,34.310125616025836,34.27326129016217,34.310125616025836,25.109862540345606
,,,,,,,,,,,,,,,,,,,,,,,,,,,,0.012225561589739963,34.30410167286388,34.273287880501385,34.30410167286388,34.273287880501385,25.109882238213075
,,,,,,,,,,,,,,,,,,,,,,,,,,,,0.012245557294913029,34.2666788736029,34.29256645305945,34.2666788736029,34.29256645305945,25.109901940389186
,,,,,,,,,,,,,,,,,,,,,,,,,,,,0.012265584596038184,34.283722002219804,34.31680169254288,34.283722002219804,34.31680169254288,25.109921674341017
,,,,,,,,,,,,,,,,,,,,,,,,,,,,0.01228559739021806,34.29548731380668,34.26390501468576,34.29548731380668,34.26390501468576,25.109941394628162
,,,,,,,,,,,,,,,,,,,,,,,,,,,,0.012305592202824164,34.26482298826092,34.29110877220081,34.26482298826092,34.29110877220081,25.10996109780881
,,,,,,,,,,,,,,,,,,,,,,,,,,,,0.012325587683544616,34.28583848736538,34.25548064909111,34.28583848736538,34.25548064909111,25.10998080224546
,,,,,,,,,,,,,,,,,,,,,,,,,,,,0.012345609479442746,34.31256151068935,34.27696625118384,34.31256151068935,34.27696625118384,25.110000533230604
,,,,,,,,,,,,,,,,,,,,,,,,,,,,0.012365587157484577,34.283939895752354,34.32201352028142,34.283939895752354,34.32201352028142,25.11002022134939
,,,,,,,,,,,,,,,,,,,,,,,,,,,,0.012385627412636956,34.29534804123976,34.36823418127276,34.29534804123976,34.36823418127276,25.110039971761093
,,,,,,,,,,,,,,,,,,,,,,,,,,,,0.012405598870300131,34.25593739039388,34.28693079878596,34.25593739039388,34.28693079878596,25.110059655000445
,,,,,,,,,,,,,,,,,,,,,,,,,,,,0.012425596794730754,34.30031236581519,34.375143261155344,34.30031236581519,34.375143261155344,25.110079364940482
,,,,,,,,,,,,,,,,,,,,,,,,,,,,0.012445624296477277,34.30512827169957,34.26300845056271,34.30512827169957,34.26300845056271,25.110099104614786
,,,,,,,,,,,,,,,,,,,,,,,,,,,,0.012465682990385939,34.30070906570424,34.270814470972674,34.30070906570424,34.270814470972674,25.110118875606325
,,,,,,,,,,,,,,,,,,,,,,,,,,,,0.01248566161192002,34.27360920896508,34.31098107750881,34.27360920896508,34.31098107750881,25.11013856822601
,,,,,,,,,,,,,,,,,,,,,,,,,,,,0.01250566942461797,34.29183097415326,34.26770669490877,34.29183097415326,34.26770669490877,25.110158290166193
,,,,,,,,,,,,,,,,,,,,,,,,,,,,0.012525736601116668,34.28505807382793,34.262881796273895,34.28505807382793,34.262881796273895,25.11017807119743
,,,,,,,,,,,,,,,,,,,,,,,,,,,,0.012545765990046419,34.30641877869378,34.27838026608079,34.30641877869378,34.27838026608079,25.110197815536722
,,,,,,,,,,,,,,,,,,,,,,,,,,,,0.012565836468727075,34.29679591350039,34.269993360645344,34.29679591350039,34.269993360645344,25.110217600905425
,,,,,,,,,,,,,,,,,,,,,,,,,,,,0.012585886282824284,34.30417925868679,34.26988714577092,34.30417925868679,34.26988714577092,25.110237366401154
,,,,,,,,,,,,,,,,,,,,,,,,,,,,0.012605880856262942,34.264509537533165,34.300507618081404,34.264509537533165,34.300507618081404,25.110257077930267
,,,,,,,,,,,,,,,,,,,,,,,,,,,,0.012625869628868058,34.29547761883602,34.26276950356964,34.29547761883602,34.26276950356964,25.110276784244817
,,,,,,,,,,,,,,,,,,,,,,,,,,,,0.012645878877544672,34.348452956992325,34.297112180376445,34.348452956992325,34.297112180376445,25.110296511275017
,,,,,,,,,,,,,,,,,,,,,,,,,,,,0.012665906386009087,34.272310957412266,34.30412358424147,34.272310957412266,34.30412358424147,25.110316256792018
,,,,,,,,,,,,,,,,,,,,,,,,,,,,0.012685906581099905,34.29178923599433,34.259898186184984,34.29178923599433,34.259898186184984,25.11033597583845
,,,,,,,,,,,,,,,,,,,,,,,,,,,,0.0127059647035046,34.2960836686322,34.263501592425,34.2960836686322,34.263501592425,25.110355752453856
,,,,,,,,,,,,,,,,,,,,,,,,,,,,0.012726079066268091,34.27611690952244,34.306732817718846,34.27611690952244,34.306732817718846,25.1103755849706
,,,,,,,,,,,,,,,,,,,,,,,,,,,,0.012746200500693474,34.310787427952405,34.27602677987861,34.310787427952405,34.27602677987861,25.110395424906308
,,,,,,,,,,,,,,,,,,,,,,,,,,,,0.012766197236847932,34.27450204159922,34.305789852950355,34.27450204159922,34.305789852950355,25.11041514232992
,,,,,,,,,,,,,,,,,,,,,,,,,,,,0.012786198363849638,34.297671648666075,34.2639440873202,34.297671648666075,34.2639440873202,25.11043486453938
,,,,,,,,,,,,,,,,,,,,,,,,,,,,0.012806244140554129,34.30447091386605,34.27624767319836,34.30447091386605,34.27624767319836,25.11045463123278
,,,,,,,,,,,,,,,,,,,,,,,,,,,,0.012826362371936365,34.282371696044436,34.31987895470578,34.282371696044436,34.31987895470578,25.11047446983391
,,,,,,,,,,,,,,,,,,,,,,,,,,,,0.012846390125269072,34.31865395270709,34.427005431779875,34.31865395270709,34.427005431779875,25.110494219701003
,,,,,,,,,,,,,,,,,,,,,,,,,,,,0.012866417940790527,34.3096068174231,34.277232950866676,34.3096068174231,34.277232950866676,25.110513970144215
,,,,,,,,,,,,,,,,,,,,,,,,,,,,0.012886438652889964,34.36992570792495,34.31017411375488,34.36992570792495,34.31017411375488,25.110533714075768
,,,,,,,,,,,,,,,,,,,,,,,,,,,,0.01290651969582885,34.31924281039638,34.27802794234507,34.31924281039638,34.27802794234507,25.110553517981597
,,,,,,,,,,,,,,,,,,,,,,,,,,,,0.012926566635322278,34.333536598093,34.29405764256979,34.333536598093,34.29405764256979,25.110573288729462
,,,,,,,,,,,,,,,,,,,,,,,,,,,,0.012946563024418522,34.27801135369026,34.31898738061738,34.27801135369026,34.31898738061738,25.11059301011919
,,,,,,,,,,,,,,,,,,,,,,,,,,,,0.012966578133556355,34.300016183356895,34.263433844028796,34.300016183356895,34.263433844028796,25.110612750467237
,,,,,,,,,,,,,,,,,,,,,,,,,,,,0.012986590544388325,34.341328948883714,34.295307933139384,34.341328948883714,34.295307933139384,25.110632488622567
,,,,,,,,,,,,,,,,,,,,,,,,,,,,0.013006625919163229,34.26559867886022,34.300689479790535,34.26559867886022,34.300689479790535,25.110652249894088
,,,,,,,,,,,,,,,,,,,,,,,,,,,,0.01302664849611418,34.2850281841543,34.320912138913336,34.2850281841543,34.320912138913336,25.110671998974603
,,,,,,,,,,,,,,,,,,,,,,,,,,,,0.013046680884773449,34.2932790465394,34.263771084191106,34.2932790465394,34.263771084191106,25.110691758134774
,,,,,,,,,,,,,,,,,,,,,,,,,,,,0.013066730549773104,34.30135239896111,34.270510863241284,34.30135239896111,34.270510863241284,25.11071153473192
,,,,,,,,,,,,,,,,,,,,,,,,,,,,0.013086777776310718,34.30301969835421,34.27101062573609,34.30301969835421,34.27101062573609,25.110731309329843
,,,,,,,,,,,,,,,,,,,,,,,,,,,,0.013106802126187752,34.33191597232157,34.298858513077484,34.33191597232157,34.298858513077484,25.110751061758297
,,,,,,,,,,,,,,,,,,,,,,,,,,,,0.013126809722802259,34.28206464620684,34.31804820512203,34.28206464620684,34.31804820512203,25.110770798074032
,,,,,,,,,,,,,,,,,,,,,,,,,,,,0.013146868292965998,34.282565404371276,34.31745024943968,34.282565404371276,34.31745024943968,25.110790585099284
,,,,,,,,,,,,,,,,,,,,,,,,,,,,0.013166862206604605,34.30848721073294,34.27118842138704,34.30848721073294,34.27118842138704,25.110810308787375
,,,,,,,,,,,,,,,,,,,,,,,,,,,,0.013186988785203418,34.27700542848033,34.31409644892367,34.27700542848033,34.31409644892367,25.110830163800017
,,,,,,,,,,,,,,,,,,,,,,,,,,,,0.01320699370199055,34.30433369745583,34.27292147013909,34.30433369745583,34.27292147013909,25.110849899219577
,,,,,,,,,,,,,,,,,,,,,,,,,,,,0.013226990969263077,34.26504851313242,34.29507734147003,34.26504851313242,34.29507734147003,25.110869627498538
,,,,,,,,,,,,,,,,,,,,,,,,,,,,0.013247029789042021,34.27099970184779,34.30670199712561,34.27099970184779,34.30670199712561,25.11088939719751
,,,,,,,,,,,,,,,,,,,,,,,,,,,,0.013267076717899022,34.277181710235986,34.31342741921586,34.277181710235986,34.31342741921586,25.11090917531943
,,,,,,,,,,,,,,,,,,,,,,,,,,,,0.013287099653321059,34.32162686241778,34.432339592241725,34.32162686241778,34.432339592241725,25.110928930139874
,,,,,,,,,,,,,,,,,,,,,,,,,,,,0.01330715325677682,34.294531683300505,34.2681519400984,34.294531683300505,34.2681519400984,25.110948715599733
,,,,,,,,,,,,,,,,,,,,,,,,,,,,0.013327213528853826,34.31250380853052,34.43404815481416,34.31250380853052,34.43404815481416,25.110968508022033
,,,,,,,,,,,,,,,,,,,,,,,,,,,,0.013347240047863895,34.31418856887088,34.27814107360601,34.31418856887088,34.27814107360601,25.110988267518202
,,,,,,,,,,,,,,,,,,,,,,,,,,,,0.01336722999212816,34.27667975426931,34.31571179146096,34.27667975426931,34.31571179146096,25.11100799128972
,,,,,,,,,,,,,,,,,,,,,,,,,,,,0.013387287006075763,34.27457935804555,34.31436680916623,34.27457935804555,34.31436680916623,25.111027781581566
,,,,,,,,,,,,,,,,,,,,,,,,,,,,0.013407352296661271,34.27586801678947,34.313077959452976,34.27586801678947,34.313077959452976,25.111047580364563
,,,,,,,,,,,,,,,,,,,,,,,,,,,,0.01342733391303877,34.30910070100894,34.27501845955621,34.30910070100894,34.27501845955621,25.111067296932287
,,,,,,,,,,,,,,,,,,,,,,,,,,,,0.013447375629329697,34.330758237609054,34.28833592363396,34.330758237609054,34.28833592363396,25.11108707318045
,,,,,,,,,,,,,,,,,,,,,,,,,,,,0.013467383600944384,34.27514359747766,34.31522970237986,34.27514359747766,34.31522970237986,25.11110681653143
,,,,,,,,,,,,,,,,,,,,,,,,,,,,0.013487369692791759,34.30817392074028,34.275861579868824,34.30817392074028,34.275861579868824,25.111126538752387
,,,,,,,,,,,,,,,,,,,,,,,,,,,,0.013507352473676749,34.2810414274276,34.308706486239224,34.2810414274276,34.308706486239224,25.111146258176827
,,,,,,,,,,,,,,,,,,,,,,,,,,,,0.013527392038845757,34.29221542616042,34.32571226857859,34.29221542616042,34.32571226857859,25.11116603406591
,,,,,,,,,,,,,,,,,,,,,,,,,,,,0.013547392689801437,34.31166944362316,34.27800366797376,34.31166944362316,34.27800366797376,25.111185771924145
,,,,,,,,,,,,,,,,,,,,,,,,,,,,0.013567453712052391,34.31103570795961,34.2767162340721,34.31103570795961,34.2767162340721,25.11120556974011
,,,,,,,,,,,,,,,,,,,,,,,,,,,,0.013587487344643606,34.3332411652392,34.29652231688722,34.3332411652392,34.29652231688722,25.111225340936976
,,,,,,,,,,,,,,,,,,,,,,,,,,,,0.013607557130475238,34.32184838595995,34.28520633195888,34.32184838595995,34.28520633195888,25.111245148225674
,,,,,,,,,,,,,,,,,,,,,,,,,,,,0.013627555110499819,34.27895124225237,34.313137456818836,34.27895124225237,34.313137456818836,25.111264885009405
,,,,,,,,,,,,,,,,,,,,,,,,,,,,0.013647596711235785,34.291478513961685,34.32571631827609,34.291478513961685,34.32571631827609,25.111284665194766
,,,,,,,,,,,,,,,,,,,,,,,,,,,,0.013667604566597527,34.31067491765749,34.27477328776001,34.31067491765749,34.27477328776001,25.111304412407375
,,,,,,,,,,,,,,,,,,,,,,,,,,,,0.01368762694231087,34.33852993065486,34.30330225347325,34.33852993065486,34.30330225347325,25.111324174272735
,,,,,,,,,,,,,,,,,,,,,,,,,,,,0.013707719597890479,34.31202237000538,34.27821250132548,34.31202237000538,34.27821250132548,25.1113440057962
,,,,,,,,,,,,,,,,,,,,,,,,,,,,0.01372772285548976,34.27321990661485,34.30020795155023,34.27321990661485,34.30020795155023,25.11136374936818
,,,,,,,,,,,,,,,,,,,,,,,,,,,,0.013747759042892174,34.28137433263695,34.316072523399434,34.28137433263695,34.316072523399434,25.1113835257455
,,,,,,,,,,,,,,,,,,,,,,,,,,,,0.013767755902531043,34.31045784756716,34.27843277773642,34.31045784756716,34.27843277773642,25.111403263660208
,,,,,,,,,,,,,,,,,,,,,,,,,,,,0.013787804488658387,34.320105514730386,34.284204388524394,34.320105514730386,34.284204388524394,25.111423052965904
,,,,,,,,,,,,,,,,,,,,,,,,,,,,0.0138078048874859,34.27385224039702,34.30521966999541,34.27385224039702,34.30521966999541,25.11144279502205
,,,,,,,,,,,,,,,,,,,,,,,,,,,,0.01382784173820507,34.289811772469115,34.32520515320256,34.289811772469115,34.32520515320256,25.111462573374396
,,,,,,,,,,,,,,,,,,,,,,,,,,,,0.013847909442502014,34.280496310142,34.31788069264099,34.280496310142,34.31788069264099,25.111482382486024
,,,,,,,,,,,,,,,,,,,,,,,,,,,,0.013867967155107932,34.282432005411984,34.31379692201854,34.282432005411984,34.31379692201854,25.111502182032048
,,,,,,,,,,,,,,,,,,,,,,,,,,,,0.013888007893471608,34.28941414647655,34.32950403027619,34.28941414647655,34.32950403027619,25.111521965142995
,,,,,,,,,,,,,,,,,,,,,,,,,,,,0.013908026752257566,34.30660986389572,34.27547645960066,34.30660986389572,34.27547645960066,25.111541726968373
,,,,,,,,,,,,,,,,,,,,,,,,,,,,0.013928074807130392,34.314175405727596,34.27599151658151,34.314175405727596,34.27599151658151,25.111561517913337
,,,,,,,,,,,,,,,,,,,,,,,,,,,,0.013948123222266096,34.32046386460931,34.28436655988334,34.32046386460931,34.28436655988334,25.11158130950746
,,,,,,,,,,,,,,,,,,,,,,,,,,,,0.013968112605281205,34.28334696308534,34.31706316342902,34.28334696308534,34.31706316342902,25.111601043119528
,,,,,,,,,,,,,,,,,,,,,,,,,,,,0.013988131191449238,34.32587607758171,34.43692827899149,34.32587607758171,34.43692827899149,25.11162080585179
,,,,,,,,,,,,,,,,,,,,,,,,,,,,0.014008165130321232,34.317036019481094,34.2756510080985,34.317036019481094,34.2756510080985,25.11164058402594
,,,,,,,,,,,,,,,,,,,,,,,,,,,,0.014028195809643621,34.33682829791763,34.29770088409818,34.33682829791763,34.29770088409818,25.111660359282688
,,,,,,,,,,,,,,,,,,,,,,,,,,,,0.014048214090461215,34.2831552923601,34.30849801209682,34.2831552923601,34.30849801209682,25.111680122588467
,,,,,,,,,,,,,,,,,,,,,,,,,,,,0.014068264089599911,34.28162582715955,34.313833651829896,34.28162582715955,34.313833651829896,25.11169991748708
,,,,,,,,,,,,,,,,,,,,,,,,,,,,0.014088336862064442,34.27574036905175,34.307849130849036,34.27574036905175,34.307849130849036,25.111719735194555
,,,,,,,,,,,,,,,,,,,,,,,,,,,,0.014108368159602244,34.29584821027386,34.32772303483032,34.29584821027386,34.32772303483032,25.11173951228643
,,,,,,,,,,,,,,,,,,,,,,,,,,,,0.014128386860353349,34.306796732103464,34.26963171241644,34.306796732103464,34.26963171241644,25.111759277263587
,,,,,,,,,,,,,,,,,,,,,,,,,,,,0.014148425699539741,34.31731942674404,34.28306900852078,34.31731942674404,34.28306900852078,25.111779062446125
,,,,,,,,,,,,,,,,,,,,,,,,,,,,0.014168459480517218,34.33881887731479,34.30188737702488,34.33881887731479,34.30188737702488,25.111798842928653
,,,,,,,,,,,,,,,,,,,,,,,,,,,,0.014188476621509538,34.28279757244685,34.31410360059661,34.28279757244685,34.31410360059661,25.111818607271555
,,,,,,,,,,,,,,,,,,,,,,,,,,,,0.014208464185146522,34.31661642751831,34.28073599011019,34.31661642751831,34.28073599011019,25.111838342684308
,,,,,,,,,,,,,,,,,,,,,,,,,,,,0.014228513256531659,34.32360235965609,34.28378361865263,34.32360235965609,34.28378361865263,25.111858139112176
,,,,,,,,,,,,,,,,,,,,,,,,,,,,0.014248514689844685,34.280024942609685,34.30878500473295,34.280024942609685,34.30878500473295,25.111877888770017
,,,,,,,,,,,,,,,,,,,,,,,,,,,,0.014268584034812785,34.27485829679555,34.302695293687464,34.27485829679555,34.302695293687464,25.111897705775892
,,,,,,,,,,,,,,,,,,,,,,,,,,,,0.014288616278388483,34.28848164212688,34.31890801935844,34.28848164212688,34.31890801935844,25.11191748646076
,,,,,,,,,,,,,,,,,,,,,,,,,,,,0.014308607461278097,34.32052707676898,34.28361355949461,34.32052707676898,34.28361355949461,25.11193722686697
,,,,,,,,,,,,,,,,,,,,,,,,,,,,0.0143286767956294,34.31108842377724,34.27554871798912,34.31108842377724,34.27554871798912,25.11195704471006
,,,,,,,,,,,,,,,,,,,,,,,,,,,,0.014348793395586111,34.290707875115146,34.31686830705255,34.290707875115146,34.31686830705255,25.111976909494285
,,,,,,,,,,,,,,,,,,,,,,,,,,,,0.01436885542510943,34.281881085033994,34.314481964117086,34.281881085033994,34.314481964117086,25.111996720609902
,,,,,,,,,,,,,,,,,,,,,,,,,,,,0.014388864848553506,34.318692728466445,34.44215886185065,34.318692728466445,34.44215886185065,25.112016479982273
,,,,,,,,,,,,,,,,,,,,,,,,,,,,0.014408896298706935,34.320815551893425,34.28477073462348,34.320815551893425,34.28477073462348,25.112036261314778
,,,,,,,,,,,,,,,,,,,,,,,,,,,,0.014428943884723296,34.327015654446875,34.297264330112434,34.327015654446875,34.297264330112434,25.11205605881313
,,,,,,,,,,,,,,,,,,,,,,,,,,,,0.014448974036684261,34.37092909860636,34.30859348837614,34.37092909860636,34.30859348837614,25.112075839346044
,,,,,,,,,,,,,,,,,,,,,,,,,,,,0.014468928823459558,34.32132263224525,34.28663396826536,34.32132263224525,34.28663396826536,25.112095545726582
,,,,,,,,,,,,,,,,,,,,,,,,,,,,0.014488984363745168,34.32011590420478,34.28219986795678,34.32011590420478,34.28219986795678,25.112115351891347
,,,,,,,,,,,,,,,,,,,,,,,,,,,,0.014509038682334012,34.324742401520076,34.28990422031542,34.324742401520076,34.28990422031542,25.112135157094016
,,,,,,,,,,,,,,,,,,,,,,,,,,,,0.014529074267062661,34.34795344196004,34.30356271270645,34.34795344196004,34.30356271270645,25.11215494404626
,,,,,,,,,,,,,,,,,,,,,,,,,,,,0.01454909824613134,34.284715275407976,34.31593444769508,34.284715275407976,34.31593444769508,25.112174719817208
,,,,,,,,,,,,,,,,,,,,,,,,,,,,0.014569121333748672,34.306548899868474,34.33437371927211,34.306548899868474,34.33437371927211,25.112194494977793
,,,,,,,,,,,,,,,,,,,,,,,,,,,,0.01458914449537878,34.31598552389315,34.278242214095734,34.31598552389315,34.278242214095734,25.112214270458157
,,,,,,,,,,,,,,,,,,,,,,,,,,,,0.01460919216449335,34.319842682034,34.28244851357751,34.319842682034,34.28244851357751,25.11223407039659
,,,,,,,,,,,,,,,,,,,,,,,,,,,,0.01462914882298535,34.31082292457581,34.33960060877197,34.31082292457581,34.33960060877197,25.11225378071219
,,,,,,,,,,,,,,,,,,,,,,,,,,,,0.014649119544356624,34.44479078572218,34.32945377392094,34.44479078572218,34.32945377392094,25.112273505193393
,,,,,,,,,,,,,,,,,,,,,,,,,,,,0.01466922021702488,34.31995718325664,34.2848388176157,34.31995718325664,34.2848388176157,25.112293358297507
,,,,,,,,,,,,,,,,,,,,,,,,,,,,0.014689252982349065,34.348534910590686,34.306632270201874,34.348534910590686,34.306632270201874,25.112313144551287
,,,,,,,,,,,,,,,,,,,,,,,,,,,,0.014709269124387908,34.287614058535915,34.31821482360557,34.287614058535915,34.31821482360557,25.112332914581412
,,,,,,,,,,,,,,,,,,,,,,,,,,,,0.014729323278006122,34.28873070620115,34.323366057203714,34.28873070620115,34.323366057203714,25.112352722350195
,,,,,,,,,,,,,,,,,,,,,,,,,,,,0.014749354568583659,34.30369561507644,34.34081570657845,34.30369561507644,34.34081570657845,25.1123725077118
,,,,,,,,,,,,,,,,,,,,,,,,,,,,0.014769326905456915,34.44517718074646,34.32684275301232,34.44517718074646,34.32684275301232,25.11239223500699
,,,,,,,,,,,,,,,,,,,,,,,,,,,,0.014789387285049463,34.36324318287428,34.30698043334409,34.36324318287428,34.30698043334409,25.112412049434372
,,,,,,,,,,,,,,,,,,,,,,,,,,,,0.014809415241145235,34.28663306940751,34.321614817914266,34.28663306940751,34.321614817914266,25.11243183200981
,,,,,,,,,,,,,,,,,,,,,,,,,,,,0.0148294002008434,34.32152216455232,34.286480390274754,34.32152216455232,34.286480390274754,25.11245157226129
,,,,,,,,,,,,,,,,,,,,,,,,,,,,0.014849424384506734,34.344822571655286,34.30945727908873,34.344822571655286,34.30945727908873,25.112471351402913
,,,,,,,,,,,,,,,,,,,,,,,,,,,,0.01486947498673905,34.44329298536773,34.33093524310464,34.44329298536773,34.33093524310464,25.112491156806005
,,,,,,,,,,,,,,,,,,,,,,,,,,,,0.014889528769919107,34.446980588218665,34.321915146874446,34.446980588218665,34.321915146874446,25.11251096552205
,,,,,,,,,,,,,,,,,,,,,,,,,,,,0.014909610668146129,34.33662563613463,34.30823074024575,34.33662563613463,34.30823074024575,25.11253080217528
,,,,,,,,,,,,,,,,,,,,,,,,,,,,0.01492963033792819,34.27774597186678,34.31620521984654,34.27774597186678,34.31620521984654,25.112550577532765
,,,,,,,,,,,,,,,,,,,,,,,,,,,,0.014949614332647647,34.316483559935875,34.28765508934639,34.316483559935875,34.28765508934639,25.1125703178472
,,,,,,,,,,,,,,,,,,,,,,,,,,,,0.014969670523346423,34.31846457625143,34.285884039883356,34.31846457625143,34.285884039883356,25.112590129672466
,,,,,,,,,,,,,,,,,,,,,,,,,,,,0.014989657200111901,34.281005276709266,34.321777754132775,34.281005276709266,34.321777754132775,25.11260987301567
,,,,,,,,,,,,,,,,,,,,,,,,,,,,0.015009662975876824,34.33233177366378,34.44401106817747,34.33233177366378,34.44401106817747,25.112629635380674
,,,,,,,,,,,,,,,,,,,,,,,,,,,,0.015029669724399095,34.340086760243274,34.308692067207986,34.340086760243274,34.308692067207986,25.11264939887409
,,,,,,,,,,,,,,,,,,,,,,,,,,,,0.01504969534380361,34.28018518522435,34.31344933021121,34.28018518522435,34.31344933021121,25.112669181201156
,,,,,,,,,,,,,,,,,,,,,,,,,,,,0.01506975138102483,34.279975865227435,34.31675714863558,34.279975865227435,34.31675714863558,25.11268899374895
,,,,,,,,,,,,,,,,,,,,,,,,,,,,0.015089804158641123,34.2875334835634,34.31991763106394,34.2875334835634,34.31991763106394,25.1127088032445
,,,,,,,,,,,,,,,,,,,,,,,,,,,,0.015109865252103597,34.284857287145854,34.321669612266305,34.284857287145854,34.321669612266305,25.11272862113113
,,,,,,,,,,,,,,,,,,,,,,,,,,,,0.015129861064511068,34.31061233709013,34.27997742121488,34.31061233709013,34.27997742121488,25.112748374705514
,,,,,,,,,,,,,,,,,,,,,,,,,,,,0.015149930429654346,34.33107574070306,34.44869581432388,34.33107574070306,34.44869581432388,25.112768201120197
,,,,,,,,,,,,,,,,,,,,,,,,,,,,0.015169961835816821,34.321470792502026,34.289062518811896,34.321470792502026,34.289062518811896,25.112787990219125
,,,,,,,,,,,,,,,,,,,,,,,,,,,,0.015189978262106142,34.368225918359606,34.313037016070396,34.368225918359606,34.313037016070396,25.112807764676383
,,,,,,,,,,,,,,,,,,,,,,,,,,,,0.015210037480762578,34.36716910838921,34.316655561545396,34.36716910838921,34.316655561545396,25.112827581552228
,,,,,,,,,,,,,,,,,,,,,,,,,,,,0.015230000989657242,34.316448742193515,34.289125210612134,34.316448742193515,34.289125210612134,25.112847304015016
,,,,,,,,,,,,,,,,,,,,,,,,,,,,0.015249981481675263,34.29017416452145,34.32232994308192,34.29017416452145,34.32232994308192,25.11286704339377
,,,,,,,,,,,,,,,,,,,,,,,,,,,,0.01526996917743688,34.318857073013746,34.28732752683284,34.318857073013746,34.28732752683284,25.112886790025136
,,,,,,,,,,,,,,,,,,,,,,,,,,,,0.015290043257811184,34.30991021343179,34.28018304357219,34.30991021343179,34.28018304357219,25.112906622144514
,,,,,,,,,,,,,,,,,,,,,,,,,,,,0.015310085650787354,34.32259541391126,34.285904770692746,34.32259541391126,34.285904770692746,25.112926423119934
,,,,,,,,,,,,,,,,,,,,,,,,,,,,0.015330133768493546,34.32285007125734,34.29091660059418,34.32285007125734,34.29091660059418,25.112946229914197
,,,,,,,,,,,,,,,,,,,,,,,,,,,,0.015350136168741505,34.28394211545479,34.31306726815961,34.28394211545479,34.31306726815961,25.112965991720863
,,,,,,,,,,,,,,,,,,,,,,,,,,,,0.015370192060606415,34.28436305286874,34.31309281619741,34.28436305286874,34.31309281619741,25.112985806545087
,,,,,,,,,,,,,,,,,,,,,,,,,,,,0.015390235805853327,34.2919804462839,34.33288172642893,34.2919804462839,34.33288172642893,25.113005609492824
,,,,,,,,,,,,,,,,,,,,,,,,,,,,0.01541023325839376,34.3203392529445,34.289570586827665,34.3203392529445,34.289570586827665,25.113025366822267
,,,,,,,,,,,,,,,,,,,,,,,,,,,,0.015430298553871057,34.31829338761484,34.28872572019021,34.31829338761484,34.28872572019021,25.113045191326478
,,,,,,,,,,,,,,,,,,,,,,,,,,,,0.015450330630402123,34.33844325986847,34.29749748782706,34.33844325986847,34.29749748782706,25.11306498316224
,,,,,,,,,,,,,,,,,,,,,,,,,,,,0.015470322020444535,34.29596400227175,34.33170612952016,34.29596400227175,34.33170612952016,25.113084734963575
,,,,,,,,,,,,,,,,,,,,,,,,,,,,0.015490321209075364,34.31867113563725,34.28689432308035,34.31867113563725,34.28689432308035,25.113104494641526
,,,,,,,,,,,,,,,,,,,,,,,,,,,,0.015510414879017269,34.31471570626641,34.35432297808671,34.31471570626641,34.35432297808671,25.11312434781451
,,,,,,,,,,,,,,,,,,,,,,,,,,,,0.01553042779359447,34.326685739291285,34.293698906806455,34.326685739291285,34.293698906806455,25.113144121322968
,,,,,,,,,,,,,,,,,,,,,,,,,,,,0.015550415951417967,34.287935726463765,34.32156248311022,34.287935726463765,34.32156248311022,25.113163870482627
,,,,,,,,,,,,,,,,,,,,,,,,,,,,0.015570404453669683,34.327040132699615,34.28752271133359,34.327040132699615,34.28752271133359,25.11318362009836
,,,,,,,,,,,,,,,,,,,,,,,,,,,,0.015590459246044297,34.329363240712546,34.29469000291051,34.329363240712546,34.29469000291051,25.113203435332295
,,,,,,,,,,,,,,,,,,,,,,,,,,,,0.01561051994310005,34.323986635377054,34.29157394100535,34.323986635377054,34.29157394100535,25.113223256524464
,,,,,,,,,,,,,,,,,,,,,,,,,,,,0.01563051371521132,34.28897525729714,34.32106124236039,34.28897525729714,34.32106124236039,25.113243011725867
,,,,,,,,,,,,,,,,,,,,,,,,,,,,0.015650593802046333,34.44741343487034,34.32474105564013,34.44741343487034,34.32474105564013,25.113262852355763
,,,,,,,,,,,,,,,,,,,,,,,,,,,,0.015670639340254464,34.28867041727894,34.318762843881565,34.28867041727894,34.318762843881565,25.113282659005353
,,,,,,,,,,,,,,,,,,,,,,,,,,,,0.01569069634399049,34.28573894289084,34.31606676109987,34.28573894289084,34.31606676109987,25.113302477165142
,,,,,,,,,,,,,,,,,,,,,,,,,,,,0.015710722590224366,34.30181375543546,34.34264073964536,34.30181375543546,34.34264073964536,25.113322265114597
,,,,,,,,,,,,,,,,,,,,,,,,,,,,0.01573073751349023,34.32107725455984,34.28928194863682,34.32107725455984,34.28928194863682,25.113342042041136
,,,,,,,,,,,,,,,,,,,,,,,,,,,,0.015750782346006364,34.32718829106575,34.29590684024011,34.32718829106575,34.29590684024011,25.11336184867721
,,,,,,,,,,,,,,,,,,,,,,,,,,,,0.015770849978302408,34.323538011503175,34.28858540438792,34.323538011503175,34.28858540438792,25.113381677951416
,,,,,,,,,,,,,,,,,,,,,,,,,,,,0.01579088008535485,34.34435270792496,34.30459022481758,34.34435270792496,34.30459022481758,25.11340147024279
,,,,,,,,,,,,,,,,,,,,,,,,,,,,0.015810890543804773,34.292967742065294,34.32469700335722,34.292967742065294,34.32469700335722,25.11342124321583
,,,,,,,,,,,,,,,,,,,,,,,,,,,,0.01583092326517699,34.30982374317671,34.34445226645839,34.30982374317671,34.34445226645839,25.11344103828725
,,,,,,,,,,,,,,,,,,,,,,,,,,,,0.01585104447458336,34.37439595742754,34.32096671452095,34.37439595742754,34.32096671452095,25.113460920882563
,,,,,,,,,,,,,,,,,,,,,,,,,,,,0.01587108425841147,34.27910134909319,34.31522339942235,34.27910134909319,34.31522339942235,25.113480723101006
,,,,,,,,,,,,,,,,,,,,,,,,,,,,0.015891160328953397,34.36347624171659,34.31913777032228,34.36347624171659,34.31913777032228,25.113500561292202
,,,,,,,,,,,,,,,,,,,,,,,,,,,,0.015911196447377082,34.28978726179472,34.31733785097747,34.28978726179472,34.31733785097747,25.1135203601335
,,,,,,,,,,,,,,,,,,,,,,,,,,,,0.015931208113090855,34.317621815493254,34.351464232014486,34.317621815493254,34.351464232014486,25.113540134923664
,,,,,,,,,,,,,,,,,,,,,,,,,,,,0.015951253524464044,34.31457230198262,34.28338148640145,34.31457230198262,34.28338148640145,25.113559943173453
,,,,,,,,,,,,,,,,,,,,,,,,,,,,0.015971289038249837,34.32666991686131,34.2898522226235,34.32666991686131,34.2898522226235,25.113579741797242
,,,,,,,,,,,,,,,,,,,,,,,,,,,,0.015991323211204386,34.34019188717779,34.30798889482292,34.34019188717779,34.30798889482292,25.113599539244156
,,,,,,,,,,,,,,,,,,,,,,,,,,,,0.016011332396733743,34.29125305803366,34.32403324329338,34.29125305803366,34.32403324329338,25.11361931209797
,,,,,,,,,,,,,,,,,,,,,,,,,,,,0.01603137435998661,34.3047625102666,34.33439509001433,34.3047625102666,34.33439509001433,25.113639117433895
,,,,,,,,,,,,,,,,,,,,,,,,,,,,0.016051382851895373,34.325280040326994,34.288252195220636,34.325280040326994,34.288252195220636,25.11365888975658
,,,,,,,,,,,,,,,,,,,,,,,,,,,,0.016071385228276,34.279763885855495,34.31263714583718,34.279763885855495,34.31263714583718,25.113678656100262
,,,,,,,,,,,,,,,,,,,,,,,,,,,,0.016091430171275824,34.290561400081444,34.31995778892376,34.290561400081444,34.31995778892376,25.113698464575155
,,,,,,,,,,,,,,,,,,,,,,,,,,,,0.016111411734652824,34.32136869043931,34.28992718370682,34.32136869043931,34.28992718370682,25.113718210507486
,,,,,,,,,,,,,,,,,,,,,,,,,,,,0.016131467205312243,34.32044757290682,34.292711871835806,34.32044757290682,34.292711871835806,25.11373802956793
,,,,,,,,,,,,,,,,,,,,,,,,,,,,0.016151511921228958,34.338630005691066,34.29782265001538,34.338630005691066,34.29782265001538,25.113757838066434
,,,,,,,,,,,,,,,,,,,,,,,,,,,,0.016171509817334204,34.28861149850147,34.32835902927668,34.28861149850147,34.32835902927668,25.113777600379986
,,,,,,,,,,,,,,,,,,,,,,,,,,,,0.016191575753519878,34.290186614665366,34.31964929641259,34.290186614665366,34.31964929641259,25.113797429991827
,,,,,,,,,,,,,,,,,,,,,,,,,,,,0.016211632613612987,34.28817708534144,34.326387859296204,34.28817708534144,34.326387859296204,25.113817250660393
,,,,,,,,,,,,,,,,,,,,,,,,,,,,0.0162316666530963,34.30921964504538,34.3375573710071,34.30921964504538,34.3375573710071,25.113837048851344
,,,,,,,,,,,,,,,,,,,,,,,,,,,,0.016251723402794432,34.31032681414983,34.34030341295208,34.31032681414983,34.34030341295208,25.113856869586336
,,,,,,,,,,,,,,,,,,,,,,,,,,,,0.016271755963371357,34.32760247959905,34.44350459647083,34.32760247959905,34.44350459647083,25.113876666497738
,,,,,,,,,,,,,,,,,,,,,,,,,,,,0.016291798597774198,34.32147829568485,34.290766170262756,34.32147829568485,34.290766170262756,25.11389647344154
,,,,,,,,,,,,,,,,,,,,,,,,,,,,0.016311853800195605,34.328684060655135,34.28972035369977,34.328684060655135,34.28972035369977,25.113916292869423
,,,,,,,,,,,,,,,,,,,,,,,,,,,,0.016331844505420003,34.28807209683933,34.3228792433028,34.28807209683933,34.3228792433028,25.113936048619387
,,,,,,,,,,,,,,,,,,,,,,,,,,,,0.016351829326102168,34.32553660192371,34.288663942302236,34.32553660192371,34.288663942302236,25.11395579864747
,,,,,,,,,,,,,,,,,,,,,,,,,,,,0.01637185960549856,34.33808435061849,34.30391434681629,34.33808435061849,34.30391434681629,25.113975593719413
,,,,,,,,,,,,,,,,,,,,,,,,,,,,0.016391905664796626,34.352909101889345,34.311280926000244,34.352909101889345,34.311280926000244,25.113995404503235
,,,,,,,,,,,,,,,,,,,,,,,,,,,,0.016411973722775475,34.341899882345466,34.30403005351572,34.341899882345466,34.30403005351572,25.114015237136705
,,,,,,,,,,,,,,,,,,,,,,,,,,,,0.016432107652439285,34.30714657414372,34.33988994758577,34.30714657414372,34.33988994758577,25.114035134990687
,,,,,,,,,,,,,,,,,,,,,,,,,,,,0.016452155192466726,34.30809354818963,34.34705124863173,34.30809354818963,34.34705124863173,25.11405494755951
,,,,,,,,,,,,,,,,,,,,,,,,,,,,0.016472132188638123,34.37213914609943,34.32170312983727,34.37213914609943,34.32170312983727,25.11407469049463
,,,,,,,,,,,,,,,,,,,,,,,,,,,,0.01649209563223149,34.319707489772156,34.286981804217156,34.319707489772156,34.286981804217156,25.11409442014378
,,,,,,,,,,,,,,,,,,,,,,,,,,,,0.016512092872898027,34.285053830407804,34.316368320601335,34.285053830407804,34.316368320601335,25.114114183321373
,,,,,,,,,,,,,,,,,,,,,,,,,,,,0.016532138105277098,34.29372699572188,34.32442210800119,34.29372699572188,34.32442210800119,25.114133994051283
,,,,,,,,,,,,,,,,,,,,,,,,,,,,0.016552124414241722,34.326648408076956,34.2822383249156,34.326648408076956,34.2822383249156,25.114153746677463
,,,,,,,,,,,,,,,,,,,,,,,,,,,,0.016572135604058208,34.35504929562009,34.314429228244045,34.35504929562009,34.314429228244045,25.114173524006304
,,,,,,,,,,,,,,,,,,,,,,,,,,,,0.016592229239785265,34.33067252981718,34.29111084645298,34.33067252981718,34.29111084645298,25.114193382915765
,,,,,,,,,,,,,,,,,,,,,,,,,,,,0.016612230543574736,34.28856888052467,34.316298206188684,34.28856888052467,34.316298206188684,25.114213150622184
,,,,,,,,,,,,,,,,,,,,,,,,,,,,0.016632274465099628,34.29714255719094,34.33183550740397,34.29714255719094,34.33183550740397,25.114232960471192
,,,,,,,,,,,,,,,,,,,,,,,,,,,,0.01665231598685004,34.300591918793785,34.343518791200275,34.300591918793785,34.343518791200275,25.114252767974726
,,,,,,,,,,,,,,,,,,,,,,,,,,,,0.016672362097864615,34.31234044090612,34.34741638028237,34.31234044090612,34.34741638028237,25.114272580057722
,,,,,,,,,,,,,,,,,,,,,,,,,,,,0.016692452590519477,34.29221292391703,34.329331306006985,34.29221292391703,34.329331306006985,25.11429243605184
,,,,,,,,,,,,,,,,,,,,,,,,,,,,0.016712464211043457,34.32662559709311,34.45181230497755,34.32662559709311,34.45181230497755,25.114312214123377
,,,,,,,,,,,,,,,,,,,,,,,,,,,,0.016732569123322123,34.29644248114993,34.329634483778534,34.29644248114993,34.329634483778534,25.11433208441231
,,,,,,,,,,,,,,,,,,,,,,,,,,,,0.016752567123225412,34.323978141757365,34.289092301341384,34.323978141757365,34.289092301341384,25.11435184905509
,,,,,,,,,,,,,,,,,,,,,,,,,,,,0.01677259656505696,34.3362777530873,34.31234250876508,34.3362777530873,34.31234250876508,25.11437164478742
,,,,,,,,,,,,,,,,,,,,,,,,,,,,0.016792625549937577,34.454374109141796,34.33048583357859,34.454374109141796,34.33048583357859,25.114391440089797
,,,,,,,,,,,,,,,,,,,,,,,,,,,,0.016812658165668945,34.29415060378747,34.32617864741298,34.29415060378747,34.32617864741298,25.114411239038894
,,,,,,,,,,,,,,,,,,,,,,,,,,,,0.016832720694361876,34.296220887166385,34.324198988678496,34.296220887166385,34.324198988678496,25.114431067607445
,,,,,,,,,,,,,,,,,,,,,,,,,,,,0.016852717641443936,34.32240818391281,34.291599800030376,34.32240818391281,34.291599800030376,25.114450831413667
,,,,,,,,,,,,,,,,,,,,,,,,,,,,0.016872794564993195,34.32177573261317,34.367626731766386,34.32177573261317,34.367626731766386,25.114470674330526
,,,,,,,,,,,,,,,,,,,,,,,,,,,,0.016892831154895017,34.32540827201481,34.29449121612674,34.32540827201481,34.29449121612674,25.114490477446907
,,,,,,,,,,,,,,,,,,,,,,,,,,,,0.016912877514629474,34.330333963422426,34.29537510533835,34.330333963422426,34.29537510533835,25.114510290308697
,,,,,,,,,,,,,,,,,,,,,,,,,,,,0.0169328729797328,34.29439939074557,34.32426385450893,34.29439939074557,34.32426385450893,25.114530052951036
,,,,,,,,,,,,,,,,,,,,,,,,,,,,0.01695292373710181,34.298472502840006,34.33046323383701,34.298472502840006,34.33046323383701,25.11454987032083
,,,,,,,,,,,,,,,,,,,,,,,,,,,,0.016972980243600524,34.29483874920306,34.33049238130375,34.29483874920306,34.33049238130375,25.11456969345149
,,,,,,,,,,,,,,,,,,,,,,,,,,,,0.016992969483870128,34.332015811938284,34.29638529637917,34.332015811938284,34.29638529637917,25.114589450138705
,,,,,,,,,,,,,,,,,,,,,,,,,,,,0.017013019749992517,34.333583280859834,34.29950476864759,34.333583280859834,34.29950476864759,25.114609267171662
,,,,,,,,,,,,,,,,,,,,,,,,,,,,0.017033011294357015,34.29632787787507,34.336554757609,34.29632787787507,34.336554757609,25.114629026240827
,,,,,,,,,,,,,,,,,,,,,,,,,,,,0.01705300873324126,34.32752238069809,34.28455805599396,34.32752238069809,34.28455805599396,25.114648791214094
,,,,,,,,,,,,,,,,,,,,,,,,,,,,0.01707305736698435,34.328558411548016,34.29521603947312,34.328558411548016,34.29521603947312,25.114668606854924
,,,,,,,,,,,,,,,,,,,,,,,,,,,,0.01709311504542564,34.330585385860324,34.296190851848664,34.330585385860324,34.296190851848664,25.11468843149681
,,,,,,,,,,,,,,,,,,,,,,,,,,,,0.017113160999723938,34.34279410855705,34.30091053516098,34.34279410855705,34.30091053516098,25.1147082446251
,,,,,,,,,,,,,,,,,,,,,,,,,,,,0.017133197494535474,34.36100652814973,34.31399877749635,34.36100652814973,34.31399877749635,25.114728048433477
,,,,,,,,,,,,,,,,,,,,,,,,,,,,0.017153218389797765,34.29427991004718,34.33085216702013,34.29427991004718,34.33085216702013,25.11474783683682
,,,,,,,,,,,,,,,,,,,,,,,,,,,,0.017173253541999785,34.30709466880759,34.34545988062345,34.30709466880759,34.34545988062345,25.114767639365798
,,,,,,,,,,,,,,,,,,,,,,,,,,,,0.017193272033337474,34.324931538958104,34.29565465426451,34.324931538958104,34.29565465426451,25.114787425441136
,,,,,,,,,,,,,,,,,,,,,,,,,,,,0.01721331321830798,34.33831453565704,34.3044850401163,34.33831453565704,34.3044850401163,25.114807233978368
,,,,,,,,,,,,,,,,,,,,,,,,,,,,0.017233321060554713,34.292260586736994,34.32095520248935,34.292260586736994,34.32095520248935,25.114827009583106
,,,,,,,,,,,,,,,,,,,,,,,,,,,,0.017253374088449628,34.28988490947022,34.32612458099992,34.28988490947022,34.32612458099992,25.11484682986524
,,,,,,,,,,,,,,,,,,,,,,,,,,,,0.017273457223246285,34.447523678277896,34.33860337700596,34.447523678277896,34.33860337700596,25.114866679964855
,,,,,,,,,,,,,,,,,,,,,,,,,,,,0.017293530300143405,34.34660593565938,34.31343769614752,34.34660593565938,34.31343769614752,25.11488652017544
,,,,,,,,,,,,,,,,,,,,,,,,,,,,0.017313625438386045,34.327249629588295,34.29413325066167,34.327249629588295,34.29413325066167,25.114906382201692
,,,,,,,,,,,,,,,,,,,,,,,,,,,,0.017333679100403683,34.33113091277404,34.29170812422532,34.33113091277404,34.29170812422532,25.11492620324169
,,,,,,,,,,,,,,,,,,,,,,,,,,,,0.017353666621922066,34.29723638591949,34.33094441554904,34.29723638591949,34.33094441554904,25.11494595895322
,,,,,,,,,,,,,,,,,,,,,,,,,,,,0.01737368748716907,34.31719972335617,34.35962167114008,34.31719972335617,34.35962167114008,25.114965747692914
,,,,,,,,,,,,,,,,,,,,,,,,,,,,0.017393719428950297,34.31874462061911,34.28998803194001,34.31874462061911,34.28998803194001,25.114985547435165
,,,,,,,,,,,,,,,,,,,,,,,,,,,,0.017413706445392172,34.287686557796704,34.323977639446376,34.287686557796704,34.323977639446376,25.115005302818247
,,,,,,,,,,,,,,,,,,,,,,,,,,,,0.01743376453306013,34.28102667520694,34.326259150682375,34.28102667520694,34.326259150682375,25.115025128485392
,,,,,,,,,,,,,,,,,,,,,,,,,,,,0.017453791074281074,34.30665659714717,34.34513925077793,34.30665659714717,34.34513925077793,25.115044922974857
,,,,,,,,,,,,,,,,,,,,,,,,,,,,0.017473807237192485,34.32403938919238,34.29345341116403,34.32403938919238,34.29345341116403,25.11506470720869
,,,,,,,,,,,,,,,,,,,,,,,,,,,,0.017493824589873554,34.35489961826923,34.31194134076768,34.35489961826923,34.31194134076768,25.115084492603476
,,,,,,,,,,,,,,,,,,,,,,,,,,,,0.01751385069501905,34.287823284002734,34.32795185037222,34.287823284002734,34.32795185037222,25.115104286630828
,,,,,,,,,,,,,,,,,,,,,,,,,,,,0.017533913513573193,34.2905195369197,34.31652773177802,34.2905195369197,34.31652773177802,25.115124116953737
,,,,,,,,,,,,,,,,,,,,,,,,,,,,0.017553959568560974,34.287221630113656,34.32812724138694,34.287221630113656,34.32812724138694,25.1151439307379
,,,,,,,,,,,,,,,,,,,,,,,,,,,,0.01757395750140058,34.3241145418078,34.286690964341304,34.3241145418078,34.286690964341304,25.11516369696674
,,,,,,,,,,,,,,,,,,,,,,,,,,,,0.01759399815167478,34.327919758968875,34.29685993861446,34.327919758968875,34.29685993861446,25.115183505416656
,,,,,,,,,,,,,,,,,,,,,,,,,,,,0.017614076642927506,34.318179958801736,34.28722954519387,34.318179958801736,34.28722954519387,25.115203351247683
,,,,,,,,,,,,,,,,,,,,,,,,,,,,0.01763408874732229,34.3517836563223,34.316826519046444,34.3517836563223,34.316826519046444,25.115223131448715
,,,,,,,,,,,,,,,,,,,,,,,,,,,,0.01765411991300938,34.287254775869535,34.32702638278482,34.287254775869535,34.32702638278482,25.115242930503825
,,,,,,,,,,,,,,,,,,,,,,,,,,,,0.017674170571884508,34.291300571321585,34.32593740948147,34.291300571321585,34.32593740948147,25.11526274884936
,,,,,,,,,,,,,,,,,,,,,,,,,,,,0.01769422748508289,34.29350259591638,34.32711372506012,34.29350259591638,34.32711372506012,25.1152825734018
,,,,,,,,,,,,,,,,,,,,,,,,,,,,0.017714179566724622,34.34875868100239,34.31286147555345,34.34875868100239,34.31286147555345,25.115302294351284
,,,,,,,,,,,,,,,,,,,,,,,,,,,,0.017734176920389512,34.30839646804681,34.34619927307099,34.30839646804681,34.34619927307099,25.115322060088527
,,,,,,,,,,,,,,,,,,,,,,,,,,,,0.017754195248973016,34.31922477931335,34.28509124722653,34.31922477931335,34.28509124722653,25.11534184663132
,,,,,,,,,,,,,,,,,,,,,,,,,,,,0.017774254376226806,34.322169672676175,34.28238434051429,34.322169672676175,34.28238434051429,25.115361673556606
,,,,,,,,,,,,,,,,,,,,,,,,,,,,0.01779429837590821,34.33060630203944,34.303435453326095,34.33060630203944,34.303435453326095,25.115381485554213
,,,,,,,,,,,,,,,,,,,,,,,,,,,,0.01781437995235896,34.31423986007234,34.283781960740974,34.31423986007234,34.283781960740974,25.11540133470106
,,,,,,,,,,,,,,,,,,,,,,,,,,,,0.01783441791599464,34.33141392763685,34.295048362042,34.33141392763685,34.295048362042,25.115421140742374
,,,,,,,,,,,,,,,,,,,,,,,,,,,,0.017854472649785052,34.32869738373598,34.29377710464453,34.32869738373598,34.29377710464453,25.11544096333741
,,,,,,,,,,,,,,,,,,,,,,,,,,,,0.017874515754711585,34.348131477683566,34.30747272887744,34.348131477683566,34.30747272887744,25.115460774443555
,,,,,,,,,,,,,,,,,,,,,,,,,,,,0.01789453269414569,34.29010303917193,34.32009978907244,34.29010303917193,34.32009978907244,25.115480559689367
,,,,,,,,,,,,,,,,,,,,,,,,,,,,0.01791464908030116,34.33167212181888,34.300557862085654,34.33167212181888,34.300557862085654,25.115500443220032
,,,,,,,,,,,,,,,,,,,,,,,,,,,,0.017934742393634424,34.32579392668443,34.38916053389293,34.32579392668443,34.38916053389293,25.11552030392825
,,,,,,,,,,,,,,,,,,,,,,,,,,,,0.017954775308393456,34.32695954849634,34.297969646702555,34.32695954849634,34.297969646702555,25.11554010491526
,,,,,,,,,,,,,,,,,,,,,,,,,,,,0.01797476120432694,34.29452543330508,34.32792824477693,34.29452543330508,34.32792824477693,25.115559859400996
,,,,,,,,,,,,,,,,,,,,,,,,,,,,0.01799484445864809,34.37597474999835,34.31921646023095,34.37597474999835,34.31921646023095,25.115579710079658
,,,,,,,,,,,,,,,,,,,,,,,,,,,,0.018014884069922476,34.29076858785414,34.32615089456628,34.29076858785414,34.32615089456628,25.11559951758026
,,,,,,,,,,,,,,,,,,,,,,,,,,,,0.018034963950233636,34.37287006693739,34.3213910186816,34.37287006693739,34.3213910186816,25.115619364839084
,,,,,,,,,,,,,,,,,,,,,,,,,,,,0.01805504945643554,34.33780246561354,34.3018661266015,34.33780246561354,34.3018661266015,25.11563921760714
,,,,,,,,,,,,,,,,,,,,,,,,,,,,0.01807505483432405,34.296772792658864,34.32937777445254,34.296772792658864,34.32937777445254,25.115658991146866
,,,,,,,,,,,,,,,,,,,,,,,,,,,,0.018095109779968328,34.290527535228,34.33221419759074,34.290527535228,34.33221419759074,25.115678813675935
,,,,,,,,,,,,,,,,,,,,,,,,,,,,0.018115178358502675,34.287238998905416,34.32420534722556,34.287238998905416,34.32420534722556,25.11569864970606
,,,,,,,,,,,,,,,,,,,,,,,,,,,,0.018135207945536434,34.307648166255994,34.34148158334558,34.307648166255994,34.34148158334558,25.115718447185838
,,,,,,,,,,,,,,,,,,,,,,,,,,,,0.01815521967775272,34.32533229066071,34.29581903478232,34.32533229066071,34.29581903478232,25.11573822699516
,,,,,,,,,,,,,,,,,,,,,,,,,,,,0.0181752286207809,34.38097229034746,34.32901247345075,34.38097229034746,34.32901247345075,25.115758004044153
,,,,,,,,,,,,,,,,,,,,,,,,,,,,0.01819527945341408,34.28513361694083,34.31501138841062,34.28513361694083,34.31501138841062,25.115777822485022
,,,,,,,,,,,,,,,,,,,,,,,,,,,,0.018215306787032287,34.3043390328254,34.3372846397432,34.3043390328254,34.3372846397432,25.115797617719203
,,,,,,,,,,,,,,,,,,,,,,,,,,,,0.018235310756615976,34.32536800384403,34.290506059676716,34.32536800384403,34.290506059676716,25.115817389880576
,,,,,,,,,,,,,,,,,,,,,,,,,,,,0.018255298218500346,34.286874311238165,34.31955180334353,34.286874311238165,34.31955180334353,25.115837145744496
,,,,,,,,,,,,,,,,,,,,,,,,,,,,0.01827534438477382,34.29296397030578,34.331680655524295,34.29296397030578,34.331680655524295,25.11585695963482
,,,,,,,,,,,,,,,,,,,,,,,,,,,,0.01829539939715176,34.29521193772154,34.33376025209684,34.29521193772154,34.33376025209684,25.115876782249803
,,,,,,,,,,,,,,,,,,,,,,,,,,,,0.01831539740420134,34.32842251827351,34.29898939714087,34.32842251827351,34.29898939714087,25.115896548501293
,,,,,,,,,,,,,,,,,,,,,,,,,,,,0.018335408981417937,34.366475254926044,34.31884286773424,34.366475254926044,34.31884286773424,25.115916328178592
,,,,,,,,,,,,,,,,,,,,,,,,,,,,0.01835543697131809,34.29594917426848,34.33005324932618,34.29594917426848,34.33005324932618,25.11593612409039
,,,,,,,,,,,,,,,,,,,,,,,,,,,,0.018375427356924618,34.32003131611748,34.29130156936104,34.32003131611748,34.29130156936104,25.11595588282215
,,,,,,,,,,,,,,,,,,,,,,,,,,,,0.018395484274505478,34.32313541592052,34.29479192984656,34.32313541592052,34.29479192984656,25.115975707287138
,,,,,,,,,,,,,,,,,,,,,,,,,,,,0.01841554511177146,34.32682939061132,34.29547504453933,34.32682939061132,34.29547504453933,25.11599553558906
,,,,,,,,,,,,,,,,,,,,,,,,,,,,0.018435602214292388,34.32361805404109,34.292269801669434,34.32361805404109,34.292269801669434,25.116015360148552
,,,,,,,,,,,,,,,,,,,,,,,,,,,,0.01845563596651186,34.346605274231365,34.309136420696255,34.346605274231365,34.309136420696255,25.116035161553736
,,,,,,,,,,,,,,,,,,,,,,,,,,,,0.018475713123039663,34.33250308146774,34.29253669249303,34.33250308146774,34.29253669249303,25.116055005777337
,,,,,,,,,,,,,,,,,,,,,,,,,,,,0.01849572482599347,34.45536461646368,34.33912238551225,34.45536461646368,34.33912238551225,25.11607478524196
,,,,,,,,,,,,,,,,,,,,,,,,,,,,0.018515813579682232,34.34403203219089,34.302807873186005,34.34403203219089,34.302807873186005,25.11609464082986
,,,,,,,,,,,,,,,,,,,,,,,,,,,,0.018535797709126216,34.3122522933772,34.34092068902162,34.3122522933772,34.34092068902162,25.116114392994902
,,,,,,,,,,,,,,,,,,,,,,,,,,,,0.01855578882810743,34.338672039808344,34.30486971176657,34.338672039808344,34.30486971176657,25.116134152042576
,,,,,,,,,,,,,,,,,,,,,,,,,,,,0.01857583068292203,34.34939561488397,34.31451853379396,34.34939561488397,34.31451853379396,25.116153961210355
,,,,,,,,,,,,,,,,,,,,,,,,,,,,0.01859584277956617,34.2985669662003,34.33544245094492,34.2985669662003,34.33544245094492,25.116173740910995
,,,,,,,,,,,,,,,,,,,,,,,,,,,,0.018615832315677688,34.33457291361378,34.297002935045086,34.33457291361378,34.297002935045086,25.11619349826614
,,,,,,,,,,,,,,,,,,,,,,,,,,,,0.018635852640592945,34.357404265434475,34.31737228583597,34.357404265434475,34.31737228583597,25.116213286004605
,,,,,,,,,,,,,,,,,,,,,,,,,,,,0.01865587969624654,34.29913133598881,34.329309746717314,34.29913133598881,34.329309746717314,25.116233080330343
,,,,,,,,,,,,,,,,,,,,,,,,,,,,0.018675887584526474,34.332366194023656,34.44939284505677,34.332366194023656,34.44939284505677,25.116252855688714
,,,,,,,,,,,,,,,,,,,,,,,,,,,,0.018695943360272565,34.32108390055862,34.28080538927682,34.32108390055862,34.28080538927682,25.116272678394942
,,,,,,,,,,,,,,,,,,,,,,,,,,,,0.018715986109291097,34.32664794337988,34.29373915604412,34.32664794337988,34.29373915604412,25.116292488253336
,,,,,,,,,,,,,,,,,,,,,,,,,,,,0.018736064426261995,34.32584968104009,34.45984768658474,34.32584968104009,34.45984768658474,25.116312333274738
,,,,,,,,,,,,,,,,,,,,,,,,,,,,0.018756169594310323,34.29383033616903,34.33168333002453,34.29383033616903,34.33168333002453,25.116332204817084
,,,,,,,,,,,,,,,,,,,,,,,,,,,,0.018776213892592087,34.30238747715736,34.339269519944395,34.30238747715736,34.339269519944395,25.116352016170254
,,,,,,,,,,,,,,,,,,,,,,,,,,,,0.018796194033495573,34.344301332181836,34.31401874903598,34.344301332181836,34.31401874903598,25.116371764143853
,,,,,,,,,,,,,,,,,,,,,,,,,,,,0.01881627593284085,34.33288868365011,34.30194245589642,34.33288868365011,34.30194245589642,25.11639161276009
,,,,,,,,,,,,,,,,,,,,,,,,,,,,0.01883633686829759,34.333528361310634,34.297997509675554,34.333528361310634,34.297997509675554,25.11641144070127
,,,,,,,,,,,,,,,,,,,,,,,,,,,,0.018856394493214797,34.328855802870294,34.30044134481835,34.328855802870294,34.30044134481835,25.116431265414025
,,,,,,,,,,,,,,,,,,,,,,,,,,,,0.018876384689497067,34.29518977785878,34.33036027532323,34.29518977785878,34.33036027532323,25.116451023531546
,,,,,,,,,,,,,,,,,,,,,,,,,,,,0.01889636617929428,34.33380404640805,34.29748019068535,34.33380404640805,34.29748019068535,25.116470773091166
,,,,,,,,,,,,,,,,,,,,,,,,,,,,0.01891640140461547,34.33872448906433,34.30572484817918,34.33872448906433,34.30572484817918,25.116490575781842
,,,,,,,,,,,,,,,,,,,,,,,,,,,,0.018936476231997894,34.33363301161853,34.303120758557355,34.33363301161853,34.303120758557355,25.11651041760979
,,,,,,,,,,,,,,,,,,,,,,,,,,,,0.01895647821707776,34.28901400406945,34.32344287403961,34.28901400406945,34.32344287403961,25.116530187444962
,,,,,,,,,,,,,,,,,,,,,,,,,,,,0.01897647976590845,34.334135537669255,34.45493407200491,34.334135537669255,34.45493407200491,25.11654995682852
,,,,,,,,,,,,,,,,,,,,,,,,,,,,0.018996519107370543,34.32686701620286,34.29931384685358,34.32686701620286,34.29931384685358,25.11656976352348
,,,,,,,,,,,,,,,,,,,,,,,,,,,,0.01901660585392546,34.319688523596774,34.36403258042323,34.319688523596774,34.36403258042323,25.116589617040024
,,,,,,,,,,,,,,,,,,,,,,,,,,,,0.01903659725497932,34.353853885484504,34.31965369678628,34.353853885484504,34.31965369678628,25.116609376289993
,,,,,,,,,,,,,,,,,,,,,,,,,,,,0.01905662529838378,34.292306525071794,34.32490552027247,34.292306525071794,34.32490552027247,25.116629171742886
,,,,,,,,,,,,,,,,,,,,,,,,,,,,0.019076751598008403,34.32608958637831,34.3030172976718,34.32608958637831,34.3030172976718,25.116649064309012
,,,,,,,,,,,,,,,,,,,,,,,,,,,,0.01909680072845016,34.333619923103456,34.30046658500654,34.333619923103456,34.30046658500654,25.11666888060948
,,,,,,,,,,,,,,,,,,,,,,,,,,,,0.019116859657483325,34.33216524399502,34.29630931935332,34.33216524399502,34.29630931935332,25.116688706612155
,,,,,,,,,,,,,,,,,,,,,,,,,,,,0.01913690113965395,34.34081190785652,34.31180791327368,34.34081190785652,34.31180791327368,25.116708515369012
,,,,,,,,,,,,,,,,,,,,,,,,,,,,0.019156966736982885,34.33732520515255,34.30454680083536,34.33732520515255,34.30454680083536,25.11672834796366
,,,,,,,,,,,,,,,,,,,,,,,,,,,,0.01917696406441829,34.304600940263754,34.33838379128163,34.304600940263754,34.33838379128163,25.11674811305564
,,,,,,,,,,,,,,,,,,,,,,,,,,,,0.019196961177553092,34.32966018793268,34.29629994378483,34.32966018793268,34.29629994378483,25.11676787793396
,,,,,,,,,,,,,,,,,,,,,,,,,,,,0.019216948919403756,34.287970600276196,34.327950585655465,34.287970600276196,34.327950585655465,25.116787633604968
,,,,,,,,,,,,,,,,,,,,,,,,,,,,0.019236922668839442,34.32918137043127,34.29946831481495,34.32918137043127,34.29946831481495,25.116807375532538
,,,,,,,,,,,,,,,,,,,,,,,,,,,,0.019256930898914684,34.28143853614802,34.32033734084424,34.28143853614802,34.32033734084424,25.116827151610615
,,,,,,,,,,,,,,,,,,,,,,,,,,,,0.01927698228658762,34.28964924073668,34.32566315768805,34.28964924073668,34.32566315768805,25.116846970355148
,,,,,,,,,,,,,,,,,,,,,,,,,,,,0.019297022221239697,34.294796000319806,34.33396608342153,34.294796000319806,34.33396608342153,25.11686677778054
,,,,,,,,,,,,,,,,,,,,,,,,,,,,0.019317012145107983,34.32781798335886,34.29853987889904,34.32781798335886,34.29853987889904,25.11688653578672
,,,,,,,,,,,,,,,,,,,,,,,,,,,,0.019337079779721534,34.331032960468754,34.297591685144475,34.331032960468754,34.297591685144475,25.116906370652192
,,,,,,,,,,,,,,,,,,,,,,,,,,,,0.0193571016281827,34.3539411725125,34.31929497829906,34.3539411725125,34.31929497829906,25.1169261603348
,,,,,,,,,,,,,,,,,,,,,,,,,,,,0.019377112899204015,34.30527894784568,34.33350043361683,34.30527894784568,34.33350043361683,25.11694593961909
,,,,,,,,,,,,,,,,,,,,,,,,,,,,0.019397098662298946,34.32871426260856,34.297975324445765,34.32871426260856,34.297975324445765,25.116965693736162
,,,,,,,,,,,,,,,,,,,,,,,,,,,,0.019417144091386188,34.34561639377414,34.30752302806573,34.34561639377414,34.30752302806573,25.116985506861283
,,,,,,,,,,,,,,,,,,,,,,,,,,,,0.01943711850924641,34.30838642743096,34.351448285728516,34.30838642743096,34.351448285728516,25.1170052498508
,,,,,,,,,,,,,,,,,,,,,,,,,,,,0.019457128543535006,34.331356647227416,34.29978836426647,34.331356647227416,34.29978836426647,25.117025028118636
,,,,,,,,,,,,,,,,,,,,,,,,,,,,0.01947721194261795,34.31977472255779,34.284225109376465,34.31977472255779,34.284225109376465,25.117044878973747
,,,,,,,,,,,,,,,,,,,,,,,,,,,,0.01949725775303235,34.32093182215043,34.28998862290561,34.32093182215043,34.28998862290561,25.117064692713015
,,,,,,,,,,,,,,,,,,,,,,,,,,,,0.01951730248837461,34.335864635245116,34.29830482368551,34.335864635245116,34.29830482368551,25.11708450540422
,,,,,,,,,,,,,,,,,,,,,,,,,,,,0.01953730621940773,34.292185966918886,34.328899121888554,34.292185966918886,34.328899121888554,25.117104277565424
,,,,,,,,,,,,,,,,,,,,,,,,,,,,0.019557358081850586,34.28651726827873,34.329699052375005,34.28651726827873,34.329699052375005,25.117124097298873
,,,,,,,,,,,,,,,,,,,,,,,,,,,,0.019577389245097554,34.310959598535064,34.35416491517502,34.310959598535064,34.35416491517502,25.117143896574508
,,,,,,,,,,,,,,,,,,,,,,,,,,,,0.019597418883801777,34.33385940925902,34.455826897396776,34.33385940925902,34.455826897396776,25.117163694334387
,,,,,,,,,,,,,,,,,,,,,,,,,,,,0.019617525298798212,34.302972301170875,34.33517009802901,34.302972301170875,34.33517009802901,25.117183567957905
,,,,,,,,,,,,,,,,,,,,,,,,,,,,0.01963752492204189,34.3203187814085,34.302028955896255,34.3203187814085,34.302028955896255,25.117203335993157
,,,,,,,,,,,,,,,,,,,,,,,,,,,,0.01965757122363031,34.33030590502579,34.30027631175621,34.33030590502579,34.30027631175621,25.117223150166346
,,,,,,,,,,,,,,,,,,,,,,,,,,,,0.0196775498894849,34.300968251322466,34.339237872518346,34.300968251322466,34.339237872518346,25.11724289748258
,,,,,,,,,,,,,,,,,,,,,,,,,,,,0.019697528286751764,34.33895547415048,34.30651531640782,34.33895547415048,34.30651531640782,25.117262644556074
,,,,,,,,,,,,,,,,,,,,,,,,,,,,0.01971760145962589,34.33526708572907,34.29430842954693,34.33526708572907,34.29430842954693,25.117282485345683
,,,,,,,,,,,,,,,,,,,,,,,,,,,,0.019737596784957376,34.29593356992842,34.32976310871287,34.29593356992842,34.32976310871287,25.11730224921609
,,,,,,,,,,,,,,,,,,,,,,,,,,,,0.01975764921328238,34.29914332409414,34.332573641860954,34.29914332409414,34.332573641860954,25.117322069569358
,,,,,,,,,,,,,,,,,,,,,,,,,,,,0.019777703893035566,34.29734464614638,34.339569334818094,34.29734464614638,34.339569334818094,25.117341892184566
,,,,,,,,,,,,,,,,,,,,,,,,,,,,0.01979776242238661,34.29313963172554,34.33704746592898,34.29313963172554,34.33704746592898,25.11736171866548
,,,,,,,,,,,,,,,,,,,,,,,,,,,,0.019817762485895243,34.32248783663983,34.2914378580106,34.32248783663983,34.2914378580106,25.117381487449645
,,,,,,,,,,,,,,,,,,,,,,,,,,,,0.019837837515031927,34.3332597341255,34.453598295752265,34.3332597341255,34.453598295752265,25.117401330398952
,,,,,,,,,,,,,,,,,,,,,,,,,,,,0.01985786490554671,34.331507805962026,34.29940185296147,34.331507805962026,34.29940185296147,25.117421126286988
,,,,,,,,,,,,,,,,,,,,,,,,,,,,0.0198778547990343,34.29348264143846,34.334863561226484,34.29348264143846,34.334863561226484,25.117440885122974
,,,,,,,,,,,,,,,,,,,,,,,,,,,,0.01989790411519436,34.30372533636571,34.33600729265168,34.30372533636571,34.33600729265168,25.11746070268112
,,,,,,,,,,,,,,,,,,,,,,,,,,,,0.019917932158390772,34.32012130691461,34.368068708699624,34.32012130691461,34.368068708699624,25.117480499189256
,,,,,,,,,,,,,,,,,,,,,,,,,,,,0.019938026402559598,34.30239510169577,34.3325601743646,34.30239510169577,34.3325601743646,25.117500361115376
,,,,,,,,,,,,,,,,,,,,,,,,,,,,0.01995807211122361,34.309333507890464,34.34128484887104,34.309333507890464,34.34128484887104,25.117520175080077
,,,,,,,,,,,,,,,,,,,,,,,,,,,,0.01997808931625966,34.323381852024134,34.29136791490915,34.323381852024134,34.29136791490915,25.117539960864953
,,,,,,,,,,,,,,,,,,,,,,,,,,,,0.01999808598764498,34.43807303103536,34.342430569760616,34.43807303103536,34.342430569760616,25.117559726368953
