freq,duty,rcs,rsa,csa,vin,rl,k,Iin,Vout,Iout,S1_Pcond,S1_Psw,S1_Ptot,S2_Pcond,S2_Psw,S2_Ptot,S3_Pcond,S3_Psw,S3_Ptot,S4_Pcond,S4_Psw,S4_Ptot,Tj_S1,Tj_S2,Tj_S3,Tj_S4,T_heatsink,Time,Tj_S1_ts,Tj_S2_ts,Tj_S3_ts,Tj_S4_ts,T_heatsink_ts
6780000.0,0.5,0.2,0.5,33.5,100.0,115.0,0.6,,,,,,,,,,,,,,,,,,,,,,,,,,
,,,,,,,,2.04568605055909,150.1919159497912,1.306016660432967,0.306712284483095,7.652585382702457,7.9592976671855515,0.30646443300776116,7.6526322283600035,7.959096661367765,0.306712284483095,7.652585382702457,7.9592976671855515,0.30646443300776116,7.6526322283600035,7.959096661367765,33.951650621674894,33.99689291178527,33.951650621674894,33.99689291178527,25.116854346468337,,,,,,
,,,,,,,,,,,,,,,,,,,,,,,,,,,,0.0,25.1,25.1,25.1,25.1,25.1
,,,,,,,,,,,,,,,,,,,,,,,,,,,,1.2282348523966344e-05,26.170917821340048,26.16587652600916,26.170917821340048,26.16587652600916,25.100000001367793
,,,,,,,,,,,,,,,,,,,,,,,,,,,,3.232517285709917e-05,26.304042376149706,26.262961046067588,26.304042376149706,26.262961046067588,25.100000034238427
,,,,,,,,,,,,,,,,,,,,,,,,,,,,5.369254019559257e-05,26.540246582709027,26.46877079781891,26.540246582709027,26.46877079781891,25.100000152383227
,,,,,,,,,,,,,,,,,,,,,,,,,,,,7.574270232968194e-05,26.646584727168708,26.720761056652368,26.646584727168708,26.720761056652368,25.100000395696373
,,,,,,,,,,,,,,,,,,,,,,,,,,,,9.808340797451442e-05,26.932551272728194,26.805272530285635,26.932551272728194,26.805272530285635,25.100000790795132
,,,,,,,,,,,,,,,,,,,,,,,,,,,,0.00012048275705624268,26.8941897415369,26.932098014041213,26.8941897415369,26.932098014041213,25.100001353437687
,,,,,,,,,,,,,,,,,,,,,,,,,,,,0.00014318454394325814,27.009118473240076,27.047934429377108,27.009118473240076,27.047934429377108,25.100002105148754
,,,,,,,,,,,,,,,,,,,,,,,,,,,,0.00016468087121137634,27.124561584884912,27.191815233085432,27.124561584884912,27.191815233085432,25.10000299211154
,,,,,,,,,,,,,,,,,,,,,,,,,,,,0.00018577519742525803,27.207210620678094,27.2582071330223,27.207210620678094,27.2582071330223,25.10000403212269
,,,,,,,,,,,,,,,,,,,,,,,,,,,,0.00020649037204686048,27.40771048468545,27.296390400034742,27.40771048468545,27.296390400034742,25.10000521930759
,,,,,,,,,,,,,,,,,,,,,,,,,,,,0.00022683479485273515,27.331569711046747,27.367275015122008,27.331569711046747,27.367275015122008,25.10000654656735
,,,,,,,,,,,,,,,,,,,,,,,,,,,,0.00024685016777846783,27.42275249365685,27.463012207058274,27.42275249365685,27.463012207058274,25.100008009058318
,,,,,,,,,,,,,,,,,,,,,,,,,,,,0.0002668459798644788,27.520869594738723,27.483916081374854,27.520869594738723,27.483916081374854,25.100009625491545
,,,,,,,,,,,,,,,,,,,,,,,,,,,,0.0002868428415048155,27.54080074469949,27.578331609139745,27.54080074469949,27.578331609139745,25.10001139710293
,,,,,,,,,,,,,,,,,,,,,,,,,,,,0.00030683019935297067,27.63876489996862,27.602992222871446,27.63876489996862,27.602992222871446,25.100013322364028
,,,,,,,,,,,,,,,,,,,,,,,,,,,,0.0003268186919321905,27.661556713895088,27.698291413729834,27.661556713895088,27.698291413729834,25.100015401510504
,,,,,,,,,,,,,,,,,,,,,,,,,,,,0.0003468085005844974,27.754057039909124,27.71931133992607,27.754057039909124,27.71931133992607,25.1000176337475
,,,,,,,,,,,,,,,,,,,,,,,,,,,,0.00036679638884791374,27.775508700231526,27.811342229827353,27.775508700231526,27.811342229827353,25.10002001773079
,,,,,,,,,,,,,,,,,,,,,,,,,,,,0.0003867909318865898,27.861641297424306,27.82761444677481,27.861641297424306,27.82761444677481,25.100022553457563
,,,,,,,,,,,,,,,,,,,,,,,,,,,,0.0004067853214680655,28.050059142510573,27.926344983943494,28.050059142510573,27.926344983943494,25.10002523896006
,,,,,,,,,,,,,,,,,,,,,,,,,,,,0.0004267758594490894,27.97310034695492,28.031611621008103,27.97310034695492,28.031611621008103,25.100028072456613
,,,,,,,,,,,,,,,,,,,,,,,,,,,,0.00044677250029222026,28.060403422490978,28.02077481585688,28.060403422490978,28.02077481585688,25.100031054141088
,,,,,,,,,,,,,,,,,,,,,,,,,,,,0.00046676823750026116,28.068586454892912,28.107247541998785,28.068586454892912,28.107247541998785,25.100034181784203
,,,,,,,,,,,,,,,,,,,,,,,,,,,,0.00048676432456739904,28.153688385183948,28.117054510856573,28.153688385183948,28.117054510856573,25.10003745431535
,,,,,,,,,,,,,,,,,,,,,,,,,,,,0.0005067552156504504,28.166654576110005,28.203997812172034,28.166654576110005,28.203997812172034,25.100040869509193
,,,,,,,,,,,,,,,,,,,,,,,,,,,,0.0005267436059810805,28.254205952756344,28.218628083456665,28.254205952756344,28.218628083456665,25.10004442646785
,,,,,,,,,,,,,,,,,,,,,,,,,,,,0.000546733435064267,28.267758435828686,28.304182688071815,28.267758435828686,28.304182688071815,25.100048124621047
,,,,,,,,,,,,,,,,,,,,,,,,,,,,0.0005667227768823936,28.352812776949936,28.3177751772058,28.352812776949936,28.3177751772058,25.100051962367637
,,,,,,,,,,,,,,,,,,,,,,,,,,,,0.0005867113761630305,28.366955284963915,28.402651577921578,28.366955284963915,28.402651577921578,25.100055938392575
,,,,,,,,,,,,,,,,,,,,,,,,,,,,0.0006067108669497603,28.443927915096967,28.411430144355165,28.443927915096967,28.411430144355165,25.10006005386464
,,,,,,,,,,,,,,,,,,,,,,,,,,,,0.0006266985922955568,28.59477754041771,28.50458646373995,28.59477754041771,28.50458646373995,25.100064302863526
,,,,,,,,,,,,,,,,,,,,,,,,,,,,0.000646694483782362,28.542804451020153,28.585752446790764,28.542804451020153,28.585752446790764,25.10006868835877
,,,,,,,,,,,,,,,,,,,,,,,,,,,,0.0006666912963662713,28.624432015893657,28.586589573703968,28.624432015893657,28.586589573703968,25.100073207632597
,,,,,,,,,,,,,,,,,,,,,,,,,,,,0.0006866876519676016,28.62861464557028,28.666580496830303,28.62861464557028,28.666580496830303,25.10007785917004
,,,,,,,,,,,,,,,,,,,,,,,,,,,,0.0007066814645245754,28.709178713582123,28.673218157222113,28.709178713582123,28.673218157222113,25.100082641264457
,,,,,,,,,,,,,,,,,,,,,,,,,,,,0.0007266686024164398,28.71951075126911,28.756341276126133,28.71951075126911,28.756341276126133,25.100087551647288
,,,,,,,,,,,,,,,,,,,,,,,,,,,,0.0007466581636763969,28.80083847670599,28.76561942690126,28.80083847670599,28.76561942690126,25.100092591334207
,,,,,,,,,,,,,,,,,,,,,,,,,,,,0.0007666484466198884,28.809696721587866,28.84562614075741,28.809696721587866,28.84562614075741,25.100097758761812
,,,,,,,,,,,,,,,,,,,,,,,,,,,,0.0007866361486175026,28.890266700003483,28.855667661983517,28.890266700003483,28.855667661983517,25.10010305190068
,,,,,,,,,,,,,,,,,,,,,,,,,,,,0.0008066344907064007,28.894950305004848,28.9293150994922,28.894950305004848,28.9293150994922,25.100108473181084
,,,,,,,,,,,,,,,,,,,,,,,,,,,,0.0008266231824011291,28.98578272213259,29.10549555796833,28.98578272213259,29.10549555796833,25.100114015974064
,,,,,,,,,,,,,,,,,,,,,,,,,,,,0.0008466167790730234,29.067324117573637,29.020296072758136,29.067324117573637,29.020296072758136,25.100119683144854
,,,,,,,,,,,,,,,,,,,,,,,,,,,,0.0008666138975935874,29.057471762933275,29.096666753632377,29.057471762933275,29.096666753632377,25.100125473255464
,,,,,,,,,,,,,,,,,,,,,,,,,,,,0.0008866096862915765,29.133624568377577,29.09646996531279,29.133624568377577,29.09646996531279,25.100131383803237
,,,,,,,,,,,,,,,,,,,,,,,,,,,,0.0009066068041445477,29.133720140241675,29.170704432489984,29.133720140241675,29.170704432489984,25.100137414468502
,,,,,,,,,,,,,,,,,,,,,,,,,,,,0.0009265943509754632,29.212622482370968,29.176852839634687,29.212622482370968,29.176852839634687,25.100143560790208
,,,,,,,,,,,,,,,,,,,,,,,,,,,,0.0009465828520150659,29.217936045723654,29.254386535821787,29.217936045723654,29.254386535821787,25.100149824839953
,,,,,,,,,,,,,,,,,,,,,,,,,,,,0.0009665728392264262,29.294038127241688,29.258514936210297,29.294038127241688,29.258514936210297,25.100156205724637
,,,,,,,,,,,,,,,,,,,,,,,,,,,,0.0009865604745752468,29.29938048960685,29.335343925067356,29.29938048960685,29.335343925067356,25.100162701139364
,,,,,,,,,,,,,,,,,,,,,,,,,,,,0.0010065548953362689,29.37153073759445,29.337565661931418,29.37153073759445,29.337565661931418,25.100169313031028
,,,,,,,,,,,,,,,,,,,,,,,,,,,,0.0010265493265084232,29.5451392528266,29.421565611336113,29.5451392528266,29.421565611336113,25.100176038163752
,,,,,,,,,,,,,,,,,,,,,,,,,,,,0.0010465402623051137,29.453543778352984,29.510922483600513,29.453543778352984,29.510922483600513,25.10018287428163
,,,,,,,,,,,,,,,,,,,,,,,,,,,,0.001066536620884226,29.526471118335852,29.48665447469533,29.526471118335852,29.48665447469533,25.1001898234171
,,,,,,,,,,,,,,,,,,,,,,,,,,,,0.0010865326559819596,29.520586402258584,29.559237824308155,29.520586402258584,29.559237824308155,25.1001968825893
,,,,,,,,,,,,,,,,,,,,,,,,,,,,0.0011065288436170576,29.591978521246045,29.55531534178686,29.591978521246045,29.55531534178686,25.100204050946655
,,,,,,,,,,,,,,,,,,,,,,,,,,,,0.001126519186796573,29.592274704796534,29.62853572852397,29.592274704796534,29.62853572852397,25.100211325289596
,,,,,,,,,,,,,,,,,,,,,,,,,,,,0.0011465076943802555,29.666116164883448,29.63011844853492,29.666116164883448,29.63011844853492,25.100218706018357
,,,,,,,,,,,,,,,,,,,,,,,,,,,,0.0011664973716494986,29.666455498388512,29.70260420396955,29.666455498388512,29.70260420396955,25.10022619325132
,,,,,,,,,,,,,,,,,,,,,,,,,,,,0.0011864869510525224,29.73834351809661,29.703375508556096,29.73834351809661,29.703375508556096,25.100233785543345
,,,,,,,,,,,,,,,,,,,,,,,,,,,,0.0012064754074609762,29.73997047715641,29.77530813279856,29.73997047715641,29.77530813279856,25.100241481529054
,,,,,,,,,,,,,,,,,,,,,,,,,,,,0.001226474636694369,29.80471821006243,29.771350302119263,29.80471821006243,29.771350302119263,25.100249284905335
,,,,,,,,,,,,,,,,,,,,,,,,,,,,0.0012464624324943418,29.945180447122738,29.851802240661154,29.945180447122738,29.851802240661154,25.10025718605509
,,,,,,,,,,,,,,,,,,,,,,,,,,,,0.0012664590717538454,29.877748885403605,29.920153591723324,29.877748885403605,29.920153591723324,25.100265192034087
,,,,,,,,,,,,,,,,,,,,,,,,,,,,0.0012864549685888925,29.947156359125735,29.908940294482797,29.947156359125735,29.908940294482797,25.100273298131768
,,,,,,,,,,,,,,,,,,,,,,,,,,,,0.0013064507466782887,29.939001158652854,29.97701164126259,29.939001158652854,29.97701164126259,25.100281503672452
,,,,,,,,,,,,,,,,,,,,,,,,,,,,0.0013264453881429094,30.007333839433436,29.97074499930947,30.007333839433436,29.97074499930947,25.10028980730818
,,,,,,,,,,,,,,,,,,,,,,,,,,,,0.001346432580503773,30.005932861761707,30.042614762658197,30.005932861761707,30.042614762658197,25.100298205447302
,,,,,,,,,,,,,,,,,,,,,,,,,,,,0.0013664220620846846,30.075366572610953,30.039613944731475,30.075366572610953,30.039613944731475,25.100306701252826
,,,,,,,,,,,,,,,,,,,,,,,,,,,,0.0013864125427407296,30.072055046380544,30.107686831795533,30.072055046380544,30.107686831795533,25.100315293316743
,,,,,,,,,,,,,,,,,,,,,,,,,,,,0.0014064002617510786,30.140934845279283,30.1061132747721,30.140934845279283,30.1061132747721,25.10032397913195
,,,,,,,,,,,,,,,,,,,,,,,,,,,,0.0014263984470795886,30.13414134110835,30.16829574166323,30.13414134110835,30.16829574166323,25.10033276363201
,,,,,,,,,,,,,,,,,,,,,,,,,,,,0.0014463870344191595,30.213297555095618,30.3356056212297,30.213297555095618,30.3356056212297,25.10034163714519
,,,,,,,,,,,,,,,,,,,,,,,,,,,,0.0014663808622360605,30.28365314788222,30.23636095150601,30.28365314788222,30.23636095150601,25.100350605377763
,,,,,,,,,,,,,,,,,,,,,,,,,,,,0.0014863773354107622,30.262673866015692,30.302491672867756,30.262673866015692,30.302491672867756,25.100359666381653
,,,,,,,,,,,,,,,,,,,,,,,,,,,,0.0015063733676867286,30.327895914742616,30.290200428889694,30.327895914742616,30.290200428889694,25.10036881793298
,,,,,,,,,,,,,,,,,,,,,,,,,,,,0.0015263712221011596,30.316936734803317,30.353989322511147,30.316936734803317,30.353989322511147,25.10037806024147
,,,,,,,,,,,,,,,,,,,,,,,,,,,,0.0015463584146651697,30.385054903750213,30.34892087145853,30.385054903750213,30.34892087145853,25.10038738665722
,,,,,,,,,,,,,,,,,,,,,,,,,,,,0.0015663468218263736,30.379441267689945,30.4154670824774,30.379441267689945,30.4154670824774,25.10039680184407
,,,,,,,,,,,,,,,,,,,,,,,,,,,,0.001586336938713755,30.444661731132328,30.40935161954165,30.444661731132328,30.40935161954165,25.10040630524061
,,,,,,,,,,,,,,,,,,,,,,,,,,,,0.0016063246426844975,30.43998176720971,30.47562156469644,30.43998176720971,30.47562156469644,25.100415894076306
,,,,,,,,,,,,,,,,,,,,,,,,,,,,0.0016263190759392822,30.501188270241308,30.46733262291865,30.501188270241308,30.46733262291865,25.10042557196951
,,,,,,,,,,,,,,,,,,,,,,,,,,,,0.0016463131583735464,30.664669266934748,30.541324767134682,30.664669266934748,30.541324767134682,25.100435334744184
,,,,,,,,,,,,,,,,,,,,,,,,,,,,0.0016663041073557128,30.563199212490108,30.621210606735314,30.563199212490108,30.621210606735314,25.100445180240662
,,,,,,,,,,,,,,,,,,,,,,,,,,,,0.0016863009170800924,30.625108888186393,30.585871775681525,30.625108888186393,30.585871775681525,25.10045511213244
,,,,,,,,,,,,,,,,,,,,,,,,,,,,0.001706296381610661,30.610098638828315,30.64851140603672,30.610098638828315,30.64851140603672,25.100465126098886
,,,,,,,,,,,,,,,,,,,,,,,,,,,,0.0017262924538728372,30.671631213934717,30.63431356319543,30.671631213934717,30.63431356319543,25.1004752223497
,,,,,,,,,,,,,,,,,,,,,,,,,,,,0.0017462831896625224,30.66119498332449,30.69810217788488,30.66119498332449,30.69810217788488,25.100485397100034
,,,,,,,,,,,,,,,,,,,,,,,,,,,,0.0017662716051430457,30.725323601958994,30.689697211130472,30.725323601958994,30.689697211130472,25.100495651088472
,,,,,,,,,,,,,,,,,,,,,,,,,,,,0.0017862614221337858,30.71659676457469,30.7521776737759,30.71659676457469,30.7521776737759,25.100505985475678
,,,,,,,,,,,,,,,,,,,,,,,,,,,,0.0018062509307048265,30.778719772008586,30.743341531328735,30.778719772008586,30.743341531328735,25.10051639864362
,,,,,,,,,,,,,,,,,,,,,,,,,,,,0.001826239300203178,30.769976665434985,30.805498527145563,30.769976665434985,30.805498527145563,25.10052688941501
,,,,,,,,,,,,,,,,,,,,,,,,,,,,0.0018462383986832327,30.825871774476894,30.79210233140792,30.825871774476894,30.79210233140792,25.100537463348378
,,,,,,,,,,,,,,,,,,,,,,,,,,,,0.001866226618267125,30.951587842620395,30.862952826841408,30.951587842620395,30.862952826841408,25.100548108302757
,,,,,,,,,,,,,,,,,,,,,,,,,,,,0.0018862227040318657,30.880314842836743,30.9225688661564,30.880314842836743,30.9225688661564,25.10055883353611
,,,,,,,,,,,,,,,,,,,,,,,,,,,,0.0019062185843811842,30.940694634857856,30.901549513922436,30.940694634857856,30.901549513922436,25.100569634069167
,,,,,,,,,,,,,,,,,,,,,,,,,,,,0.001926214930761461,30.92340079608868,30.960899332834913,30.92340079608868,30.960899332834913,25.100580509574186
,,,,,,,,,,,,,,,,,,,,,,,,,,,,0.001946209409829782,30.9824913918383,30.94607035672865,30.9824913918383,30.94607035672865,25.100591458087862
,,,,,,,,,,,,,,,,,,,,,,,,,,,,0.0019661966203356916,30.971686573497,31.008820467997687,30.971686573497,31.008820467997687,25.10060247592761
,,,,,,,,,,,,,,,,,,,,,,,,,,,,0.0019861860865190498,31.032276469935255,30.996881110194863,31.032276469935255,30.996881110194863,25.10061356765377
,,,,,,,,,,,,,,,,,,,,,,,,,,,,0.002006176461471254,31.02081365590161,31.056375247307688,31.02081365590161,31.056375247307688,25.10062473188042
,,,,,,,,,,,,,,,,,,,,,,,,,,,,0.0020261642137238,31.081149374159864,31.046433923419396,31.081149374159864,31.046433923419396,25.10063596597541
,,,,,,,,,,,,,,,,,,,,,,,,,,,,0.002046162313985491,31.065588600642112,31.10025081532547,31.065588600642112,31.10025081532547,25.100647276627736
,,,,,,,,,,,,,,,,,,,,,,,,,,,,0.002066151248552061,31.136460897195562,31.255801592747222,31.136460897195562,31.255801592747222,25.10065865217387
,,,,,,,,,,,,,,,,,,,,,,,,,,,,0.0020861449848729283,31.19771398816128,31.150885697129684,31.19771398816128,31.150885697129684,25.100670099903006
,,,,,,,,,,,,,,,,,,,,,,,,,,,,0.0021061418102285806,31.168753108451668,31.207809354194424,31.168753108451668,31.207809354194424,25.100681618235694
,,,,,,,,,,,,,,,,,,,,,,,,,,,,0.0021261384164919257,31.225185810861145,31.18743383035415,31.225185810861145,31.18743383035415,25.100693204638723
,,,,,,,,,,,,,,,,,,,,,,,,,,,,0.0021461347798944043,31.206137094160944,31.243227662986847,31.206137094160944,31.243227662986847,25.100704858462013
,,,,,,,,,,,,,,,,,,,,,,,,,,,,0.002166122278145546,31.26637719829589,31.229483012099706,31.26637719829589,31.229483012099706,25.100716574009056
,,,,,,,,,,,,,,,,,,,,,,,,,,,,0.0021861109076871848,31.25242812665014,31.288728260926042,31.25242812665014,31.288728260926042,25.100728356485018
,,,,,,,,,,,,,,,,,,,,,,,,,,,,0.0022061008491691407,31.309242834631313,31.273686217246063,31.309242834631313,31.273686217246063,25.10074020539921
,,,,,,,,,,,,,,,,,,,,,,,,,,,,0.0022260886528170524,31.297185406569564,31.332615220589698,31.297185406569564,31.332615220589698,25.100752118089172
,,,,,,,,,,,,,,,,,,,,,,,,,,,,0.002246082967956096,31.350644618416425,31.316080438538908,31.350644618416425,31.316080438538908,25.100764099126618
,,,,,,,,,,,,,,,,,,,,,,,,,,,,0.002266077187829152,31.506885949554317,31.382803932850745,31.506885949554317,31.382803932850745,25.100776143994683
,,,,,,,,,,,,,,,,,,,,,,,,,,,,0.0022860683804878336,31.39660300332359,31.453023335885373,31.39660300332359,31.453023335885373,25.100788250333846
,,,,,,,,,,,,,,,,,,,,,,,,,,,,0.0023060640714275427,31.452225890150455,31.412643079926212,31.452225890150455,31.412643079926212,25.10080042214215
,,,,,,,,,,,,,,,,,,,,,,,,,,,,0.0023260609834679126,31.428453122032703,31.466759789862508,31.428453122032703,31.466759789862508,25.100812656883978
,,,,,,,,,,,,,,,,,,,,,,,,,,,,0.0023460571991846327,31.482522311723525,31.445577910314483,31.482522311723525,31.445577910314483,25.10082495282004
,,,,,,,,,,,,,,,,,,,,,,,,,,,,0.0023660472502946063,31.46510785011124,31.50165052968499,31.46510785011124,31.50165052968499,25.100837305982513
,,,,,,,,,,,,,,,,,,,,,,,,,,,,0.002386035813712373,31.522309055266135,31.486071819259614,31.522309055266135,31.486071819259614,25.100849718662857
,,,,,,,,,,,,,,,,,,,,,,,,,,,,0.0024060253392419254,31.50564794582895,31.54145268853269,31.50564794582895,31.54145268853269,25.100862191826522
,,,,,,,,,,,,,,,,,,,,,,,,,,,,0.0024260149149670316,31.560446129218167,31.52529564065573,31.560446129218167,31.52529564065573,25.1008747243579
,,,,,,,,,,,,,,,,,,,,,,,,,,,,0.0024460033921284677,31.544807968051906,31.57953673554107,31.544807968051906,31.57953673554107,25.10088731497703
,,,,,,,,,,,,,,,,,,,,,,,,,,,,0.002466002433162829,31.592857194340233,31.559359812321603,31.592857194340233,31.559359812321603,25.10089997048803
,,,,,,,,,,,,,,,,,,,,,,,,,,,,0.0024859906648714214,31.711397368927376,31.623085716487747,31.711397368927376,31.623085716487747,25.100912676799414
,,,,,,,,,,,,,,,,,,,,,,,,,,,,0.002505987780130942,31.632947534695553,31.674245084307124,31.632947534695553,31.674245084307124,25.100925445893527
,,,,,,,,,,,,,,,,,,,,,,,,,,,,0.002525982671188523,31.686951727673808,31.64806977158266,31.686951727673808,31.64806977158266,25.100938270182194
,,,,,,,,,,,,,,,,,,,,,,,,,,,,0.002545978986943989,31.662176832167216,31.699513531746447,31.662176832167216,31.699513531746447,25.100951151487223
,,,,,,,,,,,,,,,,,,,,,,,,,,,,0.0025659734872987066,31.714949250626685,31.67831557836179,31.714949250626685,31.67831557836179,25.10096408720552
,,,,,,,,,,,,,,,,,,,,,,,,,,,,0.0025859606438959986,31.697564445468945,31.733952171154932,31.697564445468945,31.733952171154932,25.10097707320683
,,,,,,,,,,,,,,,,,,,,,,,,,,,,0.002605951593138363,31.75121156262161,31.71512701128327,31.75121156262161,31.71512701128327,25.100990116194488
,,,,,,,,,,,,,,,,,,,,,,,,,,,,0.0026259413043265736,31.732943472642752,31.767877424739453,31.732943472642752,31.767877424739453,25.101003212394083
,,,,,,,,,,,,,,,,,,,,,,,,,,,,0.0026459295620422604,31.785597846652763,31.75002333256927,31.785597846652763,31.75002333256927,25.101016361168057
,,,,,,,,,,,,,,,,,,,,,,,,,,,,0.0026659290609384874,31.76319251345475,31.79670927658534,31.76319251345475,31.79670927658534,25.101029570411555
,,,,,,,,,,,,,,,,,,,,,,,,,,,,0.002685915836586257,31.826198642124076,31.930810933694513,31.826198642124076,31.930810933694513,25.101042823795794
,,,,,,,,,,,,,,,,,,,,,,,,,,,,0.002705912951124543,31.87528000525533,31.83301444857732,31.87528000525533,31.83301444857732,25.10105613610769
,,,,,,,,,,,,,,,,,,,,,,,,,,,,0.002725909865680035,31.845926200854393,31.883883201544354,31.845926200854393,31.883883201544354,25.101069499874704
,,,,,,,,,,,,,,,,,,,,,,,,,,,,0.002745905696587872,31.895688810379124,31.858510236886534,31.895688810379124,31.858510236886534,25.101082914017205
,,,,,,,,,,,,,,,,,,,,,,,,,,,,0.002765899653225889,31.871799276464134,31.908444680506744,31.871799276464134,31.908444680506744,25.10109637751873
,,,,,,,,,,,,,,,,,,,,,,,,,,,,0.0027858869060416814,31.926346240628504,31.88991365972214,31.926346240628504,31.88991365972214,25.10110988661667
,,,,,,,,,,,,,,,,,,,,,,,,,,,,0.0028058763020375422,31.906876368747547,31.942989119872383,31.906876368747547,31.942989119872383,25.10112344681365
,,,,,,,,,,,,,,,,,,,,,,,,,,,,0.002825866737830813,31.95817102560217,31.922191494588017,31.95817102560217,31.922191494588017,25.101137056932345
,,,,,,,,,,,,,,,,,,,,,,,,,,,,0.0028458544351819327,31.939099234561205,31.97425108137285,31.939099234561205,31.97425108137285,25.1011507139672
,,,,,,,,,,,,,,,,,,,,,,,,,,,,0.002865852654128254,31.98400932241246,31.94978056426346,31.98400932241246,31.94978056426346,25.101164426571046
,,,,,,,,,,,,,,,,,,,,,,,,,,,,0.0028858413635674757,32.133100173134416,32.01157874641726,32.133100173134416,32.01157874641726,25.10117818055698
,,,,,,,,,,,,,,,,,,,,,,,,,,,,0.00290583922788813,32.015673555710094,32.05743306656584,32.015673555710094,32.05743306656584,25.10119198829174
,,,,,,,,,,,,,,,,,,,,,,,,,,,,0.0029258352178819485,32.06453833510036,32.026271131147034,32.06453833510036,32.026271131147034,25.101205841720557
,,,,,,,,,,,,,,,,,,,,,,,,,,,,0.0029458314546996775,32.037342391311746,32.07455806601311,32.037342391311746,32.07455806601311,25.10121974186172
,,,,,,,,,,,,,,,,,,,,,,,,,,,,0.0029658259624849837,32.085926875300075,32.0490515909947,32.085926875300075,32.0490515909947,25.1012336868953
,,,,,,,,,,,,,,,,,,,,,,,,,,,,0.002985813058198322,32.06472185456453,32.10107584603253,32.06472185456453,32.10107584603253,25.101247672389746
,,,,,,,,,,,,,,,,,,,,,,,,,,,,0.0030058025536375183,32.11498474587739,32.078996056169885,32.11498474587739,32.078996056169885,25.101261704756887
,,,,,,,,,,,,,,,,,,,,,,,,,,,,0.0030257929133407145,32.09285744341183,32.128111400860924,32.09285744341183,32.128111400860924,25.101275782498025
,,,,,,,,,,,,,,,,,,,,,,,,,,,,0.0030457805968714044,32.14343535255501,32.10789536750159,32.14343535255501,32.10789536750159,25.101289902693683
,,,,,,,,,,,,,,,,,,,,,,,,,,,,0.0030657788658219717,32.118273647738654,32.152843026158216,32.118273647738654,32.152843026158216,25.101304074332653
,,,,,,,,,,,,,,,,,,,,,,,,,,,,0.003085767786154632,32.1794451619805,32.30028165376497,32.1794451619805,32.30028165376497,25.101318282908014
,,,,,,,,,,,,,,,,,,,,,,,,,,,,0.003105765502975453,32.223908434781784,32.18200083355538,32.223908434781784,32.18200083355538,25.101332540949425
,,,,,,,,,,,,,,,,,,,,,,,,,,,,0.0031257614908329055,32.19156544714025,32.229921009571555,32.19156544714025,32.229921009571555,25.101346840617843
,,,,,,,,,,,,,,,,,,,,,,,,,,,,0.003145757755073893,32.23852710216794,32.200242600542595,32.23852710216794,32.200242600542595,25.101361182980536
,,,,,,,,,,,,,,,,,,,,,,,,,,,,0.003165752283773964,32.21226807060778,32.24819314192186,32.21226807060778,32.24819314192186,25.10137556619715
,,,,,,,,,,,,,,,,,,,,,,,,,,,,0.003185739403840561,32.262132817199046,32.22575431892495,32.262132817199046,32.22575431892495,25.101389985759983
,,,,,,,,,,,,,,,,,,,,,,,,,,,,0.003205728848369711,32.238051497551396,32.274009404296564,32.238051497551396,32.274009404296564,25.10140444827691
,,,,,,,,,,,,,,,,,,,,,,,,,,,,0.003225719131391407,32.285440091585535,32.25045398345551,32.285440091585535,32.25045398345551,25.10141895227208
,,,,,,,,,,,,,,,,,,,,,,,,,,,,0.0032457068490536014,32.263173571280056,32.29847416363911,32.263173571280056,32.29847416363911,25.101433494846006
,,,,,,,,,,,,,,,,,,,,,,,,,,,,0.003265705097705177,32.30537515024022,32.2709678026244,32.30537515024022,32.2709678026244,25.101448085136685
,,,,,,,,,,,,,,,,,,,,,,,,,,,,0.0032856937634899415,32.45215239853663,32.32999872974276,32.45215239853663,32.32999872974276,25.10146270806239
,,,,,,,,,,,,,,,,,,,,,,,,,,,,0.003305687775505684,32.333128678016564,32.3805457486684,32.333128678016564,32.3805457486684,25.101477374136373
,,,,,,,,,,,,,,,,,,,,,,,,,,,,0.00332568416867315,32.380516080278234,32.34128626392167,32.380516080278234,32.34128626392167,25.101492080839236
,,,,,,,,,,,,,,,,,,,,,,,,,,,,0.0033456803391252563,32.35009792716845,32.38775210302197,32.35009792716845,32.38775210302197,25.10150682592736
,,,,,,,,,,,,,,,,,,,,,,,,,,,,0.003365677197697206,32.395401675944655,32.35861964881081,32.395401675944655,32.35861964881081,25.101521609750257
,,,,,,,,,,,,,,,,,,,,,,,,,,,,0.0033856651304777006,32.37114178850381,32.40729946539333,32.37114178850381,32.40729946539333,25.10153642486157
,,,,,,,,,,,,,,,,,,,,,,,,,,,,0.003405653578752264,32.4200118335593,32.38369081672573,32.4200118335593,32.38369081672573,25.10155127791773
,,,,,,,,,,,,,,,,,,,,,,,,,,,,0.0034256436133931764,32.394563390334795,32.42973356188622,32.394563390334795,32.42973356188622,25.101566169405977
,,,,,,,,,,,,,,,,,,,,,,,,,,,,0.003445631288562341,32.442520211082176,32.40702643767011,32.442520211082176,32.40702643767011,25.101581096050744
,,,,,,,,,,,,,,,,,,,,,,,,,,,,0.0034656257378300223,32.416250036305556,32.450214145153026,32.416250036305556,32.450214145153026,25.101596064327374
,,,,,,,,,,,,,,,,,,,,,,,,,,,,0.003485619991670997,32.471171922694275,32.59532947030866,32.471171922694275,32.59532947030866,25.10161106869594
,,,,,,,,,,,,,,,,,,,,,,,,,,,,0.0035056099175331174,32.53956033203149,32.47678625337318,32.53956033203149,32.47678625337318,25.101626105694425
,,,,,,,,,,,,,,,,,,,,,,,,,,,,0.0035256069774715648,32.47978325998491,32.51998539780743,32.47978325998491,32.51998539780743,25.101641183601537
,,,,,,,,,,,,,,,,,,,,,,,,,,,,0.003545602943759455,32.525223906130904,32.48652112771573,32.525223906130904,32.48652112771573,25.101656295863833
,,,,,,,,,,,,,,,,,,,,,,,,,,,,0.003565599321438448,32.49379479242122,32.53066978564764,32.49379479242122,32.53066978564764,25.101671443261495
,,,,,,,,,,,,,,,,,,,,,,,,,,,,0.0035855899594304298,32.54007503109256,32.502990380985636,32.54007503109256,32.502990380985636,25.101686620793842
,,,,,,,,,,,,,,,,,,,,,,,,,,,,0.003605579839578672,32.51448503333426,32.54979055322493,32.51448503333426,32.54979055322493,25.101701831909615
,,,,,,,,,,,,,,,,,,,,,,,,,,,,0.003625569902628231,32.56048689077194,32.52414242730296,32.56048689077194,32.52414242730296,25.10171707701494
,,,,,,,,,,,,,,,,,,,,,,,,,,,,0.003645557700568787,32.535936962940994,32.570707924089334,32.535936962940994,32.570707924089334,25.101732353939994
,,,,,,,,,,,,,,,,,,,,,,,,,,,,0.003665551960570142,32.576906498958145,32.542357145580034,32.576906498958145,32.542357145580034,25.101747669064153
,,,,,,,,,,,,,,,,,,,,,,,,,,,,0.0036855462517756976,32.720371586454085,32.596206530310056,32.720371586454085,32.596206530310056,25.101763017156376
,,,,,,,,,,,,,,,,,,,,,,,,,,,,0.00370553609667136,32.600301386407,32.662253157672104,32.600301386407,32.662253157672104,25.101778394432337
,,,,,,,,,,,,,,,,,,,,,,,,,,,,0.003725533202379139,32.644576774658006,32.60390330423933,32.644576774658006,32.60390330423933,25.101793809583256
,,,,,,,,,,,,,,,,,,,,,,,,,,,,0.003745529150524737,32.60937838921431,32.64637043946248,32.60937838921431,32.64637043946248,25.10180925579242
,,,,,,,,,,,,,,,,,,,,,,,,,,,,0.0037655256203292364,32.65265648552108,32.61596345283698,32.65265648552108,32.61596345283698,25.101824734035677
,,,,,,,,,,,,,,,,,,,,,,,,,,,,0.0037855162183023537,32.624277225312234,32.66144785293622,32.624277225312234,32.66144785293622,25.101840239097367
,,,,,,,,,,,,,,,,,,,,,,,,,,,,0.003805504741318059,32.67158816726776,32.634937926121076,32.67158816726776,32.634937926121076,25.10185577366412
,,,,,,,,,,,,,,,,,,,,,,,,,,,,0.0038254943332002777,32.644592741009305,32.679792601917185,32.644592741009305,32.679792601917185,25.101871339918432
,,,,,,,,,,,,,,,,,,,,,,,,,,,,0.0038454838660261204,32.689272101514405,32.653191316010975,32.689272101514405,32.653191316010975,25.101886936732672
,,,,,,,,,,,,,,,,,,,,,,,,,,,,0.003865472354967296,32.66258477500852,32.697569092486226,32.66258477500852,32.697569092486226,25.101902563085062
,,,,,,,,,,,,,,,,,,,,,,,,,,,,0.0038854718972118406,32.700447858985754,32.666365418665286,32.700447858985754,32.666365418665286,25.10191822817556
,,,,,,,,,,,,,,,,,,,,,,,,,,,,0.003905459807319002,32.808363885199036,32.72042236564654,32.808363885199036,32.72042236564654,25.101933913936225
,,,,,,,,,,,,,,,,,,,,,,,,,,,,0.003925456969427398,32.72065955525137,32.76116342628034,32.72065955525137,32.76116342628034,25.101949636463896
,,,,,,,,,,,,,,,,,,,,,,,,,,,,0.003945451826264328,32.76322852858086,32.72460648647183,32.76322852858086,32.72460648647183,25.101965386405972
,,,,,,,,,,,,,,,,,,,,,,,,,,,,0.003965448018909215,32.729181437030384,32.76666164364535,32.729181437030384,32.76666164364535,25.10198116635575
,,,,,,,,,,,,,,,,,,,,,,,,,,,,0.003985442435279403,32.770366246316236,32.73356202794658,32.770366246316236,32.73356202794658,25.101996973567942
,,,,,,,,,,,,,,,,,,,,,,,,,,,,0.004005429597650792,32.74265790645427,32.77892074900253,32.74265790645427,32.77892074900253,25.10201280338572
,,,,,,,,,,,,,,,,,,,,,,,,,,,,0.004025419087615134,32.78763695288405,32.751095425715846,32.78763695288405,32.751095425715846,25.102028663064736
,,,,,,,,,,,,,,,,,,,,,,,,,,,,0.0040454093905065176,32.76036033272759,32.795605683158854,32.76036033272759,32.795605683158854,25.102044551141326
,,,,,,,,,,,,,,,,,,,,,,,,,,,,0.004065397164332268,32.804899136865345,32.76952820556773,32.804899136865345,32.76952820556773,25.102060464754402
,,,,,,,,,,,,,,,,,,,,,,,,,,,,0.004085395312117079,32.77335093079701,32.80753216755892,32.77335093079701,32.80753216755892,25.102076413989444
,,,,,,,,,,,,,,,,,,,,,,,,,,,,0.004105384894323718,32.82595504226028,32.93001114182506,32.82595504226028,32.93001114182506,25.102092383534924
,,,,,,,,,,,,,,,,,,,,,,,,,,,,0.004125382055845192,32.865667615895134,32.823715015378305,32.865667615895134,32.823715015378305,25.10210838606544
,,,,,,,,,,,,,,,,,,,,,,,,,,,,0.004145378114682922,32.82853719001401,32.866446597142414,32.82853719001401,32.866446597142414,25.102124414393494
,,,,,,,,,,,,,,,,,,,,,,,,,,,,0.004165374301493571,32.86864509502273,32.83062177902549,32.86864509502273,32.83062177902549,25.10214046927003
,,,,,,,,,,,,,,,,,,,,,,,,,,,,0.004185368660760619,32.83542509131422,32.87139301040179,32.83542509131422,32.87139301040179,25.102156548881887
,,,,,,,,,,,,,,,,,,,,,,,,,,,,0.004205357133205271,32.8798831196296,32.84309283625922,32.8798831196296,32.84309283625922,25.102172649658204
,,,,,,,,,,,,,,,,,,,,,,,,,,,,0.004225346904317523,32.84969149076111,32.88531481261501,32.84969149076111,32.88531481261501,25.102188777105727
,,,,,,,,,,,,,,,,,,,,,,,,,,,,0.0042453363040739125,32.89239459697814,32.856645690147396,32.89239459697814,32.856645690147396,25.102204929610515
,,,,,,,,,,,,,,,,,,,,,,,,,,,,0.004265324862075524,32.86500818136604,32.8997320823786,32.86500818136604,32.8997320823786,25.10222110654043
,,,,,,,,,,,,,,,,,,,,,,,,,,,,0.004285324363871939,32.9008192553828,32.86649219324406,32.9008192553828,32.86649219324406,25.102237317232184
,,,,,,,,,,,,,,,,,,,,,,,,,,,,0.004305311445552768,33.019713283109006,32.91909667905039,33.019713283109006,32.91909667905039,25.102253542512717
,,,,,,,,,,,,,,,,,,,,,,,,,,,,0.0043253083143343,32.91688675792383,32.95871541386425,32.91688675792383,32.95871541386425,25.10226980015987
,,,,,,,,,,,,,,,,,,,,,,,,,,,,0.004345304406933451,32.95776932116175,32.919595093763164,32.95776932116175,32.919595093763164,25.10228608136734
,,,,,,,,,,,,,,,,,,,,,,,,,,,,0.004365300629111549,32.922394840906485,32.95992389955988,32.922394840906485,32.95992389955988,25.10230238664626
,,,,,,,,,,,,,,,,,,,,,,,,,,,,0.004385294946268134,32.96259171726761,32.92585321973501,32.96259171726761,32.92585321973501,25.102318714112958
,,,,,,,,,,,,,,,,,,,,,,,,,,,,0.0044052820978122825,32.93443610951608,32.971546695161805,32.93443610951608,32.971546695161805,25.102335059233155
,,,,,,,,,,,,,,,,,,,,,,,,,,,,0.004425271612415654,32.977093702908356,32.94102222410522,32.977093702908356,32.94102222410522,25.10235142959891
,,,,,,,,,,,,,,,,,,,,,,,,,,,,0.0044452618855921975,32.94727872224856,32.982352026565835,32.94727872224856,32.982352026565835,25.10236782371451
,,,,,,,,,,,,,,,,,,,,,,,,,,,,0.004465249604559817,32.98970171615556,32.95456968679589,32.98970171615556,32.95456968679589,25.102384238662435
,,,,,,,,,,,,,,,,,,,,,,,,,,,,0.004485247861749566,32.956894991531925,32.99028423172442,32.956894991531925,32.99028423172442,25.10240068500774
,,,,,,,,,,,,,,,,,,,,,,,,,,,,0.004505237441963412,33.008039526533814,33.11115624498999,33.008039526533814,33.11115624498999,25.10241714674935
,,,,,,,,,,,,,,,,,,,,,,,,,,,,0.004525234657870147,33.045507743680915,33.0035434571237,33.045507743680915,33.0035434571237,25.10243363711938
,,,,,,,,,,,,,,,,,,,,,,,,,,,,0.004545230599910971,33.00569686290586,33.04427009247396,33.00569686290586,33.04427009247396,25.102450148581507
,,,,,,,,,,,,,,,,,,,,,,,,,,,,0.00456522682946108,33.04520923621822,33.007496526637254,33.04520923621822,33.007496526637254,25.10246668222191
,,,,,,,,,,,,,,,,,,,,,,,,,,,,0.0045852211899794935,33.01087808627455,33.04722432569503,33.01087808627455,33.04722432569503,25.102483236056766
,,,,,,,,,,,,,,,,,,,,,,,,,,,,0.004605208355446484,33.05376379564442,33.01727202316633,33.05376379564442,33.01727202316633,25.102499805463157
,,,,,,,,,,,,,,,,,,,,,,,,,,,,0.004625197853447077,33.02304886947335,33.05884522423103,33.02304886947335,33.05884522423103,25.102516398119278
,,,,,,,,,,,,,,,,,,,,,,,,,,,,0.0046451881372832045,33.06451420210643,33.0284493979218,33.06451420210643,33.0284493979218,25.10253301253785
,,,,,,,,,,,,,,,,,,,,,,,,,,,,0.004665175875464467,33.03493082411195,33.070077072801865,33.03493082411195,33.070077072801865,25.10254964575572
,,,,,,,,,,,,,,,,,,,,,,,,,,,,0.004685174072869316,33.07088037280691,33.03659899950303,33.07088037280691,33.03659899950303,25.10256630842206
,,,,,,,,,,,,,,,,,,,,,,,,,,,,0.0047051628000351,33.21110504519739,33.08856697849244,33.21110504519739,33.08856697849244,25.1025829837612
,,,,,,,,,,,,,,,,,,,,,,,,,,,,0.004725156904098054,33.085862080172895,33.13155262472174,33.085862080172895,33.13155262472174,25.102599683978713
,,,,,,,,,,,,,,,,,,,,,,,,,,,,0.004745153257968253,33.12540879261119,33.085514484032835,33.12540879261119,33.085514484032835,25.102616406290345
,,,,,,,,,,,,,,,,,,,,,,,,,,,,0.004765149417016157,33.08703623235986,33.12423179978413,33.08703623235986,33.12423179978413,25.102633148483324
,,,,,,,,,,,,,,,,,,,,,,,,,,,,0.004785146233385379,33.124959113817994,33.08826674656978,33.124959113817994,33.08826674656978,25.102649911087326
,,,,,,,,,,,,,,,,,,,,,,,,,,,,0.004805134602202582,33.09447329372842,33.13042586366066,33.09447329372842,33.13042586366066,25.10266668626502
,,,,,,,,,,,,,,,,,,,,,,,,,,,,0.004825124130184586,33.13466064663281,33.098505625738916,33.13466064663281,33.098505625738916,25.1026834819012
,,,,,,,,,,,,,,,,,,,,,,,,,,,,0.00484511438418058,33.10322061580461,33.13806846270502,33.10322061580461,33.13806846270502,25.102700297453804
,,,,,,,,,,,,,,,,,,,,,,,,,,,,0.004865102142495792,33.144542554352526,33.108896909045235,33.144542554352526,33.108896909045235,25.102717130017535
,,,,,,,,,,,,,,,,,,,,,,,,,,,,0.0048851003595984255,33.1097232285265,33.14337343378851,33.1097232285265,33.14337343378851,25.102733990333483
,,,,,,,,,,,,,,,,,,,,,,,,,,,,0.004905089088204625,33.1615696591761,33.282595561411306,33.1615696591761,33.282595561411306,25.102750861396764
,,,,,,,,,,,,,,,,,,,,,,,,,,,,0.004925083209840391,33.20346244413988,33.15636532431069,33.20346244413988,33.15636532431069,25.102767755588047
,,,,,,,,,,,,,,,,,,,,,,,,,,,,0.004945079523175771,33.15659146440165,33.19547402663924,33.15659146440165,33.19547402663924,25.102784670048568
,,,,,,,,,,,,,,,,,,,,,,,,,,,,0.004965075674631057,33.1950566541477,33.15663618316226,33.1950566541477,33.15663618316226,25.102801602615976
,,,,,,,,,,,,,,,,,,,,,,,,,,,,0.004985072552247639,33.15792715519571,33.194385834715185,33.15792715519571,33.194385834715185,25.10281855387713
,,,,,,,,,,,,,,,,,,,,,,,,,,,,0.005005060331995856,33.2000334013952,33.16342451373577,33.2000334013952,33.16342451373577,25.10283551533745
,,,,,,,,,,,,,,,,,,,,,,,,,,,,0.005025048961921072,33.169198683359156,33.20449169864558,33.169198683359156,33.20449169864558,25.102852495267747
,,,,,,,,,,,,,,,,,,,,,,,,,,,,0.005045038906717299,33.208028468438165,33.17226895317354,33.208028468438165,33.17226895317354,25.102869493915076
,,,,,,,,,,,,,,,,,,,,,,,,,,,,0.005065026566837195,33.17762862959512,33.212430161573195,33.17762862959512,33.212430161573195,25.102886508061413
,,,,,,,,,,,,,,,,,,,,,,,,,,,,0.00508502104109511,33.21489282225759,33.179712653075626,33.21489282225759,33.179712653075626,25.102903545314234
,,,,,,,,,,,,,,,,,,,,,,,,,,,,0.005105015629154972,33.35071961801913,33.23173621106973,33.35071961801913,33.23173621106973,25.102920599878114
,,,,,,,,,,,,,,,,,,,,,,,,,,,,0.005125009428696033,33.22684054255527,33.272495926775015,33.22684054255527,33.272495926775015,25.102937670912155
,,,,,,,,,,,,,,,,,,,,,,,,,,,,0.0051450066816781945,33.266632146178914,33.22742589183632,33.266632146178914,33.22742589183632,25.10295476202495
,,,,,,,,,,,,,,,,,,,,,,,,,,,,0.005165002877983289,33.229052771188336,33.26610534616352,33.229052771188336,33.26610534616352,25.102971869280953
,,,,,,,,,,,,,,,,,,,,,,,,,,,,0.005184999850287645,33.26614779347274,33.22936006489488,33.26614779347274,33.22936006489488,25.1029889942304
,,,,,,,,,,,,,,,,,,,,,,,,,,,,0.00520498683051477,33.2354439812448,33.27126517401985,33.2354439812448,33.27126517401985,25.103006127590824
,,,,,,,,,,,,,,,,,,,,,,,,,,,,0.005224975351419498,33.276314393779614,33.24001117003663,33.276314393779614,33.24001117003663,25.103023279152406
,,,,,,,,,,,,,,,,,,,,,,,,,,,,0.00524496534682437,33.244404070885324,33.27942814336806,33.244404070885324,33.27942814336806,25.103040448758467
,,,,,,,,,,,,,,,,,,,,,,,,,,,,0.005264953071068503,33.28464608133733,33.24911069531939,33.28464608133733,33.24911069531939,25.103057633075412
,,,,,,,,,,,,,,,,,,,,,,,,,,,,0.005284947522829404,33.25116698694395,33.28508024131659,33.25116698694395,33.28508024131659,25.103074839719348
,,,,,,,,,,,,,,,,,,,,,,,,,,,,0.00530494171746268,33.30023614108347,33.423416972582274,33.30023614108347,33.423416972582274,25.10309206255441
,,,,,,,,,,,,,,,,,,,,,,,,,,,,0.005324932935476518,33.351948176648115,33.296361555810236,33.351948176648115,33.296361555810236,25.10310929909623
,,,,,,,,,,,,,,,,,,,,,,,,,,,,0.005344929487667381,33.29476768241236,33.3339543878352,33.29476768241236,33.3339543878352,25.103126556372647
,,,,,,,,,,,,,,,,,,,,,,,,,,,,0.005364925514418794,33.33232143633403,33.294213869586564,33.33232143633403,33.294213869586564,25.103143829190543
,,,,,,,,,,,,,,,,,,,,,,,,,,,,0.005384921954422949,33.29422420122378,33.33078186802485,33.29422420122378,33.33078186802485,25.10316111821821
,,,,,,,,,,,,,,,,,,,,,,,,,,,,0.005404911706796287,33.33403862915866,33.29743433349419,33.33403862915866,33.29743433349419,25.10317841716543
,,,,,,,,,,,,,,,,,,,,,,,,,,,,0.005424900144262784,33.30173399467398,33.33755797842458,33.30173399467398,33.33755797842458,25.103195730528604
,,,,,,,,,,,,,,,,,,,,,,,,,,,,0.005444889843807305,33.340829548410596,33.30485137195467,33.340829548410596,33.30485137195467,25.103213060397433
,,,,,,,,,,,,,,,,,,,,,,,,,,,,0.00546487930399508,33.308710828729545,33.34356218568449,33.308710828729545,33.34356218568449,25.1032304053308
,,,,,,,,,,,,,,,,,,,,,,,,,,,,0.005484867836492633,33.34750119502695,33.312343507993624,33.34750119502695,33.312343507993624,25.10324776459056
,,,,,,,,,,,,,,,,,,,,,,,,,,,,0.005504866844683746,33.31125370015182,33.34453741970896,33.31125370015182,33.34453741970896,25.103265147952012
,,,,,,,,,,,,,,,,,,,,,,,,,,,,0.005524855235134001,33.35914650473851,33.44609771879468,33.35914650473851,33.44609771879468,25.10328253693676
,,,,,,,,,,,,,,,,,,,,,,,,,,,,0.005544852349303501,33.39449099766072,33.35325405002393,33.39449099766072,33.35325405002393,25.103299948229093
,,,,,,,,,,,,,,,,,,,,,,,,,,,,0.005564848173920881,33.35274011121976,33.39069342025084,33.35274011121976,33.39069342025084,25.103317372983106
,,,,,,,,,,,,,,,,,,,,,,,,,,,,0.005584844457281545,33.38915142840548,33.35168994005259,33.38915142840548,33.35168994005259,25.103334812586265
,,,,,,,,,,,,,,,,,,,,,,,,,,,,0.005604837947952043,33.35289025989277,33.38885980080823,33.35289025989277,33.38885980080823,25.103352264067617
,,,,,,,,,,,,,,,,,,,,,,,,,,,,0.005624825080668459,33.39327848036615,33.35682876176349,33.39327848036615,33.35682876176349,25.103369724173987
,,,,,,,,,,,,,,,,,,,,,,,,,,,,0.005644814602079934,33.360115031417266,33.3955516692161,33.360115031417266,33.3955516692161,25.10338720041187
,,,,,,,,,,,,,,,,,,,,,,,,,,,,0.0056648049076654435,33.39779723864541,33.36253613992466,33.39779723864541,33.36253613992466,25.103404691252596
,,,,,,,,,,,,,,,,,,,,,,,,,,,,0.005684792638321759,33.366521429003726,33.401357355650426,33.366521429003726,33.401357355650426,25.103422193627917
,,,,,,,,,,,,,,,,,,,,,,,,,,,,0.005704790849548678,33.39905375569257,33.364994635354485,33.39905375569257,33.364994635354485,25.103439718853046
,,,,,,,,,,,,,,,,,,,,,,,,,,,,0.005724779696731237,33.5337626544007,33.41507737669378,33.5337626544007,33.41507737669378,25.10345724941331
,,,,,,,,,,,,,,,,,,,,,,,,,,,,0.005744774448836164,33.408047553741994,33.45287644858817,33.408047553741994,33.45287644858817,25.10347479857234
,,,,,,,,,,,,,,,,,,,,,,,,,,,,0.005764770820937685,33.444897064338555,33.40594012741828,33.444897064338555,33.40594012741828,25.103492362454052
,,,,,,,,,,,,,,,,,,,,,,,,,,,,0.005784766949003243,33.40490320234517,33.442093879495886,33.40490320234517,33.442093879495886,25.10350993930027
,,,,,,,,,,,,,,,,,,,,,,,,,,,,0.005804763886666395,33.4397703446797,33.40301385129534,33.4397703446797,33.40301385129534,25.103527529916803
,,,,,,,,,,,,,,,,,,,,,,,,,,,,0.005824750817162685,33.4073619019738,33.4433278585717,33.4073619019738,33.4433278585717,25.1035451246552
,,,,,,,,,,,,,,,,,,,,,,,,,,,,0.0058447393692495206,33.44629800893055,33.41011267174421,33.44629800893055,33.41011267174421,25.103562733623676
,,,,,,,,,,,,,,,,,,,,,,,,,,,,0.005864729371755401,33.41259202761051,33.44772546030092,33.41259202761051,33.44772546030092,25.10358035655755
,,,,,,,,,,,,,,,,,,,,,,,,,,,,0.005884717084616071,33.45116706857673,33.41573940734418,33.45116706857673,33.41573940734418,25.10359799004229
,,,,,,,,,,,,,,,,,,,,,,,,,,,,0.005904711488023115,33.41606421405823,33.4500718634408,33.41606421405823,33.4500718634408,25.103615641888112
,,,,,,,,,,,,,,,,,,,,,,,,,,,,0.005924705728691781,33.463488546449945,33.58685183429014,33.463488546449945,33.58685183429014,25.103633305935066
,,,,,,,,,,,,,,,,,,,,,,,,,,,,0.0059446966827423845,33.514923410898724,33.45828193726018,33.514923410898724,33.45828193726018,25.103650979304582
,,,,,,,,,,,,,,,,,,,,,,,,,,,,0.005964693521612158,33.45491088069588,33.494273284425454,33.45491088069588,33.494273284425454,25.103668669992764
,,,,,,,,,,,,,,,,,,,,,,,,,,,,0.005984689538801972,33.49093535605071,33.4529314987887,33.49093535605071,33.4529314987887,25.10368637195796
,,,,,,,,,,,,,,,,,,,,,,,,,,,,0.006004686000188493,33.45136515853427,33.48800164049626,33.45136515853427,33.48800164049626,25.103704086206957
,,,,,,,,,,,,,,,,,,,,,,,,,,,,0.006024675680747253,33.48971725149694,33.453133383779175,33.48971725149694,33.453133383779175,25.10372180622145
,,,,,,,,,,,,,,,,,,,,,,,,,,,,0.0060446641859369125,33.45595892540669,33.491839014412456,33.45595892540669,33.491839014412456,25.103739536851766
,,,,,,,,,,,,,,,,,,,,,,,,,,,,0.006064653910693184,33.49346741730565,33.45765540881647,33.49346741730565,33.45765540881647,25.10375728011209
,,,,,,,,,,,,,,,,,,,,,,,,,,,,0.006084643349996362,33.460012903783756,33.49495358454592,33.460012903783756,33.49495358454592,25.103775034558158
,,,,,,,,,,,,,,,,,,,,,,,,,,,,0.006104631868889307,33.49737118016469,33.462113921093646,33.49737118016469,33.462113921093646,25.103792799516913
,,,,,,,,,,,,,,,,,,,,,,,,,,,,0.006124630912575334,33.459863910284255,33.493240316732766,33.459863910284255,33.493240316732766,25.10381058505861
,,,,,,,,,,,,,,,,,,,,,,,,,,,,0.006144619270993461,33.506409905075266,33.593460387691316,33.506409905075266,33.593460387691316,25.10382837221545
,,,,,,,,,,,,,,,,,,,,,,,,,,,,0.00616461640214108,33.540410256681476,33.49919078286886,33.540410256681476,33.49919078286886,25.103846178201362
,,,,,,,,,,,,,,,,,,,,,,,,,,,,0.006184612039675446,33.49721722187976,33.53542513557812,33.49721722187976,33.53542513557812,25.103863993781104
,,,,,,,,,,,,,,,,,,,,,,,,,,,,0.006204608489717332,33.53210233694608,33.49474087842453,33.53210233694608,33.49474087842453,25.10388182090937
,,,,,,,,,,,,,,,,,,,,,,,,,,,,0.006224601963224844,33.49463895435554,33.531052281990355,33.49463895435554,33.531052281990355,25.10389965610244
,,,,,,,,,,,,,,,,,,,,,,,,,,,,0.006244589052140145,33.53387867488425,33.497348887146295,33.53387867488425,33.497348887146295,25.103917496213388
,,,,,,,,,,,,,,,,,,,,,,,,,,,,0.006264578611187624,33.49944982501785,33.53478254314329,33.49944982501785,33.53478254314329,25.103935349048
,,,,,,,,,,,,,,,,,,,,,,,,,,,,0.006284568945324905,33.53584523384162,33.50054808037692,33.53584523384162,33.50054808037692,25.10395321300019
,,,,,,,,,,,,,,,,,,,,,,,,,,,,0.006304556647688358,33.50329819323293,33.538025552609966,33.50329819323293,33.538025552609966,25.10397108492905
,,,,,,,,,,,,,,,,,,,,,,,,,,,,0.0063245548906916875,33.53433617660443,33.50049444989701,33.53433617660443,33.50049444989701,25.10398897652368
,,,,,,,,,,,,,,,,,,,,,,,,,,,,0.006344543734618134,33.66778877631804,33.54930209632498,33.66778877631804,33.54930209632498,25.104006869851
,,,,,,,,,,,,,,,,,,,,,,,,,,,,0.0063645386664580176,33.54083991593483,33.585431455705695,33.54083991593483,33.585431455705695,25.104024778678262
,,,,,,,,,,,,,,,,,,,,,,,,,,,,0.0063845346050920805,33.57677385727113,33.53768550690233,33.57677385727113,33.53768550690233,25.104042698366754
,,,,,,,,,,,,,,,,,,,,,,,,,,,,0.006404530953062044,33.53542006872127,33.572567838708885,33.53542006872127,33.572567838708885,25.104060628291027
,,,,,,,,,,,,,,,,,,,,,,,,,,,,0.006424527896395513,33.56922769789508,33.53259864738645,33.56922769789508,33.53259864738645,25.10407856852891
,,,,,,,,,,,,,,,,,,,,,,,,,,,,0.006444514827850641,33.53546801956954,33.571554206429425,33.53546801956954,33.571554206429425,25.104096509468967
,,,,,,,,,,,,,,,,,,,,,,,,,,,,0.006464503358683954,33.57318828325111,33.53714275453689,33.57318828325111,33.53714275453689,25.104114461439767
,,,,,,,,,,,,,,,,,,,,,,,,,,,,0.006484493371824579,33.53835573516433,33.57360596172468,33.53835573516433,33.57360596172468,25.10413242425015
,,,,,,,,,,,,,,,,,,,,,,,,,,,,0.006504481059900605,33.57558191741775,33.54020715384811,33.57558191741775,33.54020715384811,25.104150394390057
,,,,,,,,,,,,,,,,,,,,,,,,,,,,0.006524475552424876,33.53946406993823,33.57362870425383,33.53946406993823,33.57362870425383,25.10416837997989
,,,,,,,,,,,,,,,,,,,,,,,,,,,,0.006544469751587221,33.585756708371484,33.70916571687756,33.585756708371484,33.70916571687756,25.104186374551215
,,,,,,,,,,,,,,,,,,,,,,,,,,,,0.00656446097229599,33.63479937264378,33.579333837730125,33.63479937264378,33.579333837730125,25.104204375600258
,,,,,,,,,,,,,,,,,,,,,,,,,,,,0.006584457286126827,33.57501577916281,33.61447904712816,33.57501577916281,33.61447904712816,25.10422239031119
,,,,,,,,,,,,,,,,,,,,,,,,,,,,0.006604453579752083,33.60997477278364,33.572039465208135,33.60997477278364,33.572039465208135,25.10424041399595
,,,,,,,,,,,,,,,,,,,,,,,,,,,,0.00662444984889468,33.56935010121361,33.60600885869864,33.56935010121361,33.60600885869864,25.1042584465676
,,,,,,,,,,,,,,,,,,,,,,,,,,,,0.006644439707581011,33.60664532326215,33.570018915435995,33.60664532326215,33.570018915435995,25.104276482180982
,,,,,,,,,,,,,,,,,,,,,,,,,,,,0.006664428214931621,33.57194023487066,33.60775542340753,33.57194023487066,33.60775542340753,25.104294525313296
,,,,,,,,,,,,,,,,,,,,,,,,,,,,0.006684417876286348,33.608330248322126,33.57252575701257,33.608330248322126,33.57252575701257,25.104312578147233
,,,,,,,,,,,,,,,,,,,,,,,,,,,,0.006704407365254949,33.57385351980555,33.608683132712244,33.57385351980555,33.608683132712244,25.104330639406136
,,,,,,,,,,,,,,,,,,,,,,,,,,,,0.00672439588506075,33.61017215038646,33.57520223831048,33.61017215038646,33.57520223831048,25.104348708288946
,,,,,,,,,,,,,,,,,,,,,,,,,,,,0.0067443949269276725,33.571666233751515,33.605116926348224,33.571666233751515,33.605116926348224,25.10436679511099
,,,,,,,,,,,,,,,,,,,,,,,,,,,,0.006764383257835381,33.61702342886627,33.704020037021806,33.61702342886627,33.704020037021806,25.104384880591656
,,,,,,,,,,,,,,,,,,,,,,,,,,,,0.006784380430750002,33.64993217792271,33.60888286619828,33.64993217792271,33.60888286619828,25.104402982343533
,,,,,,,,,,,,,,,,,,,,,,,,,,,,0.006804376232734253,33.60583713450641,33.643717493785196,33.60583713450641,33.643717493785196,25.10442109105183
,,,,,,,,,,,,,,,,,,,,,,,,,,,,0.006824372225295813,33.64012233862717,33.60275608370025,33.64012233862717,33.60275608370025,25.10443920805083
,,,,,,,,,,,,,,,,,,,,,,,,,,,,0.0068443659812902615,33.60152035483702,33.63773415588392,33.60152035483702,33.63773415588392,25.104457331065216
,,,,,,,,,,,,,,,,,,,,,,,,,,,,0.006864353125654598,33.63969967390771,33.60335025269523,33.63969967390771,33.60335025269523,25.10447545605472
,,,,,,,,,,,,,,,,,,,,,,,,,,,,0.006884342655758927,33.6041372487907,33.63974953791549,33.6041372487907,33.63974953791549,25.1044935911075
,,,,,,,,,,,,,,,,,,,,,,,,,,,,0.0069043329629376,33.63959636779856,33.60410042202076,33.63959636779856,33.60410042202076,25.104511734694004
,,,,,,,,,,,,,,,,,,,,,,,,,,,,0.006924320612975129,33.606041998853634,33.64097148609905,33.606041998853634,33.64097148609905,25.104529883619353
,,,,,,,,,,,,,,,,,,,,,,,,,,,,0.006944318895148851,33.636343623660444,33.60243237166741,33.636343623660444,33.60243237166741,25.104548049881153
,,,,,,,,,,,,,,,,,,,,,,,,,,,,0.0069643076447679685,33.769420600408445,33.65016718061582,33.769420600408445,33.65016718061582,25.104566215092202
,,,,,,,,,,,,,,,,,,,,,,,,,,,,0.006984302720369875,33.64098366018664,33.68549978284523,33.64098366018664,33.68549978284523,25.104584393592557
,,,,,,,,,,,,,,,,,,,,,,,,,,,,0.007004298623872921,33.675904408274775,33.63695730270375,33.675904408274775,33.63695730270375,25.104602580320112
,,,,,,,,,,,,,,,,,,,,,,,,,,,,0.007024294993897781,33.633595293592805,33.670843643518,33.633595293592805,33.670843643518,25.104620774878686
,,,,,,,,,,,,,,,,,,,,,,,,,,,,0.007044291650652366,33.6666058865489,33.62997607186414,33.6666058865489,33.62997607186414,25.10463897703655
,,,,,,,,,,,,,,,,,,,,,,,,,,,,0.007064278854827866,33.63185408570516,33.66794409263259,33.63185408570516,33.66794409263259,25.104657177854975
,,,,,,,,,,,,,,,,,,,,,,,,,,,,0.0070842673994125,33.66868891019685,33.63266984032079,33.66868891019685,33.63266984032079,25.104675387088488
,,,,,,,,,,,,,,,,,,,,,,,,,,,,0.007104257382272615,33.63297264592733,33.66823603783753,33.63297264592733,33.66823603783753,25.10469360476045
,,,,,,,,,,,,,,,,,,,,,,,,,,,,0.007124245089083488,33.66961580022943,33.63407341431046,33.66961580022943,33.63407341431046,25.104711827417763
,,,,,,,,,,,,,,,,,,,,,,,,,,,,0.007144239578404566,33.632326475454676,33.6664668669973,33.632326475454676,33.6664668669973,25.10473006325529
,,,,,,,,,,,,,,,,,,,,,,,,,,,,0.007164233767732146,33.67787187857789,33.80116959728086,33.67787187857789,33.80116959728086,25.104748305752384
,,,,,,,,,,,,,,,,,,,,,,,,,,,,0.007184225025127798,33.72587933781625,33.67057344068573,33.72587933781625,33.67057344068573,25.10476655244168
,,,,,,,,,,,,,,,,,,,,,,,,,,,,0.00720422159600916,33.665290147605575,33.70453901639582,33.665290147605575,33.70453901639582,25.104784810785816
,,,,,,,,,,,,,,,,,,,,,,,,,,,,0.007224217316758556,33.69959791016568,33.66154208375955,33.69959791016568,33.66154208375955,25.104803075092278
,,,,,,,,,,,,,,,,,,,,,,,,,,,,0.007244213886433465,33.65809204690195,33.69470523690856,33.65809204690195,33.69470523690856,25.104821346848677
,,,,,,,,,,,,,,,,,,,,,,,,,,,,0.007264203737262622,33.694511891167615,33.658018508291605,33.694511891167615,33.658018508291605,25.104839619075936
,,,,,,,,,,,,,,,,,,,,,,,,,,,,0.007284192173778583,33.65878080397793,33.6947504576551,33.65878080397793,33.6947504576551,25.104857896557547
,,,,,,,,,,,,,,,,,,,,,,,,,,,,0.007304181909716151,33.69459561813848,33.65883674950559,33.69459561813848,33.65883674950559,25.104876181713443
,,,,,,,,,,,,,,,,,,,,,,,,,,,,0.007324171386260742,33.65926489408855,33.69422098525637,33.65926489408855,33.69422098525637,25.104894473057563
,,,,,,,,,,,,,,,,,,,,,,,,,,,,0.007344159883924555,33.69476538604127,33.65969712933303,33.69476538604127,33.65969712933303,25.104912769870566
,,,,,,,,,,,,,,,,,,,,,,,,,,,,0.007364158920691326,33.65558219562136,33.68889192000936,33.65558219562136,33.68889192000936,25.104931082641265
,,,,,,,,,,,,,,,,,,,,,,,,,,,,0.007384147042690732,33.700324762873535,33.790027640003146,33.700324762873535,33.790027640003146,25.104949391665404
,,,,,,,,,,,,,,,,,,,,,,,,,,,,0.007404144474478849,33.73234308414532,33.691205096313396,33.73234308414532,33.691205096313396,25.104967715409952
,,,,,,,,,,,,,,,,,,,,,,,,,,,,0.007424139972373753,33.68758997052409,33.72571386610574,33.68758997052409,33.72571386610574,25.1049860435194
,,,,,,,,,,,,,,,,,,,,,,,,,,,,0.007444136523665561,33.72067435647851,33.683524110363784,33.72067435647851,33.683524110363784,25.105004378674685
,,,,,,,,,,,,,,,,,,,,,,,,,,,,0.007464130007202815,33.681523738834855,33.71770626831359,33.681523738834855,33.71770626831359,25.105022717038985
,,,,,,,,,,,,,,,,,,,,,,,,,,,,0.007484117132145257,33.71893893533802,33.68260790854399,33.71893893533802,33.68260790854399,25.105041055533754
,,,,,,,,,,,,,,,,,,,,,,,,,,,,0.007504106678873248,33.68252735050719,33.718109121494535,33.68252735050719,33.718109121494535,25.10505940215848
,,,,,,,,,,,,,,,,,,,,,,,,,,,,0.0075240969650682485,33.71747557347849,33.682110756712056,33.71747557347849,33.682110756712056,25.105077755311786
,,,,,,,,,,,,,,,,,,,,,,,,,,,,0.007544084712979168,33.68306891205828,33.718024817865086,33.68306891205828,33.718024817865086,25.105096111927402
,,,,,,,,,,,,,,,,,,,,,,,,,,,,0.007564082892470755,33.71269700451817,33.67879134140682,33.71269700451817,33.67879134140682,25.105114483867556
,,,,,,,,,,,,,,,,,,,,,,,,,,,,0.007584071697807211,33.84496248993513,33.72585258222252,33.84496248993513,33.72585258222252,25.105132852885173
,,,,,,,,,,,,,,,,,,,,,,,,,,,,0.007604066554078322,33.71581148477683,33.76096046598223,33.71581148477683,33.76096046598223,25.105151233101456
,,,,,,,,,,,,,,,,,,,,,,,,,,,,0.00762406264803666,33.75010398860156,33.71114195877711,33.75010398860156,33.71114195877711,25.10516962004304
,,,,,,,,,,,,,,,,,,,,,,,,,,,,0.007644059029500684,33.707132716478924,33.74474147258623,33.707132716478924,33.74474147258623,25.10518801278724
,,,,,,,,,,,,,,,,,,,,,,,,,,,,0.0076640557817175,33.73946313619233,33.70300428977582,33.73946313619233,33.70300428977582,25.105206411362026
,,,,,,,,,,,,,,,,,,,,,,,,,,,,0.007684042847131657,33.70403342838278,33.74039169506457,33.70403342838278,33.74039169506457,25.105224806460136
,,,,,,,,,,,,,,,,,,,,,,,,,,,,0.007704031377834797,33.74049458123075,33.704243209038786,33.74049458123075,33.704243209038786,25.10524320829377
,,,,,,,,,,,,,,,,,,,,,,,,,,,,0.007724021425227303,33.70411856354616,33.73938258097509,33.70411856354616,33.73938258097509,25.105261616862304
,,,,,,,,,,,,,,,,,,,,,,,,,,,,0.007744009088053297,33.740015048172296,33.70458006104548,33.740015048172296,33.70458006104548,25.105280028526504
,,,,,,,,,,,,,,,,,,,,,,,,,,,,0.007764003579517867,33.702186330454474,33.73615291471038,33.702186330454474,33.73615291471038,25.105298451728633
,,,,,,,,,,,,,,,,,,,,,,,,,,,,0.007783997809480671,33.74705518129065,33.87036977624345,33.74705518129065,33.87036977624345,25.10531687989056
,,,,,,,,,,,,,,,,,,,,,,,,,,,,0.007803988745000615,33.79570150428863,33.739183638875055,33.79570150428863,33.739183638875055,25.10533531016734
,,,,,,,,,,,,,,,,,,,,,,,,,,,,0.00782398561423672,33.73346333980192,33.77270967012423,33.73346333980192,33.77270967012423,25.10535375102016
,,,,,,,,,,,,,,,,,,,,,,,,,,,,0.00784398162318536,33.766940306308186,33.72901645577367,33.766940306308186,33.72901645577367,25.10537219614029
,,,,,,,,,,,,,,,,,,,,,,,,,,,,0.007863978080069025,33.72487203116345,33.76166782804789,33.72487203116345,33.76166782804789,25.1053906466935
,,,,,,,,,,,,,,,,,,,,,,,,,,,,0.007883967742969634,33.76091655126703,33.72423079060274,33.76091655126703,33.72423079060274,25.105409095952595
,,,,,,,,,,,,,,,,,,,,,,,,,,,,0.007903956182964184,33.72433314617887,33.760259839559794,33.72433314617887,33.760259839559794,25.105427549012624
,,,,,,,,,,,,,,,,,,,,,,,,,,,,0.00792394592329686,33.75968010766378,33.723992386358866,33.75968010766378,33.723992386358866,25.105446008154814
,,,,,,,,,,,,,,,,,,,,,,,,,,,,0.007943935340511465,33.72381977941176,33.75881157149449,33.72381977941176,33.75881157149449,25.10546447183482
,,,,,,,,,,,,,,,,,,,,,,,,,,,,0.007963923911205236,33.75880868714764,33.72379352160421,33.75880868714764,33.72379352160421,25.1054829395276
,,,,,,,,,,,,,,,,,,,,,,,,,,,,0.007983922972713988,33.71901649870631,33.75239542535626,33.71901649870631,33.75239542535626,25.105501421665913
,,,,,,,,,,,,,,,,,,,,,,,,,,,,0.008003911327536908,33.76296465552176,33.84997544223722,33.76296465552176,33.84997544223722,25.105519898617278
,,,,,,,,,,,,,,,,,,,,,,,,,,,,0.008023908506989247,33.794663570412474,33.75356897124518,33.794663570412474,33.75356897124518,25.105538388393903
,,,,,,,,,,,,,,,,,,,,,,,,,,,,0.008043904266367799,33.7492647875008,33.78736044531768,33.7492647875008,33.78736044531768,25.105556881484116
,,,,,,,,,,,,,,,,,,,,,,,,,,,,0.00806390054398839,33.781967088989674,33.74476396540141,33.781967088989674,33.74476396540141,25.10557537963904
,,,,,,,,,,,,,,,,,,,,,,,,,,,,0.008083894009997736,33.74217401116328,33.778375839317725,33.74217401116328,33.778375839317725,25.10559387973553
,,,,,,,,,,,,,,,,,,,,,,,,,,,,0.00810388109489418,33.7789786720345,33.742610488808,33.7789786720345,33.742610488808,25.1056123784251
,,,,,,,,,,,,,,,,,,,,,,,,,,,,0.008123870685166039,33.742293473806235,33.77786426668723,33.742293473806235,33.77786426668723,25.10563088388772
,,,,,,,,,,,,,,,,,,,,,,,,,,,,0.008143860984564277,33.77650675389687,33.74118230873846,33.77650675389687,33.74118230873846,25.1056493944193
,,,,,,,,,,,,,,,,,,,,,,,,,,,,0.008163848676476102,33.74175122118488,33.77655413653593,33.74175122118488,33.77655413653593,25.105667906906454
,,,,,,,,,,,,,,,,,,,,,,,,,,,,0.00818384692537996,33.770692401348136,33.73695564836004,33.770692401348136,33.73695564836004,25.1056864335035
,,,,,,,,,,,,,,,,,,,,,,,,,,,,0.008203835794415278,33.90173584608089,33.783227695756125,33.90173584608089,33.783227695756125,25.105704955700443
,,,,,,,,,,,,,,,,,,,,,,,,,,,,0.008223830453029123,33.7728674392996,33.81809027225812,33.7728674392996,33.81809027225812,25.105723487508836
,,,,,,,,,,,,,,,,,,,,,,,,,,,,0.00824382665029648,33.80651777956474,33.76770916041111,33.80651777956474,33.76770916041111,25.105742024949834
,,,,,,,,,,,,,,,,,,,,,,,,,,,,0.008263823053238957,33.76319056172124,33.800355237137644,33.76319056172124,33.800355237137644,25.105760566750455
,,,,,,,,,,,,,,,,,,,,,,,,,,,,0.008283819660844034,33.79500469460357,33.758261797403364,33.79500469460357,33.758261797403364,25.105779112872003
,,,,,,,,,,,,,,,,,,,,,,,,,,,,0.008303806876440605,33.75903183836045,33.79519218700287,33.75903183836045,33.79519218700287,25.10579765437339
,,,,,,,,,,,,,,,,,,,,,,,,,,,,0.008323795428496265,33.794739618579726,33.75874293727717,33.794739618579726,33.75874293727717,25.10581620116619
,,,,,,,,,,,,,,,,,,,,,,,,,,,,0.008343785422985547,33.75783950670033,33.79318808524078,33.75783950670033,33.79318808524078,25.10583475331246
,,,,,,,,,,,,,,,,,,,,,,,,,,,,0.008363773135703328,33.793430573469635,33.75794738297045,33.793430573469635,33.75794738297045,25.105853307317982
,,,,,,,,,,,,,,,,,,,,,,,,,,,,0.008383767571837659,33.75499837402352,33.78912234944295,33.75499837402352,33.78912234944295,25.105871871505624
,,,,,,,,,,,,,,,,,,,,,,,,,,,,0.008403761816580306,33.79911850739683,33.9225667056401,33.79911850739683,33.9225667056401,25.105890439420683
,,,,,,,,,,,,,,,,,,,,,,,,,,,,0.008423753079099375,33.84614554091726,33.79113404212063,33.84614554091726,33.79113404212063,25.105909008430757
,,,,,,,,,,,,,,,,,,,,,,,,,,,,0.008443749611256726,33.784725805275954,33.82413685148231,33.784725805275954,33.82413685148231,25.105927586164643
,,,,,,,,,,,,,,,,,,,,,,,,,,,,0.008463745479352061,33.81771561566993,33.77997142870483,33.81771561566993,33.77997142870483,25.105946167077356
,,,,,,,,,,,,,,,,,,,,,,,,,,,,0.008483742099758287,33.77527676577737,33.81199104988244,33.77527676577737,33.81199104988244,25.105964752451143
,,,,,,,,,,,,,,,,,,,,,,,,,,,,0.00850373171663356,33.81048347279683,33.773957842900366,33.81048347279683,33.773957842900366,25.105983335041586
,,,,,,,,,,,,,,,,,,,,,,,,,,,,0.008523720239307971,33.77403004533661,33.8099336132003,33.77403004533661,33.8099336132003,25.106001920302987
,,,,,,,,,,,,,,,,,,,,,,,,,,,,0.00854370991202711,33.808580013704436,33.77306400744055,33.808580013704436,33.77306400744055,25.10602051028614
,,,,,,,,,,,,,,,,,,,,,,,,,,,,0.00856369937459998,33.77224352984348,33.80733923258955,33.77224352984348,33.80733923258955,25.106039103693988
,,,,,,,,,,,,,,,,,,,,,,,,,,,,0.00858368792837305,33.80685085758404,33.77185539555656,33.80685085758404,33.77185539555656,25.106057699843923
,,,,,,,,,,,,,,,,,,,,,,,,,,,,0.00860368694154871,33.76658475040593,33.799998084830584,33.76658475040593,33.799998084830584,25.106076309282027
,,,,,,,,,,,,,,,,,,,,,,,,,,,,0.008623675353330949,33.81021177646812,33.89694281542184,33.81021177646812,33.89694281542184,25.106094912378715
,,,,,,,,,,,,,,,,,,,,,,,,,,,,0.008643672222687422,33.84171279560415,33.80035810588194,33.84171279560415,33.80035810588194,25.10611352684024
,,,,,,,,,,,,,,,,,,,,,,,,,,,,0.008663667995989733,33.79565237941327,33.83389903504922,33.79565237941327,33.83389903504922,25.106132143744176
,,,,,,,,,,,,,,,,,,,,,,,,,,,,0.008683664580439511,33.82791128274793,33.79068875771928,33.82791128274793,33.79068875771928,25.10615076483494
,,,,,,,,,,,,,,,,,,,,,,,,,,,,0.008703658030026432,33.787489264713415,33.82365183678131,33.787489264713415,33.82365183678131,25.10616938640787
,,,,,,,,,,,,,,,,,,,,,,,,,,,,0.008723645126910247,33.82411149022021,33.787891675287106,33.82411149022021,33.787891675287106,25.10618800542903
,,,,,,,,,,,,,,,,,,,,,,,,,,,,0.008743634669008488,33.786915195585955,33.82268845746324,33.786915195585955,33.82268845746324,25.10620663006141
,,,,,,,,,,,,,,,,,,,,,,,,,,,,0.008763624953835591,33.8209366370204,33.785523629557666,33.8209366370204,33.785523629557666,25.106225258691527
,,,,,,,,,,,,,,,,,,,,,,,,,,,,0.008783612655384593,33.78566502732902,33.82059405141147,33.78566502732902,33.82059405141147,25.106243888191432
,,,,,,,,,,,,,,,,,,,,,,,,,,,,0.008803610919907938,33.81418331902935,33.780411408308126,33.81418331902935,33.780411408308126,25.106262530786893
,,,,,,,,,,,,,,,,,,,,,,,,,,,,0.008823599787535837,33.945060815166656,33.82672647098179,33.945060815166656,33.82672647098179,25.10628116784226
,,,,,,,,,,,,,,,,,,,,,,,,,,,,0.00884359477609887,33.815711313425,33.86020582159251,33.815711313425,33.86020582159251,25.10629981379548
,,,,,,,,,,,,,,,,,,,,,,,,,,,,0.008863590945752097,33.84875877451831,33.810051406279754,33.84875877451831,33.810051406279754,25.106318464012986
,,,,,,,,,,,,,,,,,,,,,,,,,,,,0.008883587070497061,33.80520862507638,33.842472528719966,33.80520862507638,33.842472528719966,25.10633711732266
,,,,,,,,,,,,,,,,,,,,,,,,,,,,0.008903583978752044,33.836373342371644,33.80000176144289,33.836373342371644,33.80000176144289,25.106355774468305
,,,,,,,,,,,,,,,,,,,,,,,,,,,,0.008923570870472424,33.80033794327114,33.836466774816444,33.80033794327114,33.836466774816444,25.106374425342256
,,,,,,,,,,,,,,,,,,,,,,,,,,,,0.008943559440421205,33.83553992913816,33.79975938864316,33.83553992913816,33.79975938864316,25.106393080826493
,,,,,,,,,,,,,,,,,,,,,,,,,,,,0.008963549409176094,33.79840913383623,33.8337941457191,33.79840913383623,33.8337941457191,25.10641174063193
,,,,,,,,,,,,,,,,,,,,,,,,,,,,0.00898353710787506,33.83352605875744,33.79820852186984,33.83352605875744,33.79820852186984,25.10643040130526
,,,,,,,,,,,,,,,,,,,,,,,,,,,,0.00900353156529521,33.79468627604677,33.828723290846625,33.79468627604677,33.828723290846625,25.10644907124805
,,,,,,,,,,,,,,,,,,,,,,,,,,,,0.00902352584204654,33.838777226268604,33.96228585401691,33.838777226268604,33.96228585401691,25.106467743949956
,,,,,,,,,,,,,,,,,,,,,,,,,,,,0.009043517098420177,33.88538549056329,33.830165277481306,33.88538549056329,33.830165277481306,25.10648641672814
,,,,,,,,,,,,,,,,,,,,,,,,,,,,0.009063513367882364,33.823514453053875,33.86306493136187,33.823514453053875,33.86306493136187,25.106505097060783
,,,,,,,,,,,,,,,,,,,,,,,,,,,,0.009083509661871303,33.85603577902894,33.81820661836799,33.85603577902894,33.81820661836799,25.10652378026253
,,,,,,,,,,,,,,,,,,,,,,,,,,,,0.00910350611055603,33.813224700089464,33.84997000824117,33.813224700089464,33.84997000824117,25.10654246642778
,,,,,,,,,,,,,,,,,,,,,,,,,,,,0.009123495796441094,33.84827894852738,33.81190443982077,33.84827894852738,33.81190443982077,25.106561149064067
,,,,,,,,,,,,,,,,,,,,,,,,,,,,0.009143484223056796,33.8112893516705,33.84735022633497,33.8112893516705,33.84735022633497,25.10657983328655
,,,,,,,,,,,,,,,,,,,,,,,,,,,,0.00916347392360311,33.84560217981621,33.80998129485531,33.84560217981621,33.80998129485531,25.10659852143769
,,,,,,,,,,,,,,,,,,,,,,,,,,,,0.009183463405286637,33.80893393978532,33.84396928282847,33.80893393978532,33.84396928282847,25.106617212095944
,,,,,,,,,,,,,,,,,,,,,,,,,,,,0.009203451879408289,33.843079411933914,33.808179967306764,33.843079411933914,33.808179967306764,25.106635904497857
,,,,,,,,,,,,,,,,,,,,,,,,,,,,0.00922345097650156,33.80253787837348,33.835957863328,33.80253787837348,33.835957863328,25.10665460949616
,,,,,,,,,,,,,,,,,,,,,,,,,,,,0.009243439094118518,33.84608361899038,33.93567380766516,33.84608361899038,33.93567380766516,25.106673306860475
,,,,,,,,,,,,,,,,,,,,,,,,,,,,0.009263436540309528,33.87667036614092,33.83558457739962,33.87667036614092,33.83558457739962,25.106692015562896
,,,,,,,,,,,,,,,,,,,,,,,,,,,,0.009283432292776525,33.830580209785204,33.86861700676654,33.830580209785204,33.86861700676654,25.106710725269423
,,,,,,,,,,,,,,,,,,,,,,,,,,,,0.00930342829576569,33.86242947264825,33.82506461420155,33.86242947264825,33.82506461420155,25.10672943777519
,,,,,,,,,,,,,,,,,,,,,,,,,,,,0.009323422012407451,33.82178730765147,33.85821341555036,33.82178730765147,33.85821341555036,25.10674815067838
,,,,,,,,,,,,,,,,,,,,,,,,,,,,0.00934340916042304,33.858059963251826,33.821733626014925,33.858059963251826,33.821733626014925,25.106766859943093
,,,,,,,,,,,,,,,,,,,,,,,,,,,,0.00936339865865055,33.820553683337366,33.856259339476374,33.820553683337366,33.856259339476374,25.10678557389427
,,,,,,,,,,,,,,,,,,,,,,,,,,,,0.009383388950199013,33.85428156751272,33.81880193566585,33.85428156751272,33.81880193566585,25.10680429105385
,,,,,,,,,,,,,,,,,,,,,,,,,,,,0.009403376713472671,33.8185547799356,33.85360710347384,33.8185547799356,33.85360710347384,25.106823008289183
,,,,,,,,,,,,,,,,,,,,,,,,,,,,0.009423374954599108,33.847005370531896,33.81317400022118,33.847005370531896,33.81317400022118,25.106841737759012
,,,,,,,,,,,,,,,,,,,,,,,,,,,,0.009443363725331236,33.9780540944865,33.85893903678089,33.9780540944865,33.85893903678089,25.10686046075895
,,,,,,,,,,,,,,,,,,,,,,,,,,,,0.009463358488249439,33.84781235616614,33.89291033659056,33.84781235616614,33.89291033659056,25.1068791917496
,,,,,,,,,,,,,,,,,,,,,,,,,,,,0.009483354691306848,33.88078598212602,33.841854049404496,33.88078598212602,33.841854049404496,25.106897926444947
,,,,,,,,,,,,,,,,,,,,,,,,,,,,0.009503350805900883,33.836645100953284,33.874163464623045,33.836645100953284,33.874163464623045,25.106916663391864
,,,,,,,,,,,,,,,,,,,,,,,,,,,,0.009523347705777743,33.86773578947169,33.83135288302163,33.86773578947169,33.83135288302163,25.106935403388466
,,,,,,,,,,,,,,,,,,,,,,,,,,,,0.00954333487151315,33.83107563316322,33.867453662277754,33.83107563316322,33.867453662277754,25.10695413655358
,,,,,,,,,,,,,,,,,,,,,,,,,,,,0.009563323476676915,33.86630592708513,33.83034908326006,33.86630592708513,33.83034908326006,25.106972873336662
,,,,,,,,,,,,,,,,,,,,,,,,,,,,0.009583313434878641,33.8287712201316,33.86419306662892,33.8287712201316,33.86419306662892,25.106991613636588
,,,,,,,,,,,,,,,,,,,,,,,,,,,,0.009603301184538428,33.86332433223871,33.82794117036157,33.86332433223871,33.82794117036157,25.10701035409317
,,,,,,,,,,,,,,,,,,,,,,,,,,,,0.009623295602808118,33.82445853118043,33.858853830721536,33.82445853118043,33.858853830721536,25.10702910300561
,,,,,,,,,,,,,,,,,,,,,,,,,,,,0.009643289827746123,33.868117981892816,33.9918716153207,33.868117981892816,33.9918716153207,25.107047853917493
,,,,,,,,,,,,,,,,,,,,,,,,,,,,0.009663281083767605,33.91446829654302,33.85946682337719,33.91446829654302,33.85946682337719,25.10706660420534
,,,,,,,,,,,,,,,,,,,,,,,,,,,,0.009683277648281126,33.85236463259971,33.891837027864256,33.85236463259971,33.891837027864256,25.10708536161388
,,,,,,,,,,,,,,,,,,,,,,,,,,,,0.00970327338691791,33.885000125068125,33.84710232827068,33.885000125068125,33.84710232827068,25.1071041203701
,,,,,,,,,,,,,,,,,,,,,,,,,,,,0.00972326983917701,33.841716447009404,33.878712588478116,33.841716447009404,33.878712588478116,25.10712288189868
,,,,,,,,,,,,,,,,,,,,,,,,,,,,0.00974325974865665,33.87659408913411,33.84003621972408,33.87659408913411,33.84003621972408,25.107141639371097
,,,,,,,,,,,,,,,,,,,,,,,,,,,,0.009763248245180715,33.83926785205487,33.8753553271877,33.83926785205487,33.8753553271877,25.107160397581094
,,,,,,,,,,,,,,,,,,,,,,,,,,,,0.009783237923707437,33.87333206741248,33.8377197905156,33.87333206741248,33.8377197905156,25.10717915894487
,,,,,,,,,,,,,,,,,,,,,,,,,,,,0.009803227374170762,33.836287796869385,33.87152202119777,33.836287796869385,33.87152202119777,25.10719792211951
,,,,,,,,,,,,,,,,,,,,,,,,,,,,0.009823215895629936,33.87032452003888,33.835437578166214,33.87032452003888,33.835437578166214,25.107216686427602
,,,,,,,,,,,,,,,,,,,,,,,,,,,,0.009843215068555431,33.82946788343184,33.86302380510397,33.82946788343184,33.86302380510397,25.107235462723192
,,,,,,,,,,,,,,,,,,,,,,,,,,,,0.009863203363654108,33.87248315935845,33.959588139964346,33.87248315935845,33.959588139964346,25.107254230775805
,,,,,,,,,,,,,,,,,,,,,,,,,,,,0.009883200526516618,33.903097356179,33.86228269400239,33.903097356179,33.86228269400239,25.107273009107175
,,,,,,,,,,,,,,,,,,,,,,,,,,,,0.00990319631147625,33.85651348570862,33.89476616272645,33.85651348570862,33.89476616272645,25.107291788079493
,,,,,,,,,,,,,,,,,,,,,,,,,,,,0.009923192600515291,33.88837759369,33.85141282704441,33.88837759369,33.85141282704441,25.107310569438773
,,,,,,,,,,,,,,,,,,,,,,,,,,,,0.009943186017915297,33.8476818976849,33.884163436783034,33.8476818976849,33.884163436783034,25.10732934999364
,,,,,,,,,,,,,,,,,,,,,,,,,,,,0.009963173167418772,33.88355307563109,33.84752758945781,33.88355307563109,33.84752758945781,25.107348126537854
,,,,,,,,,,,,,,,,,,,,,,,,,,,,0.0099831627116861,33.84589145526679,33.88174884778196,33.84589145526679,33.88174884778196,25.107366907192432
,,,,,,,,,,,,,,,,,,,,,,,,,,,,0.010003152968830368,33.879277831039275,33.84404646050117,33.879277831039275,33.84404646050117,25.10738569036117
,,,,,,,,,,,,,,,,,,,,,,,,,,,,0.010023140728906577,33.8435487303336,33.87851222487516,33.8435487303336,33.87851222487516,25.107404473010497
,,,,,,,,,,,,,,,,,,,,,,,,,,,,0.010043138931746043,33.87162430367799,33.83775277904079,33.87162430367799,33.83775277904079,25.10742326728509
,,,,,,,,,,,,,,,,,,,,,,,,,,,,0.01006312782406368,34.001774018515505,33.88364977084297,34.001774018515505,33.88364977084297,25.107442054604363
,,,,,,,,,,,,,,,,,,,,,,,,,,,,0.010083122814601378,33.87202242187593,33.91646879126012,33.87202242187593,33.91646879126012,25.10746084943402
,,,,,,,,,,,,,,,,,,,,,,,,,,,,0.01010311870831302,33.90460987036834,33.86557152129394,33.90460987036834,33.86557152129394,25.107479646875667
,,,,,,,,,,,,,,,,,,,,,,,,,,,,0.010123114956032664,33.86039438657843,33.89788873556667,33.86039438657843,33.89788873556667,25.107498446392658
,,,,,,,,,,,,,,,,,,,,,,,,,,,,0.010143111687892508,33.891406825414016,33.85484104027719,33.891406825414016,33.85484104027719,25.107517248089493
,,,,,,,,,,,,,,,,,,,,,,,,,,,,0.010163098919026177,33.85456213263211,33.890851927449106,33.85456213263211,33.890851927449106,25.107536042561538
,,,,,,,,,,,,,,,,,,,,,,,,,,,,0.010183087484081439,33.88954953556187,33.853367470463745,33.88954953556187,33.853367470463745,25.107554839981216
,,,,,,,,,,,,,,,,,,,,,,,,,,,,0.010203077432507073,33.85153650826479,33.886926678138224,33.85153650826479,33.886926678138224,25.10757364038013
,,,,,,,,,,,,,,,,,,,,,,,,,,,,0.010223065203691076,33.886227090417286,33.85101390377743,33.886227090417286,33.85101390377743,25.107592440391638
,,,,,,,,,,,,,,,,,,,,,,,,,,,,0.0102430596051258,33.847283811615135,33.88135281968872,33.847283811615135,33.88135281968872,25.107611248283277
,,,,,,,,,,,,,,,,,,,,,,,,,,,,0.010263053848158376,33.890639650098734,34.01417838513715,33.890639650098734,34.01417838513715,25.107630057657055
,,,,,,,,,,,,,,,,,,,,,,,,,,,,0.01028304514392284,33.9366930038391,33.881586826135745,33.9366930038391,33.881586826135745,25.10764886587445
,,,,,,,,,,,,,,,,,,,,,,,,,,,,0.010303041677965025,33.87445873625872,33.91366172103185,33.87445873625872,33.91366172103185,25.107667680622512
,,,,,,,,,,,,,,,,,,,,,,,,,,,,0.010323037679556496,33.90665570224482,33.86870451937759,33.90665570224482,33.86870451937759,25.10768649645733
,,,,,,,,,,,,,,,,,,,,,,,,,,,,0.010343034176415949,33.86335820278005,33.89989146135942,33.86335820278005,33.89989146135942,25.107705314330932
,,,,,,,,,,,,,,,,,,,,,,,,,,,,0.010363023840447828,33.89790698934031,33.86140183510854,33.89790698934031,33.86140183510854,25.107724127332652
,,,,,,,,,,,,,,,,,,,,,,,,,,,,0.010383012237356331,33.8603244017233,33.89652756231776,33.8603244017233,33.89652756231776,25.107742940684393
,,,,,,,,,,,,,,,,,,,,,,,,,,,,0.010403001949448333,33.894126735756934,33.85831691700754,33.894126735756934,33.85831691700754,25.107761756801686
,,,,,,,,,,,,,,,,,,,,,,,,,,,,0.010422991404818869,33.85708357448279,33.89225203989907,33.85708357448279,33.89225203989907,25.107780574187213
,,,,,,,,,,,,,,,,,,,,,,,,,,,,0.010442979937364693,33.89080575343087,33.85615062624527,33.89080575343087,33.85615062624527,25.107799392197883
,,,,,,,,,,,,,,,,,,,,,,,,,,,,0.010462979017559812,33.84975043733187,33.88358498823512,33.84975043733187,33.88358498823512,25.10781822162106
,,,,,,,,,,,,,,,,,,,,,,,,,,,,0.010482967100374324,33.892848258975015,33.98281330110234,33.892848258975015,33.98281330110234,25.107837042158668
,,,,,,,,,,,,,,,,,,,,,,,,,,,,0.010502964459318436,33.923275363776284,33.88222424362716,33.923275363776284,33.88222424362716,25.107855872887303
,,,,,,,,,,,,,,,,,,,,,,,,,,,,0.010522960325487205,33.876481514662935,33.91499397898597,33.876481514662935,33.91499397898597,25.107874703653682
,,,,,,,,,,,,,,,,,,,,,,,,,,,,0.010542956600912708,33.908121189444145,33.87101663202466,33.908121189444145,33.87101663202466,25.107893536236162
,,,,,,,,,,,,,,,,,,,,,,,,,,,,0.010562950056008056,33.8671434448205,33.903612473253546,33.8671434448205,33.903612473253546,25.107912367579594
,,,,,,,,,,,,,,,,,,,,,,,,,,,,0.010582937183023076,33.90273043720019,33.86703637613647,33.90273043720019,33.86703637613647,25.10793119436599
,,,,,,,,,,,,,,,,,,,,,,,,,,,,0.010602926755236847,33.86499073167057,33.90093619090722,33.86499073167057,33.90093619090722,25.10795002484573
,,,,,,,,,,,,,,,,,,,,,,,,,,,,0.0106229170024403,33.89812429713705,33.86319518971333,33.89812429713705,33.86319518971333,25.107968857338367
,,,,,,,,,,,,,,,,,,,,,,,,,,,,0.010642904735165217,33.86239117574362,33.897227734055086,33.86239117574362,33.897227734055086,25.10798768882547
,,,,,,,,,,,,,,,,,,,,,,,,,,,,0.010662902974640542,33.890228959188065,33.85640267522179,33.890228959188065,33.85640267522179,25.10800653156385
,,,,,,,,,,,,,,,,,,,,,,,,,,,,0.010682891846782906,34.020272113425186,33.90206090575409,34.020272113425186,33.90206090575409,25.108025366815927
,,,,,,,,,,,,,,,,,,,,,,,,,,,,0.010702886730019219,33.89011614102524,33.93489728777778,33.89011614102524,33.93489728777778,25.108044209060104
,,,,,,,,,,,,,,,,,,,,,,,,,,,,0.010722883005180548,33.922681260108945,33.88390263993327,33.922681260108945,33.88390263993327,25.10806305392903
,,,,,,,,,,,,,,,,,,,,,,,,,,,,0.010742879109958846,33.878571184272566,33.9156788533775,33.878571184272566,33.9156788533775,25.108081899935893
,,,,,,,,,,,,,,,,,,,,,,,,,,,,0.010762876038249807,33.908951982639515,33.87257909405834,33.908951982639515,33.87257909405834,25.10810074800705
,,,,,,,,,,,,,,,,,,,,,,,,,,,,0.010782862917369991,33.87229312782587,33.90834363141256,33.87229312782587,33.90834363141256,25.108119587883582
,,,,,,,,,,,,,,,,,,,,,,,,,,,,0.010802851482190137,33.90687720205918,33.87100667931911,33.90687720205918,33.87100667931911,25.10813843061443
,,,,,,,,,,,,,,,,,,,,,,,,,,,,0.010822841460351385,33.868966454438066,33.90459137710492,33.868966454438066,33.90459137710492,25.108157275930733
,,,,,,,,,,,,,,,,,,,,,,,,,,,,0.010842829209935116,33.90338737225843,33.86836028153544,33.90338737225843,33.86836028153544,25.108176120388237
,,,,,,,,,,,,,,,,,,,,,,,,,,,,0.010862823640091179,33.864354262859564,33.89836498623764,33.864354262859564,33.89836498623764,25.108194972376207
,,,,,,,,,,,,,,,,,,,,,,,,,,,,0.010882817859688783,33.90745869510359,34.031221720086734,33.90745869510359,34.031221720086734,25.10821382538672
,,,,,,,,,,,,,,,,,,,,,,,,,,,,0.010902808927314609,33.954336555283824,33.898556981791415,33.954336555283824,33.898556981791415,25.10823267663453
,,,,,,,,,,,,,,,,,,,,,,,,,,,,0.01092280539393825,33.89081769860431,33.93099654320594,33.89081769860431,33.93099654320594,25.10825153417142
,,,,,,,,,,,,,,,,,,,,,,,,,,,,0.010942801424141373,33.92341700617161,33.88519034711475,33.92341700617161,33.88519034711475,25.10827039248415
,,,,,,,,,,,,,,,,,,,,,,,,,,,,0.01096279816321113,33.87962989992013,33.91636664559377,33.87962989992013,33.91636664559377,25.108289252642397
,,,,,,,,,,,,,,,,,,,,,,,,,,,,0.010982787768251245,33.9140808268887,33.87766020702129,33.9140808268887,33.87766020702129,25.108308107238106
,,,,,,,,,,,,,,,,,,,,,,,,,,,,0.011002776244946274,33.87615094410212,33.91224366449696,33.87615094410212,33.91224366449696,25.10832696192478
,,,,,,,,,,,,,,,,,,,,,,,,,,,,0.011022766005907169,33.910192405197954,33.87455410616891,33.910192405197954,33.87455410616891,25.108345818963297
,,,,,,,,,,,,,,,,,,,,,,,,,,,,0.011042755423938476,33.872610519768514,33.90828440166735,33.872610519768514,33.90828440166735,25.108364676805575
,,,,,,,,,,,,,,,,,,,,,,,,,,,,0.011062743960995332,33.906399392352235,33.87191675306895,33.906399392352235,33.87191675306895,25.108383534935488
,,,,,,,,,,,,,,,,,,,,,,,,,,,,0.011082743015128944,33.865253482082224,33.899155492384075,33.865253482082224,33.899155492384075,25.108402404098825
,,,,,,,,,,,,,,,,,,,,,,,,,,,,0.011102731118236125,33.90805375074826,33.99824348787902,33.90805375074826,33.99824348787902,25.10842126403088
,,,,,,,,,,,,,,,,,,,,,,,,,,,,0.011122728311220142,33.938496405599096,33.89767099317596,33.938496405599096,33.89767099317596,25.10844013363138
,,,,,,,,,,,,,,,,,,,,,,,,,,,,0.01114272432178578,33.89154578046351,33.93015312358541,33.89154578046351,33.93015312358541,25.108459003196433
,,,,,,,,,,,,,,,,,,,,,,,,,,,,0.011162720453205254,33.922999497334544,33.886225985825256,33.922999497334544,33.886225985825256,25.108477873945933
,,,,,,,,,,,,,,,,,,,,,,,,,,,,0.011182714027975188,33.88166151692632,33.91892349196615,33.88166151692632,33.91892349196615,25.10849674334403
,,,,,,,,,,,,,,,,,,,,,,,,,,,,0.011202701190117683,33.91727826226967,33.88194108461448,33.91727826226967,33.88194108461448,25.108515607741847
,,,,,,,,,,,,,,,,,,,,,,,,,,,,0.011222690712534292,33.87932094646159,33.915705491253945,33.87932094646159,33.915705491253945,25.108534475410437
,,,,,,,,,,,,,,,,,,,,,,,,,,,,0.01124268102755628,33.91224188932031,33.87810643456167,33.91224188932031,33.87810643456167,25.108553344861242
,,,,,,,,,,,,,,,,,,,,,,,,,,,,0.011262668691663065,33.87622095376005,33.91209897177054,33.87622095376005,33.91209897177054,25.10857221283436
,,,,,,,,,,,,,,,,,,,,,,,,,,,,0.01128266697028611,33.90406360615025,33.87114204137126,33.90406360615025,33.87114204137126,25.108591091842964
,,,,,,,,,,,,,,,,,,,,,,,,,,,,0.011302655851221097,34.03385501256235,33.91626130158205,34.03385501256235,33.91626130158205,25.108609962985337
,,,,,,,,,,,,,,,,,,,,,,,,,,,,0.011322650515973268,33.903930631345034,33.94997917698683,33.903930631345034,33.94997917698683,25.1086288405821
,,,,,,,,,,,,,,,,,,,,,,,,,,,,0.011342646827766895,33.93632311195988,33.898304815897085,33.93632311195988,33.898304815897085,25.108647720718675
,,,,,,,,,,,,,,,,,,,,,,,,,,,,0.011362642830455861,33.89173150029465,33.930377676560354,33.89173150029465,33.930377676560354,25.108666601541852
,,,,,,,,,,,,,,,,,,,,,,,,,,,,0.011382639733582632,33.92289149610882,33.886413632354476,33.92289149610882,33.886413632354476,25.108685484187145
,,,,,,,,,,,,,,,,,,,,,,,,,,,,0.011402626899532024,33.88540191297098,33.922437526198344,33.88540191297098,33.922437526198344,25.108704358601095
,,,,,,,,,,,,,,,,,,,,,,,,,,,,0.011422615497309344,33.91981327242856,33.885094209471696,33.91981327242856,33.885094209471696,25.108723235322657
,,,,,,,,,,,,,,,,,,,,,,,,,,,,0.01144260544844291,33.881587935320916,33.9186969070991,33.881587935320916,33.9186969070991,25.10874211426999
,,,,,,,,,,,,,,,,,,,,,,,,,,,,0.011462593206212034,33.91590027674039,33.88240601592758,33.91590027674039,33.88240601592758,25.10876099208532
,,,,,,,,,,,,,,,,,,,,,,,,,,,,0.011482587637416674,33.87742402416098,33.91163629260917,33.87742402416098,33.91163629260917,25.108779877135415
,,,,,,,,,,,,,,,,,,,,,,,,,,,,0.011502581877898734,33.92025679039244,34.04446510273047,33.92025679039244,34.04446510273047,25.1087987629291
,,,,,,,,,,,,,,,,,,,,,,,,,,,,0.01152257315235371,33.96557376241806,33.912112802586584,33.96557376241806,33.912112802586584,25.108817646836236
,,,,,,,,,,,,,,,,,,,,,,,,,,,,0.011542569705284724,33.90394435901981,33.94317775588339,33.90394435901981,33.94317775588339,25.108836536636
,,,,,,,,,,,,,,,,,,,,,,,,,,,,0.011562565725715821,33.93508510283083,33.89868539367914,33.93508510283083,33.89868539367914,25.10885542683179
,,,,,,,,,,,,,,,,,,,,,,,,,,,,0.011582561883917963,33.89145683446393,33.930074654908495,33.89145683446393,33.930074654908495,25.108874318048642
,,,,,,,,,,,,,,,,,,,,,,,,,,,,0.011602551822839619,33.9257208448606,33.890371737283424,33.9257208448606,33.890371737283424,25.10889320427242
,,,,,,,,,,,,,,,,,,,,,,,,,,,,0.01162254027631805,33.88793731583478,33.925733299084996,33.88793731583478,33.925733299084996,25.108912089961915
,,,,,,,,,,,,,,,,,,,,,,,,,,,,0.01164253000227578,33.921601113169714,33.887879446672976,33.921601113169714,33.887879446672976,25.108930977712383
,,,,,,,,,,,,,,,,,,,,,,,,,,,,0.011662519426184702,33.88400977596215,33.92134749577465,33.88400977596215,33.92134749577465,25.10894986603017
,,,,,,,,,,,,,,,,,,,,,,,,,,,,0.01168250796294044,33.917639978029285,33.88471234921247,33.917639978029285,33.88471234921247,25.10896875435555
,,,,,,,,,,,,,,,,,,,,,,,,,,,,0.011702507046876792,33.87641667332989,33.91189166063432,33.87641667332989,33.91189166063432,25.108987653487052
,,,,,,,,,,,,,,,,,,,,,,,,,,,,0.011722495426408266,33.91972358611463,34.007024086742,33.91972358611463,34.007024086742,25.109006543334115
,,,,,,,,,,,,,,,,,,,,,,,,,,,,0.011742492267452435,33.94966584244673,33.91015996658373,33.94966584244673,33.91015996658373,25.109025442000714
,,,,,,,,,,,,,,,,,,,,,,,,,,,,0.01176248807580296,33.90253647887462,33.94276038880918,33.90253647887462,33.94276038880918,25.10904434050656
,,,,,,,,,,,,,,,,,,,,,,,,,,,,0.011782484658811094,33.93377625112642,33.89848925696353,33.93377625112642,33.89848925696353,25.109063240552455
,,,,,,,,,,,,,,,,,,,,,,,,,,,,0.011802478042354824,33.89244938481162,33.930940030551994,33.89244938481162,33.930940030551994,25.10908213837407
,,,,,,,,,,,,,,,,,,,,,,,,,,,,0.011822465171442469,33.92798931286278,33.893927588677016,33.92798931286278,33.893927588677016,25.109101031075273
,,,,,,,,,,,,,,,,,,,,,,,,,,,,0.011842454734024068,33.88987767794922,33.927850561550315,33.88987767794922,33.927850561550315,25.1091199268607
,,,,,,,,,,,,,,,,,,,,,,,,,,,,0.011862445053157906,33.922794636818956,33.889834471367124,33.922794636818956,33.889834471367124,25.10913882413792
,,,,,,,,,,,,,,,,,,,,,,,,,,,,0.011882432722563518,33.88666962497979,33.923744254319004,33.88666962497979,33.923744254319004,25.109157719679324
,,,,,,,,,,,,,,,,,,,,,,,,,,,,0.011902430948235199,33.91412303881808,33.882278691252885,33.91412303881808,33.882278691252885,25.10917662596242
,,,,,,,,,,,,,,,,,,,,,,,,,,,,0.011922419758639145,34.04464579386134,33.928116286111425,34.04464579386134,33.928116286111425,25.109195524094986
,,,,,,,,,,,,,,,,,,,,,,,,,,,,0.011942414844348055,33.91383936374942,33.9607284275095,33.91383936374942,33.9607284275095,25.109214428901694
,,,,,,,,,,,,,,,,,,,,,,,,,,,,0.011962411046328048,33.94598450167355,33.909771559539976,33.94598450167355,33.909771559539976,25.109233335499823
,,,,,,,,,,,,,,,,,,,,,,,,,,,,0.011982406877296924,33.901629676838844,33.941392736880935,33.901629676838844,33.941392736880935,25.10925224247688
,,,,,,,,,,,,,,,,,,,,,,,,,,,,0.012002403756337527,33.93242552776443,33.897596728946986,33.93242552776443,33.897596728946986,25.10927115116791
,,,,,,,,,,,,,,,,,,,,,,,,,,,,0.012022390960891631,33.89557753296309,33.932960377340265,33.89557753296309,33.932960377340265,25.109290051426527
,,,,,,,,,,,,,,,,,,,,,,,,,,,,0.012042379477137856,33.930353520935,33.894950742180534,33.930353520935,33.894950742180534,25.109308953634464
,,,,,,,,,,,,,,,,,,,,,,,,,,,,0.012062369499204062,33.892226362513576,33.92816178393513,33.892226362513576,33.92816178393513,25.109327857968402
,,,,,,,,,,,,,,,,,,,,,,,,,,,,0.01208235720978788,33.92654456359452,33.89176078453911,33.92654456359452,33.89176078453911,25.109346760811913
,,,,,,,,,,,,,,,,,,,,,,,,,,,,0.012102351651011064,33.8865049723548,33.92161076291519,33.8865049723548,33.92161076291519,25.109365670710055
,,,,,,,,,,,,,,,,,,,,,,,,,,,,0.012122345820030146,33.92946312601137,34.054905176695314,33.92946312601137,34.054905176695314,25.109384581029456
,,,,,,,,,,,,,,,,,,,,,,,,,,,,0.012142337177094209,33.975219269431214,33.92183729445838,33.975219269431214,33.92183729445838,25.10940348935886
,,,,,,,,,,,,,,,,,,,,,,,,,,,,0.012162333415015556,33.912747837804154,33.95398178378203,33.912747837804154,33.95398178378203,25.1094224029694
,,,,,,,,,,,,,,,,,,,,,,,,,,,,0.01218232945260313,33.945166332503106,33.90794172503395,33.945166332503106,33.90794172503395,25.109441317049956
,,,,,,,,,,,,,,,,,,,,,,,,,,,,0.01220232620534339,33.90113633879595,33.93834235039168,33.90113633879595,33.93834235039168,25.109460232460496
,,,,,,,,,,,,,,,,,,,,,,,,,,,,0.012222315841003755,33.93577653765577,33.899714942146986,33.93577653765577,33.899714942146986,25.109479141782614
,,,,,,,,,,,,,,,,,,,,,,,,,,,,0.012242304317793797,33.89808510642524,33.934235210688655,33.89808510642524,33.934235210688655,25.109498050644593
,,,,,,,,,,,,,,,,,,,,,,,,,,,,0.012262294063073683,33.93155376173533,33.89610881413288,33.93155376173533,33.89610881413288,25.109516961338926
,,,,,,,,,,,,,,,,,,,,,,,,,,,,0.01228228348814264,33.89426778718213,33.92938575935371,33.89426778718213,33.92938575935371,25.109535872357398
,,,,,,,,,,,,,,,,,,,,,,,,,,,,0.012302271976274828,33.92761762974125,33.8929231078351,33.92761762974125,33.8929231078351,25.10955478311114
,,,,,,,,,,,,,,,,,,,,,,,,,,,,0.01232227101333826,33.88601067981101,33.92028580645818,33.88601067981101,33.92028580645818,25.10957370446182
,,,,,,,,,,,,,,,,,,,,,,,,,,,,0.012342259161963973,33.92862394382071,34.0192861188729,33.92862394382071,34.0192861188729,25.109592616121247
,,,,,,,,,,,,,,,,,,,,,,,,,,,,0.012362256266212181,33.95866786376027,33.91882092631495,33.95866786376027,33.91882092631495,25.10961153685931
,,,,,,,,,,,,,,,,,,,,,,,,,,,,0.012382252108906937,33.911513851852455,33.951159411461425,33.911513851852455,33.951159411461425,25.109630457003455
,,,,,,,,,,,,,,,,,,,,,,,,,,,,0.012402248359986585,33.94277193553353,33.90644671484551,33.94277193553353,33.90644671484551,25.109649378128132
,,,,,,,,,,,,,,,,,,,,,,,,,,,,0.0124222421134607,33.9015134984135,33.938876503745355,33.9015134984135,33.938876503745355,25.10966829747442
,,,,,,,,,,,,,,,,,,,,,,,,,,,,0.012442229218889385,33.93686378627485,33.90193350188249,33.93686378627485,33.90193350188249,25.109687211106177
,,,,,,,,,,,,,,,,,,,,,,,,,,,,0.012462218732213317,33.898703655971396,33.93557627033779,33.898703655971396,33.93557627033779,25.109706127588407
,,,,,,,,,,,,,,,,,,,,,,,,,,,,0.01248220900204527,33.93171778668658,33.89752119072521,33.93171778668658,33.89752119072521,25.109725045353578
,,,,,,,,,,,,,,,,,,,,,,,,,,,,0.012502196744648718,33.89527433638145,33.93163724024446,33.89527433638145,33.93163724024446,25.109743961289205
,,,,,,,,,,,,,,,,,,,,,,,,,,,,0.012522195012914381,33.92292217845714,33.89058447459219,33.92292217845714,33.89058447459219,25.109762887743702
,,,,,,,,,,,,,,,,,,,,,,,,,,,,0.012542183875598798,34.05260601555417,33.935885285625886,34.05260601555417,33.935885285625886,25.109781805848467
,,,,,,,,,,,,,,,,,,,,,,,,,,,,0.012562178554207527,33.922344986727865,33.969060821161655,33.922344986727865,33.969060821161655,25.109800730004196
,,,,,,,,,,,,,,,,,,,,,,,,,,,,0.012582175059701026,33.95448616603791,33.91723534869097,33.95448616603791,33.91723534869097,25.109819656430453
,,,,,,,,,,,,,,,,,,,,,,,,,,,,0.01260217115129191,33.909840229957965,33.9487329791074,33.909840229957965,33.9487329791074,25.109838583002013
,,,,,,,,,,,,,,,,,,,,,,,,,,,,0.012622167776174297,33.94035463823946,33.90533360857557,33.94035463823946,33.90533360857557,25.109857510609856
,,,,,,,,,,,,,,,,,,,,,,,,,,,,0.01264215492394197,33.90314850621815,33.94088529518996,33.90314850621815,33.94088529518996,25.109876429773536
,,,,,,,,,,,,,,,,,,,,,,,,,,,,0.01266214348382227,33.93776565552092,33.90294308409951,33.93776565552092,33.90294308409951,25.109895350795266
,,,,,,,,,,,,,,,,,,,,,,,,,,,,0.012682133473190575,33.89934480696511,33.93636893753229,33.89934480696511,33.93636893753229,25.109914273686794
,,,,,,,,,,,,,,,,,,,,,,,,,,,,0.012702121195144196,33.93341751737287,33.89926025482817,33.93341751737287,33.89926025482817,25.109933194943824
,,,,,,,,,,,,,,,,,,,,,,,,,,,,0.012722115671219494,33.89392695478504,33.92984604807282,33.89392695478504,33.92984604807282,25.109952123097663
,,,,,,,,,,,,,,,,,,,,,,,,,,,,0.012742109890332002,33.937016026537236,34.06221449393703,33.937016026537236,34.06221449393703,25.10997105150362
,,,,,,,,,,,,,,,,,,,,,,,,,,,,0.012762100855299724,33.983987322695114,33.929211334300795,33.983987322695114,33.929211334300795,25.10998997732032
,,,,,,,,,,,,,,,,,,,,,,,,,,,,0.012782097453097064,33.92027897280205,33.96093374476825,33.92027897280205,33.96093374476825,25.110008908957315
,,,,,,,,,,,,,,,,,,,,,,,,,,,,0.012802093762966045,33.951691720384794,33.9155523535625,33.951691720384794,33.9155523535625,25.110027840805014
,,,,,,,,,,,,,,,,,,,,,,,,,,,,0.012822090188539637,33.90803520043257,33.946367339139655,33.90803520043257,33.946367339139655,25.1100467732417
,,,,,,,,,,,,,,,,,,,,,,,,,,,,0.012842079862049315,33.942266256652324,33.907416634491184,33.942266256652324,33.907416634491184,25.110065699760558
,,,,,,,,,,,,,,,,,,,,,,,,,,,,0.012862068326320055,33.90436719307659,33.942070725619935,33.90436719307659,33.942070725619935,25.110084625604404
,,,,,,,,,,,,,,,,,,,,,,,,,,,,0.01288205798492014,33.93794847980945,33.90382665369129,33.93794847980945,33.90382665369129,25.110103553044407
,,,,,,,,,,,,,,,,,,,,,,,,,,,,0.012902047501083013,33.90028100391379,33.937052994181364,33.90028100391379,33.937052994181364,25.110122480809856
,,,,,,,,,,,,,,,,,,,,,,,,,,,,0.012922036010189293,33.9337109586466,33.90054303618662,33.9337109586466,33.90054303618662,25.110141408077567
,,,,,,,,,,,,,,,,,,,,,,,,,,,,0.012942035042816677,33.8923802581566,33.92753237058407,33.8923802581566,33.92753237058407,25.11016034576221
,,,,,,,,,,,,,,,,,,,,,,,,,,,,0.012962023419755461,33.93477381701311,34.02321880910582,33.93477381701311,34.02321880910582,25.110179273804384
,,,,,,,,,,,,,,,,,,,,,,,,,,,,0.012982020612253455,33.964968674950505,33.92543427158889,33.964968674950505,33.92543427158889,25.110198210638096
,,,,,,,,,,,,,,,,,,,,,,,,,,,,0.013002016371870559,33.91779509630652,33.95725122064678,33.91779509630652,33.95725122064678,25.110217146554756
,,,,,,,,,,,,,,,,,,,,,,,,,,,,0.013022012664062662,33.94929116808146,33.913394561631705,33.94929116808146,33.913394561631705,25.11023608340865
,,,,,,,,,,,,,,,,,,,,,,,,,,,,0.013042006079418175,33.90782158162195,33.94567695305555,33.90782158162195,33.94567695305555,25.110255017965102
,,,,,,,,,,,,,,,,,,,,,,,,,,,,0.013061993253280647,33.943289722619525,33.908455291499834,33.943289722619525,33.908455291499834,25.11027394703496
,,,,,,,,,,,,,,,,,,,,,,,,,,,,0.013081982758794158,33.905054811557754,33.94225075549896,33.905054811557754,33.94225075549896,25.11029287873432
,,,,,,,,,,,,,,,,,,,,,,,,,,,,0.01310197307651325,33.93798281308178,33.9038258118232,33.93798281308178,33.9038258118232,25.110311811621276
,,,,,,,,,,,,,,,,,,,,,,,,,,,,0.013121960769424785,33.90179098247154,33.937845487872366,33.90179098247154,33.937845487872366,25.11033074243567
,,,,,,,,,,,,,,,,,,,,,,,,,,,,0.013141959000897799,33.92937034769291,33.896589145280856,33.92937034769291,33.896589145280856,25.11034968364083
,,,,,,,,,,,,,,,,,,,,,,,,,,,,0.0131619477826999,34.0598951332698,33.94152603458026,34.0598951332698,33.94152603458026,25.110368616301436
,,,,,,,,,,,,,,,,,,,,,,,,,,,,0.013181942583293955,33.928805127226425,33.97484399016533,33.928805127226425,33.97484399016533,25.110387555063884
,,,,,,,,,,,,,,,,,,,,,,,,,,,,0.013201938775137437,33.961010629789335,33.92311412742564,33.961010629789335,33.92311412742564,25.110406495541238
,,,,,,,,,,,,,,,,,,,,,,,,,,,,0.013221934996853795,33.91609365555725,33.954673231957,33.91609365555725,33.954673231957,25.11042543644164
,,,,,,,,,,,,,,,,,,,,,,,,,,,,0.01324193179010432,33.94649200699263,33.911285823688566,33.94649200699263,33.911285823688566,25.110444378273968
,,,,,,,,,,,,,,,,,,,,,,,,,,,,0.013261918996631003,33.90929139481215,33.94654383226724,33.90929139481215,33.94654383226724,25.11046331141164
,,,,,,,,,,,,,,,,,,,,,,,,,,,,0.013281907478037905,33.94355318497202,33.9088847163854,33.94355318497202,33.9088847163854,25.110482246139433
,,,,,,,,,,,,,,,,,,,,,,,,,,,,0.013301897499252192,33.905302603185035,33.94145883969066,33.905302603185035,33.94145883969066,25.11050118270552
,,,,,,,,,,,,,,,,,,,,,,,,,,,,0.013321885250527138,33.93944938828552,33.905509511210106,33.93944938828552,33.905509511210106,25.110520117494843
,,,,,,,,,,,,,,,,,,,,,,,,,,,,0.01334187964644319,33.899834054335315,33.93538884952891,33.899834054335315,33.93538884952891,25.11053905894636
,,,,,,,,,,,,,,,,,,,,,,,,,,,,0.013361873905392362,33.9427539137522,34.06762472668004,33.9427539137522,34.06762472668004,25.11055800063385
,,,,,,,,,,,,,,,,,,,,,,,,,,,,0.013381865178568679,33.988629256570185,33.93451577568931,33.988629256570185,33.93451577568931,25.1105769398539
,,,,,,,,,,,,,,,,,,,,,,,,,,,,0.01340186157408165,33.92580294672024,33.966393025740274,33.92580294672024,33.966393025740274,25.110595884284738
,,,,,,,,,,,,,,,,,,,,,,,,,,,,0.013421857471030021,33.957748185581174,33.92077693395305,33.957748185581174,33.92077693395305,25.11061482859886
,,,,,,,,,,,,,,,,,,,,,,,,,,,,0.013441853919854072,33.91386260136436,33.95179440770589,33.91386260136436,33.95179440770589,25.11063377378718
,,,,,,,,,,,,,,,,,,,,,,,,,,,,0.013461843826417644,33.947944449281344,33.912644823718296,33.947944449281344,33.912644823718296,25.11065271312545
,,,,,,,,,,,,,,,,,,,,,,,,,,,,0.013481832282446675,33.91013466366954,33.947152752960804,33.91013466366954,33.947152752960804,25.11067165143411
,,,,,,,,,,,,,,,,,,,,,,,,,,,,0.013501822037304706,33.94359190842233,33.90886348122173,33.94359190842233,33.90886348122173,25.110690591313954
,,,,,,,,,,,,,,,,,,,,,,,,,,,,0.013521811461487988,33.90595093822802,33.942047105619906,33.90595093822802,33.942047105619906,25.110709531218372
,,,,,,,,,,,,,,,,,,,,,,,,,,,,0.013541799966635414,33.93927662302939,33.90544560979828,33.93927662302939,33.90544560979828,25.110728470587183
,,,,,,,,,,,,,,,,,,,,,,,,,,,,0.013561799071983986,33.89795149109776,33.932360143706944,33.89795149109776,33.932360143706944,25.110747420330874
,,,,,,,,,,,,,,,,,,,,,,,,,,,,0.013581787164996072,33.94063446468828,34.03110898048505,33.94063446468828,34.03110898048505,25.110766359966803
,,,,,,,,,,,,,,,,,,,,,,,,,,,,0.013601784363261765,33.97041472587467,33.92998029004232,33.97041472587467,33.92998029004232,25.110785308554252
,,,,,,,,,,,,,,,,,,,,,,,,,,,,0.013621780133793778,33.923369064106375,33.96264226965796,33.923369064106375,33.96264226965796,25.11080425610727
,,,,,,,,,,,,,,,,,,,,,,,,,,,,0.013641776580912458,33.95461728813114,33.918221672149414,33.95461728813114,33.918221672149414,25.110823204615336
,,,,,,,,,,,,,,,,,,,,,,,,,,,,0.013661770092348173,33.91300115214311,33.95047817123319,33.91300115214311,33.95047817123319,25.11084215065361
,,,,,,,,,,,,,,,,,,,,,,,,,,,,0.013681757255357488,33.94839667127673,33.91331732008061,33.94839667127673,33.91331732008061,25.110861090985033
,,,,,,,,,,,,,,,,,,,,,,,,,,,,0.013701746810486002,33.91035708214316,33.946709966300375,33.91035708214316,33.946709966300375,25.110880033889718
,,,,,,,,,,,,,,,,,,,,,,,,,,,,0.013721737044064817,33.94291935687015,33.90865748236724,33.94291935687015,33.90865748236724,25.110898977740685
,,,,,,,,,,,,,,,,,,,,,,,,,,,,0.013741724734518486,33.90661864291884,33.94262288632383,33.90661864291884,33.94262288632383,25.110917919481903
,,,,,,,,,,,,,,,,,,,,,,,,,,,,0.013761722986682013,33.934177620542606,33.90121017362283,33.934177620542606,33.90121017362283,25.110936871528516
,,,,,,,,,,,,,,,,,,,,,,,,,,,,0.01378171181627402,34.06456661256957,33.94638913572463,34.06456661256957,33.94638913572463,25.11095581493857
,,,,,,,,,,,,,,,,,,,,,,,,,,,,0.013801706906847608,33.93328877791782,33.978388110612165,33.93328877791782,33.978388110612165,25.11097476457268
,,,,,,,,,,,,,,,,,,,,,,,,,,,,0.013821702774624026,33.96563986348306,33.927627752606746,33.96563986348306,33.927627752606746,25.11099371522896
,,,,,,,,,,,,,,,,,,,,,,,,,,,,0.013841699045050155,33.92077292904654,33.95919452320036,33.92077292904654,33.95919452320036,25.11101266654816
,,,,,,,,,,,,,,,,,,,,,,,,,,,,0.01386169612157872,33.95100254288139,33.91559642886078,33.95100254288139,33.91559642886078,25.111031618911642
,,,,,,,,,,,,,,,,,,,,,,,,,,,,0.013881683003924,33.91403003445353,33.9508859310139,33.91403003445353,33.9508859310139,25.11105056189208
,,,,,,,,,,,,,,,,,,,,,,,,,,,,0.013901671561099104,33.94807719450962,33.91284009697675,33.94807719450962,33.91284009697675,25.11106950673581
,,,,,,,,,,,,,,,,,,,,,,,,,,,,0.013921661507289766,33.910054263863415,33.94620975065027,33.910054263863415,33.94620975065027,25.111088453168165
,,,,,,,,,,,,,,,,,,,,,,,,,,,,0.013941649276032642,33.94408251600181,33.90976793723551,33.94408251600181,33.90976793723551,25.11110739780591
,,,,,,,,,,,,,,,,,,,,,,,,,,,,0.013961643681148054,33.90450575848673,33.93961504733698,33.90450575848673,33.93961504733698,25.11112634900196
,,,,,,,,,,,,,,,,,,,,,,,,,,,,0.013981637924680101,33.94734422783066,34.0718805431598,33.94734422783066,34.0718805431598,25.111145300312494
,,,,,,,,,,,,,,,,,,,,,,,,,,,,0.014001628893576286,33.99441788660212,33.93891293500376,33.99441788660212,33.93891293500376,25.111164248785
,,,,,,,,,,,,,,,,,,,,,,,,,,,,0.014021625488524142,33.9302130011883,33.97070061825126,33.9302130011883,33.97070061825126,25.111183202853123
,,,,,,,,,,,,,,,,,,,,,,,,,,,,0.014041621476394085,33.96206959396742,33.92492733345271,33.96206959396742,33.92492733345271,25.11120215660521
,,,,,,,,,,,,,,,,,,,,,,,,,,,,0.014061618247192268,33.918207612307796,33.955659706586836,33.918207612307796,33.955659706586836,25.1112211113559
,,,,,,,,,,,,,,,,,,,,,,,,,,,,0.014081607885275942,33.952311457779466,33.91671994595316,33.952311457779466,33.91671994595316,25.111240059599215
,,,,,,,,,,,,,,,,,,,,,,,,,,,,0.014101596305826391,33.91405059661568,33.95091289606259,33.91405059661568,33.95091289606259,25.11125900694065
,,,,,,,,,,,,,,,,,,,,,,,,,,,,0.014121586111140162,33.94778503437047,33.9127961118254,33.94778503437047,33.9127961118254,25.111277955843313
,,,,,,,,,,,,,,,,,,,,,,,,,,,,0.014141575492953487,33.91019158827417,33.94612526166452,33.91019158827417,33.94612526166452,25.11129690458851
,,,,,,,,,,,,,,,,,,,,,,,,,,,,0.014161563984167225,33.94347187759276,33.90939236182558,33.94347187759276,33.90939236182558,25.111315852731856
,,,,,,,,,,,,,,,,,,,,,,,,,,,,0.014181563085098438,33.901988157521764,33.93641552459616,33.901988157521764,33.93641552459616,25.111334811174483
,,,,,,,,,,,,,,,,,,,,,,,,,,,,0.014201551453341689,33.94450415005475,34.03205223080258,33.94450415005475,34.03205223080258,25.111353759682977
,,,,,,,,,,,,,,,,,,,,,,,,,,,,0.014221548329630462,33.97468728042105,33.934299092295184,33.97468728042105,33.934299092295184,25.11137271649527
,,,,,,,,,,,,,,,,,,,,,,,,,,,,0.014241544105202186,33.927527480883164,33.96650774149226,33.927527480883164,33.96650774149226,25.111391672500268
,,,,,,,,,,,,,,,,,,,,,,,,,,,,0.01426154067394368,33.95851703115442,33.92208939427703,33.95851703115442,33.92208939427703,25.111410629490823
,,,,,,,,,,,,,,,,,,,,,,,,,,,,0.014281534100155948,33.917156157277375,33.95432250656455,33.917156157277375,33.95432250656455,25.111429583733234
,,,,,,,,,,,,,,,,,,,,,,,,,,,,0.014301521214833173,33.95241226874764,33.91685369468561,33.95241226874764,33.91685369468561,25.11144853222006
,,,,,,,,,,,,,,,,,,,,,,,,,,,,0.014321510821430693,33.9141766755204,33.950614248619246,33.9141766755204,33.950614248619246,25.111467483294398
,,,,,,,,,,,,,,,,,,,,,,,,,,,,0.014341501099028717,33.94696555953067,33.91232586667125,33.94696555953067,33.91232586667125,25.11148643522668
,,,,,,,,,,,,,,,,,,,,,,,,,,,,0.014361488818138578,33.91052401914435,33.946172562872476,33.91052401914435,33.946172562872476,25.111505384953986
,,,,,,,,,,,,,,,,,,,,,,,,,,,,0.014381487052948033,33.937947268349504,33.90511306275707,33.937947268349504,33.90511306275707,25.11152434487007
,,,,,,,,,,,,,,,,,,,,,,,,,,,,0.01440147579678553,34.06826185814509,33.94945193954738,34.06826185814509,33.94945193954738,25.111543296004797
,,,,,,,,,,,,,,,,,,,,,,,,,,,,0.014421470587297478,33.93727876765949,33.983217117853485,33.93727876765949,33.983217117853485,25.111562253084806
,,,,,,,,,,,,,,,,,,,,,,,,,,,,0.014441467064011258,33.96928921564021,33.93107696861575,33.96928921564021,33.93107696861575,25.11158121197215
,,,,,,,,,,,,,,,,,,,,,,,,,,,,0.014461463189795947,33.92467998828281,33.96261666019303,33.92467998828281,33.96261666019303,25.111600170733627
,,,,,,,,,,,,,,,,,,,,,,,,,,,,0.014481459811770271,33.954916668318084,33.91912669842504,33.954916668318084,33.91912669842504,25.11161913017059
,,,,,,,,,,,,,,,,,,,,,,,,,,,,0.014501447011012332,33.91774448556757,33.95432593547341,33.91774448556757,33.95432593547341,25.11163808087674
,,,,,,,,,,,,,,,,,,,,,,,,,,,,0.014521435539056767,33.95196586632867,33.91648553075788,33.95196586632867,33.91648553075788,25.111657033044715
,,,,,,,,,,,,,,,,,,,,,,,,,,,,0.014541425552769558,33.91370766309365,33.9497037849005,33.91370766309365,33.9497037849005,25.11167598682096
,,,,,,,,,,,,,,,,,,,,,,,,,,,,0.01456141328737494,33.947670777177855,33.9130770736981,33.947670777177855,33.9130770736981,25.11169493863453
,,,,,,,,,,,,,,,,,,,,,,,,,,,,0.014581407716005471,33.90804690464997,33.94291413644967,33.90804690464997,33.94291413644967,25.1117138969924
,,,,,,,,,,,,,,,,,,,,,,,,,,,,0.014601401926220487,33.95109279706874,34.075185831953426,33.95109279706874,34.075185831953426,25.111732855338655
,,,,,,,,,,,,,,,,,,,,,,,,,,,,0.014621392925732201,33.99793200957755,33.94223376184344,33.99793200957755,33.94223376184344,25.11175181083395
,,,,,,,,,,,,,,,,,,,,,,,,,,,,0.014641389466088036,33.933895981086614,33.97401067505285,33.933895981086614,33.97401067505285,25.11177077177494
,,,,,,,,,,,,,,,,,,,,,,,,,,,,0.014661385480265975,33.96567669992194,33.92828548849441,33.96567669992194,33.92828548849441,25.11178973240665
,,,,,,,,,,,,,,,,,,,,,,,,,,,,0.014681382069875815,33.921707960545035,33.95906677282147,33.921707960545035,33.95906677282147,25.111808693772215
,,,,,,,,,,,,,,,,,,,,,,,,,,,,0.014701371882878645,33.9555428516886,33.91936175803556,33.9555428516886,33.91936175803556,25.111827648898252
,,,,,,,,,,,,,,,,,,,,,,,,,,,,0.014721360310362336,33.917703168603865,33.954390103446485,33.917703168603865,33.954390103446485,25.11184660289137
,,,,,,,,,,,,,,,,,,,,,,,,,,,,0.014741350072594018,33.95111819969659,33.9160804220882,33.95111819969659,33.9160804220882,25.1118655583266
,,,,,,,,,,,,,,,,,,,,,,,,,,,,0.014761339486144644,33.91351694397712,33.94925392418567,33.91351694397712,33.94925392418567,25.111884513607674
,,,,,,,,,,,,,,,,,,,,,,,,,,,,0.014781328048283526,33.94685115642714,33.91234678515755,33.94685115642714,33.91234678515755,25.111903468256386
,,,,,,,,,,,,,,,,,,,,,,,,,,,,0.014801327081895433,33.905295406320924,33.93939407584785,33.905295406320924,33.93939407584785,25.111922433008804
,,,,,,,,,,,,,,,,,,,,,,,,,,,,0.014821315454728255,33.94776770318746,34.034984540856556,33.94776770318746,34.034984540856556,25.111941387824775
,,,,,,,,,,,,,,,,,,,,,,,,,,,,0.014841312642987414,33.97772498372767,33.93718533769862,33.97772498372767,33.93718533769862,25.11196035117314
,,,,,,,,,,,,,,,,,,,,,,,,,,,,0.01486130813390131,33.93066093420882,33.96957399832033,33.93066093420882,33.96957399832033,25.111979313083182
,,,,,,,,,,,,,,,,,,,,,,,,,,,,0.014881304694674823,33.96174642472346,33.92511797050584,33.96174642472346,33.92511797050584,25.11199827617772
,,,,,,,,,,,,,,,,,,,,,,,,,,,,0.014901298129337498,33.92036336987957,33.95720360178019,33.92036336987957,33.95720360178019,25.112017236475847
,,,,,,,,,,,,,,,,,,,,,,,,,,,,0.014921285234100263,33.95560306099616,33.919863064483096,33.95560306099616,33.919863064483096,25.11203619093808
,,,,,,,,,,,,,,,,,,,,,,,,,,,,0.01494127480245446,33.91737859529494,33.95356489998278,33.91737859529494,33.95356489998278,25.112055147901483
,,,,,,,,,,,,,,,,,,,,,,,,,,,,0.014961265064583574,33.9501126915458,33.915181566243476,33.9501126915458,33.915181566243476,25.112074105685704
,,,,,,,,,,,,,,,,,,,,,,,,,,,,0.0149812527708936,33.913625055844065,33.949123414749295,33.913625055844065,33.949123414749295,25.112093061207577
,,,,,,,,,,,,,,,,,,,,,,,,,,,,0.015001251046322137,33.94085216439145,33.90719794648609,33.94085216439145,33.90719794648609,25.11211202691195
,,,,,,,,,,,,,,,,,,,,,,,,,,,,0.015021239932554076,34.070729181548934,33.95292160305353,34.070729181548934,33.95292160305353,25.112130983866248
,,,,,,,,,,,,,,,,,,,,,,,,,,,,0.015041234912176932,33.94029416628624,33.98530956346862,33.94029416628624,33.98530956346862,25.11214994674928
,,,,,,,,,,,,,,,,,,,,,,,,,,,,0.015061230805485094,33.97235508107343,33.93419106021581,33.97235508107343,33.93419106021581,25.11216891064877
,,,,,,,,,,,,,,,,,,,,,,,,,,,,0.015081226913040563,33.92759607545494,33.96560518812504,33.92759607545494,33.96560518812504,25.112187874900933
,,,,,,,,,,,,,,,,,,,,,,,,,,,,0.015101223826250898,33.957840846423295,33.921823616435354,33.957840846423295,33.921823616435354,25.112206840066435
,,,,,,,,,,,,,,,,,,,,,,,,,,,,0.01512121102759904,33.920692267624226,33.95723900781481,33.920692267624226,33.95723900781481,25.11222579616923
,,,,,,,,,,,,,,,,,,,,,,,,,,,,0.015141199533439165,33.95478437386448,33.919347699234834,33.95478437386448,33.919347699234834,25.112244753657006
,,,,,,,,,,,,,,,,,,,,,,,,,,,,0.015161189555361025,33.916531577949556,33.952349881609344,33.916531577949556,33.952349881609344,25.112263712730027
,,,,,,,,,,,,,,,,,,,,,,,,,,,,0.015181177241490504,33.950474538640286,33.915776798848505,33.950474538640286,33.915776798848505,25.112282669732085
,,,,,,,,,,,,,,,,,,,,,,,,,,,,0.015201171708791235,33.91097609012493,33.94550839094909,33.91097609012493,33.94550839094909,25.112301633308196
,,,,,,,,,,,,,,,,,,,,,,,,,,,,0.015221165871759446,33.953745204544376,34.07779281065237,33.953745204544376,34.07779281065237,25.11232059673644
,,,,,,,,,,,,,,,,,,,,,,,,,,,,0.015241157226350941,33.99929578134463,33.94461874529034,33.99929578134463,33.94461874529034,25.112339557640254
,,,,,,,,,,,,,,,,,,,,,,,,,,,,0.015261153503727129,33.93651552956964,33.97652152890521,33.93651552956964,33.97652152890521,25.11235852335053
,,,,,,,,,,,,,,,,,,,,,,,,,,,,0.015281149786960976,33.96822604203551,33.93078405099752,33.96822604203551,33.93078405099752,25.11237748920192
,,,,,,,,,,,,,,,,,,,,,,,,,,,,0.015301146206516094,33.92399457857285,33.96083145474631,33.92399457857285,33.96083145474631,25.11239645531714
,,,,,,,,,,,,,,,,,,,,,,,,,,,,0.015321135877752889,33.95855581526234,33.92231679633793,33.95855581526234,33.92231679633793,25.112415415161877
,,,,,,,,,,,,,,,,,,,,,,,,,,,,0.01534112436480913,33.920504776796996,33.956895178885134,33.920504776796996,33.956895178885134,25.112434374008917
,,,,,,,,,,,,,,,,,,,,,,,,,,,,0.015361114105129643,33.95380385027955,33.91851820606092,33.95380385027955,33.91851820606092,25.112453334171562
,,,,,,,,,,,,,,,,,,,,,,,,,,,,0.015381103522213441,33.916188876158024,33.95170066044022,33.916188876158024,33.95170066044022,25.112472294154315
,,,,,,,,,,,,,,,,,,,,,,,,,,,,0.01540109199900911,33.9495535435903,33.914811644488175,33.9495535435903,33.914811644488175,25.112491253371168
,,,,,,,,,,,,,,,,,,,,,,,,,,,,0.015421091072400219,33.907950977806806,33.94177922899811,33.907950977806806,33.94177922899811,25.112510222764303
,,,,,,,,,,,,,,,,,,,,,,,,,,,,0.015441079474790792,33.950265341533196,34.03737028203489,33.950265341533196,34.03737028203489,25.11252918215964
,,,,,,,,,,,,,,,,,,,,,,,,,,,,0.015461076358859871,33.98059885521752,33.939800538177145,33.98059885521752,33.939800538177145,25.11254814972293
,,,,,,,,,,,,,,,,,,,,,,,,,,,,0.015481072257009227,33.93315618630315,33.971820316733606,33.93315618630315,33.971820316733606,25.112567116472764
,,,,,,,,,,,,,,,,,,,,,,,,,,,,0.015501068698053976,33.96415919487576,33.927436858035044,33.96415919487576,33.927436858035044,25.11258608385737
,,,,,,,,,,,,,,,,,,,,,,,,,,,,0.015521062169523103,33.92279975946901,33.959507688865145,33.92279975946901,33.959507688865145,25.11260504854403
,,,,,,,,,,,,,,,,,,,,,,,,,,,,0.015541049289919312,33.958190514302764,33.92216380565057,33.958190514302764,33.92216380565057,25.11262400732401
,,,,,,,,,,,,,,,,,,,,,,,,,,,,0.015561038781492379,33.91984556122742,33.95575675357955,33.91984556122742,33.95575675357955,25.112642968470382
,,,,,,,,,,,,,,,,,,,,,,,,,,,,0.015581029118741327,33.95248983193721,33.917614308591226,33.95248983193721,33.917614308591226,25.112661930535626
,,,,,,,,,,,,,,,,,,,,,,,,,,,,0.015601016870196945,33.91571522988216,33.950881193507065,33.91571522988216,33.950881193507065,25.11268089026416
,,,,,,,,,,,,,,,,,,,,,,,,,,,,0.015621015039719731,33.943562049052076,33.91009811824701,33.943562049052076,33.91009811824701,25.112699859987433
,,,,,,,,,,,,,,,,,,,,,,,,,,,,0.015641003830968322,34.07375082752975,33.9551354306444,34.07375082752975,33.9551354306444,25.112718820923103
,,,,,,,,,,,,,,,,,,,,,,,,,,,,0.01566099867884482,33.94274845884681,33.988072164800165,33.94274845884681,33.988072164800165,25.11273778771282
,,,,,,,,,,,,,,,,,,,,,,,,,,,,0.01568099482636336,33.97488530014157,33.93636732517805,33.97488530014157,33.93636732517805,25.112756755842838
,,,,,,,,,,,,,,,,,,,,,,,,,,,,0.015700991110522686,33.92948071278665,33.967139932581304,33.92948071278665,33.967139932581304,25.11277572420984
,,,,,,,,,,,,,,,,,,,,,,,,,,,,0.015720987842191645,33.9602918611791,33.92400519401951,33.9602918611791,33.92400519401951,25.11279469310564
,,,,,,,,,,,,,,,,,,,,,,,,,,,,0.015740974994004998,33.92284172618592,33.959525287611804,33.92284172618592,33.959525287611804,25.112813653014236
,,,,,,,,,,,,,,,,,,,,,,,,,,,,0.01576096354299563,33.95709355621058,33.9215081056387,33.95709355621058,33.9215081056387,25.112832614350392
,,,,,,,,,,,,,,,,,,,,,,,,,,,,0.0157809535890925,33.91879770165975,33.95452021799753,33.91879770165975,33.95452021799753,25.112851577209444
,,,,,,,,,,,,,,,,,,,,,,,,,,,,0.01580094139406229,33.95246875093627,33.91731277912849,33.95246875093627,33.91731277912849,25.112870538044277
,,,,,,,,,,,,,,,,,,,,,,,,,,,,0.01582093569466824,33.913118770728325,33.947745937861114,33.913118770728325,33.947745937861114,25.112889505139663
,,,,,,,,,,,,,,,,,,,,,,,,,,,,0.015840929894537528,33.95594261641811,34.080133245170934,33.95594261641811,34.080133245170934,25.11290847223477
,,,,,,,,,,,,,,,,,,,,,,,,,,,,0.015860921246534394,34.00146685365616,33.94689160024265,34.00146685365616,33.94689160024265,25.11292743672352
,,,,,,,,,,,,,,,,,,,,,,,,,,,,0.015880917808050753,33.93872081116144,33.97847758497,33.93872081116144,33.97847758497,25.112946406250487
,,,,,,,,,,,,,,,,,,,,,,,,,,,,0.01590091350576271,33.970642533397225,33.93296868438211,33.970642533397225,33.93296868438211,25.112965375054518
,,,,,,,,,,,,,,,,,,,,,,,,,,,,0.01592090996435388,33.92662141284094,33.96383745751354,33.92662141284094,33.96383745751354,25.112984344677173
,,,,,,,,,,,,,,,,,,,,,,,,,,,,0.015940899906657948,33.96061303061004,33.92451763594687,33.96061303061004,33.92451763594687,25.113003308214456
,,,,,,,,,,,,,,,,,,,,,,,,,,,,0.015960888347000154,33.922586576864596,33.9590930419526,33.922586576864596,33.9590930419526,25.113022270421276
,,,,,,,,,,,,,,,,,,,,,,,,,,,,0.015980878094509484,33.955962030395334,33.92075378032879,33.955962030395334,33.92075378032879,25.11304123396152
,,,,,,,,,,,,,,,,,,,,,,,,,,,,0.01600086753178078,33.91837550280677,33.95370535452381,33.91837550280677,33.95370535452381,25.113060197300584
,,,,,,,,,,,,,,,,,,,,,,,,,,,,0.016020856021493394,33.95164321953174,33.91696181420744,33.95164321953174,33.91696181420744,25.113079159832566
,,,,,,,,,,,,,,,,,,,,,,,,,,,,0.01604085512642519,33.910063350413495,33.94388151643897,33.910063350413495,33.94388151643897,25.113098132526254
,,,,,,,,,,,,,,,,,,,,,,,,,,,,0.01606084349595992,33.95230006665573,34.03953135428477,33.95230006665573,34.03953135428477,25.113117095125965
,,,,,,,,,,,,,,,,,,,,,,,,,,,,0.01608084067183113,33.98223708230244,33.941613731152486,33.98223708230244,33.941613731152486,25.113136066169638
,,,,,,,,,,,,,,,,,,,,,,,,,,,,0.01610083644122916,33.93528820989186,33.973648785195024,33.93528820989186,33.973648785195024,25.113155035967413
,,,,,,,,,,,,,,,,,,,,,,,,,,,,0.016120832474647732,33.96647359731891,33.929504175406386,33.96647359731891,33.929504175406386,25.113174006102717
,,,,,,,,,,,,,,,,,,,,,,,,,,,,0.016140826111339268,33.92494282985785,33.96158948594423,33.92494282985785,33.96158948594423,25.113192974050918
,,,,,,,,,,,,,,,,,,,,,,,,,,,,0.01616081327782102,33.96017225973557,33.92423876525766,33.96017225973557,33.92423876525766,25.113211935947053
,,,,,,,,,,,,,,,,,,,,,,,,,,,,0.016180802862685775,33.921813699436164,33.95787009414332,33.921813699436164,33.95787009414332,25.113230900223535
,,,,,,,,,,,,,,,,,,,,,,,,,,,,0.016200793079597403,33.95445451368111,33.91952493931273,33.95445451368111,33.91952493931273,25.11324986518518
,,,,,,,,,,,,,,,,,,,,,,,,,,,,0.01622078092490345,33.91800371997122,33.95338886867954,33.91800371997122,33.95338886867954,25.113268827981138
,,,,,,,,,,,,,,,,,,,,,,,,,,,,0.0162407790637285,33.94558775244228,33.91199054107943,33.94558775244228,33.91199054107943,25.1132878006263
,,,,,,,,,,,,,,,,,,,,,,,,,,,,0.01626076785717171,34.075721278017156,33.95708439689424,34.075721278017156,33.95708439689424,25.113306764487366
,,,,,,,,,,,,,,,,,,,,,,,,,,,,0.016280762631800966,33.94475828052191,33.99016761123242,33.94475828052191,33.99016761123242,25.11332573410382
,,,,,,,,,,,,,,,,,,,,,,,,,,,,0.016300758829587612,33.97652025944967,33.93785365580301,33.97652025944967,33.93785365580301,25.113344705150592
,,,,,,,,,,,,,,,,,,,,,,,,,,,,0.016320754929012263,33.93190128573926,33.96982101999067,33.93190128573926,33.96982101999067,25.113363676180654
,,,,,,,,,,,,,,,,,,,,,,,,,,,,0.016340751866885373,33.96217448495905,33.92596589271081,33.96217448495905,33.92596589271081,25.11338264807992
,,,,,,,,,,,,,,,,,,,,,,,,,,,,0.016360739050519633,33.92487176634004,33.96128710955394,33.92487176634004,33.96128710955394,25.113401610799922
,,,,,,,,,,,,,,,,,,,,,,,,,,,,0.0163807276406634,33.95910324199889,33.92321841792841,33.95910324199889,33.92321841792841,25.113420574929098
,,,,,,,,,,,,,,,,,,,,,,,,,,,,0.01640071759169782,33.92048281779343,33.95596459804361,33.92048281779343,33.95596459804361,25.113439540422476
,,,,,,,,,,,,,,,,,,,,,,,,,,,,0.01642070529768892,33.954728748808336,33.9195736396037,33.954728748808336,33.9195736396037,25.113458503855423
,,,,,,,,,,,,,,,,,,,,,,,,,,,,0.01644069973921161,33.915103332427165,33.94946666120549,33.915103332427165,33.94946666120549,25.113477473744112
,,,,,,,,,,,,,,,,,,,,,,,,,,,,0.01646069389160551,33.957821045571144,34.08181061354407,33.957821045571144,34.08181061354407,25.113496443424253
,,,,,,,,,,,,,,,,,,,,,,,,,,,,0.01648068495275647,34.0047953378145,33.948673310164146,34.0047953378145,33.948673310164146,25.113515410237667
,,,,,,,,,,,,,,,,,,,,,,,,,,,,0.016500681535212898,33.94061239908516,33.980444015967784,33.94061239908516,33.980444015967784,25.11353438235618
,,,,,,,,,,,,,,,,,,,,,,,,,,,,0.016520677521363054,33.97232930878153,33.93472399197036,33.97232930878153,33.93472399197036,25.11355335397678
,,,,,,,,,,,,,,,,,,,,,,,,,,,,0.0165406739489941,33.92847758804507,33.965540231845544,33.92847758804507,33.965540231845544,25.113572326084576
,,,,,,,,,,,,,,,,,,,,,,,,,,,,0.016560663872999776,33.962377161490316,33.92634585922082,33.962377161490316,33.92634585922082,25.11359129209009
,,,,,,,,,,,,,,,,,,,,,,,,,,,,0.0165806524056479,33.924370417615066,33.96068740326251,33.924370417615066,33.96068740326251,25.113610256842755
,,,,,,,,,,,,,,,,,,,,,,,,,,,,0.01660064212993884,33.95776252736911,33.92234688993575,33.95776252736911,33.92234688993575,25.11362922279231
,,,,,,,,,,,,,,,,,,,,,,,,,,,,0.016620631573033895,33.92025337401405,33.95536737603396,33.92025337401405,33.95536737603396,25.11364818854134
,,,,,,,,,,,,,,,,,,,,,,,,,,,,0.016640620000292074,33.953423867024576,33.9187297273016,33.953423867024576,33.9187297273016,25.113667153391845
,,,,,,,,,,,,,,,,,,,,,,,,,,,,0.016660619125247335,33.91177409977896,33.94566427234814,33.91177409977896,33.94566427234814,25.113686128456955
,,,,,,,,,,,,,,,,,,,,,,,,,,,,0.01668060751437819,33.95424938179482,34.04116937580639,33.95424938179482,34.04116937580639,25.11370509339993
,,,,,,,,,,,,,,,,,,,,,,,,,,,,0.016700604432834602,33.98442145356899,33.94334231076912,33.98442145356899,33.94334231076912,25.11372406649924
,,,,,,,,,,,,,,,,,,,,,,,,,,,,0.016720600455411197,33.936952306044226,33.97536288020891,33.936952306044226,33.97536288020891,25.113743038812075
,,,,,,,,,,,,,,,,,,,,,,,,,,,,0.016740596733529067,33.96805822052852,33.931204418577465,33.96805822052852,33.931204418577465,25.113762011429433
,,,,,,,,,,,,,,,,,,,,,,,,,,,,0.016760590143771858,33.92664558131451,33.96315481091213,33.92664558131451,33.96315481091213,25.11378098138693
,,,,,,,,,,,,,,,,,,,,,,,,,,,,0.016780577318551534,33.96187253814025,33.92595478816126,33.96187253814025,33.92595478816126,25.113799945488953
,,,,,,,,,,,,,,,,,,,,,,,,,,,,0.016800566952346135,33.92325575812611,33.9585875678068,33.92325575812611,33.9585875678068,25.113818911983735
,,,,,,,,,,,,,,,,,,,,,,,,,,,,0.016820557108791996,33.956256780593186,33.92105184630517,33.956256780593186,33.92105184630517,25.113837879030882
,,,,,,,,,,,,,,,,,,,,,,,,,,,,0.016840544791008136,33.91979621073092,33.95492203208169,33.91979621073092,33.95492203208169,25.113856843784024
,,,,,,,,,,,,,,,,,,,,,,,,,,,,0.016860543042170575,33.947118592708144,33.91358483549834,33.947118592708144,33.91358483549834,25.113875818619526
,,,,,,,,,,,,,,,,,,,,,,,,,,,,0.016880531943909052,34.076803311064374,33.95869131532675,34.076803311064374,33.95869131532675,25.113894784638987
,,,,,,,,,,,,,,,,,,,,,,,,,,,,0.0169005267953758,33.94570533427788,33.990643375251985,33.94570533427788,33.990643375251985,25.113913756357768
,,,,,,,,,,,,,,,,,,,,,,,,,,,,0.016920522974498253,33.97832493469148,33.93967224891585,33.97832493469148,33.93967224891585,25.113932729387177
,,,,,,,,,,,,,,,,,,,,,,,,,,,,0.016940518961376754,33.93342046518875,33.971347181100434,33.93342046518875,33.971347181100434,25.113951702281806
,,,,,,,,,,,,,,,,,,,,,,,,,,,,0.016960516159768214,33.96357921888669,33.92735605546284,33.96357921888669,33.92735605546284,25.11397067637377
,,,,,,,,,,,,,,,,,,,,,,,,,,,,0.01698050304250021,33.926423457246294,33.96282706033861,33.926423457246294,33.96282706033861,25.113989640725862
,,,,,,,,,,,,,,,,,,,,,,,,,,,,0.017000491562684142,33.960474483009264,33.92409934122663,33.960474483009264,33.92409934122663,25.11400860668009
,,,,,,,,,,,,,,,,,,,,,,,,,,,,0.01702048160507165,33.9223994807009,33.957900821269725,33.9223994807009,33.957900821269725,25.114027574126006
,,,,,,,,,,,,,,,,,,,,,,,,,,,,0.017040469250953063,33.956301460228126,33.92127581462035,33.956301460228126,33.92127581462035,25.114046539344137
,,,,,,,,,,,,,,,,,,,,,,,,,,,,0.01706046374329246,33.916617075039554,33.95105786974146,33.916617075039554,33.95105786974146,25.114065511105515
,,,,,,,,,,,,,,,,,,,,,,,,,,,,0.017080457918558077,33.95936581253229,34.08345365624624,33.95936581253229,34.08345365624624,25.114084482612963
,,,,,,,,,,,,,,,,,,,,,,,,,,,,0.017100449087941623,34.00593657339476,33.9502450779132,34.00593657339476,33.9502450779132,25.114103451316033
,,,,,,,,,,,,,,,,,,,,,,,,,,,,0.017120445643720512,33.942029811788,33.981991942082836,33.942029811788,33.981991942082836,25.114122425178863
,,,,,,,,,,,,,,,,,,,,,,,,,,,,0.01714044155808475,33.973804435780835,33.93623658886697,33.973804435780835,33.93623658886697,25.11414139848255
,,,,,,,,,,,,,,,,,,,,,,,,,,,,0.017160438022131352,33.93008146171698,33.96694159533363,33.93008146171698,33.96694159533363,25.11416037235596
,,,,,,,,,,,,,,,,,,,,,,,,,,,,0.017180427887724656,33.963924235798466,33.927731228026545,33.963924235798466,33.927731228026545,25.114179340015674
,,,,,,,,,,,,,,,,,,,,,,,,,,,,0.0172004163800105,33.925925282466174,33.96226238189833,33.925925282466174,33.96226238189833,25.11419830641858
,,,,,,,,,,,,,,,,,,,,,,,,,,,,0.017220406076273544,33.95936544396599,33.92377081388274,33.95936544396599,33.92377081388274,25.114217274010425
,,,,,,,,,,,,,,,,,,,,,,,,,,,,0.017240395570793626,33.92159360405053,33.95691466466785,33.92159360405053,33.95691466466785,25.114236241456997
,,,,,,,,,,,,,,,,,,,,,,,,,,,,0.017260384047381883,33.954855932095604,33.92017366747973,33.954855932095604,33.92017366747973,25.114255207983827
,,,,,,,,,,,,,,,,,,,,,,,,,,,,0.01728038318864808,33.91320036523049,33.946947805953414,33.91320036523049,33.946947805953414,25.11427418467534
,,,,,,,,,,,,,,,,,,,,,,,,,,,,0.017300371261802668,33.955858110974724,34.045597906891935,33.955858110974724,34.045597906891935,25.114293150908562
,,,,,,,,,,,,,,,,,,,,,,,,,,,,0.017320368395329834,33.98574943107587,33.944847191235134,33.98574943107587,33.944847191235134,25.114312125782636
,,,,,,,,,,,,,,,,,,,,,,,,,,,,0.017340364220618108,33.93849820740672,33.976935013206514,33.93849820740672,33.976935013206514,25.114331099458273
,,,,,,,,,,,,,,,,,,,,,,,,,,,,0.01736036074975599,33.96950233189667,33.93246127134301,33.96950233189667,33.93246127134301,25.114350073843674
,,,,,,,,,,,,,,,,,,,,,,,,,,,,0.017380354178221234,33.92791752385128,33.964614161246885,33.92791752385128,33.964614161246885,25.114369045327543
,,,,,,,,,,,,,,,,,,,,,,,,,,,,0.017400341037572993,33.96299636622509,33.926325427428836,33.96299636622509,33.926325427428836,25.114388010619333
,,,,,,,,,,,,,,,,,,,,,,,,,,,,0.017420330811279444,33.92485916517989,33.960722141727445,33.92485916517989,33.960722141727445,25.114406978714413
,,,,,,,,,,,,,,,,,,,,,,,,,,,,0.01744032114284683,33.95751867774004,33.922556609200115,33.95751867774004,33.922556609200115,25.114425947372055
,,,,,,,,,,,,,,,,,,,,,,,,,,,,0.01746030884376786,33.921213193584684,33.956300331861804,33.921213193584684,33.956300331861804,25.114444913567866
,,,,,,,,,,,,,,,,,,,,,,,,,,,,0.017480307080394837,33.948728696213784,33.914804395559976,33.948728696213784,33.914804395559976,25.114463889797246
,,,,,,,,,,,,,,,,,,,,,,,,,,,,0.017500295581328103,34.08087411619767,33.95918780757745,34.08087411619767,33.95918780757745,25.114482856824857
,,,,,,,,,,,,,,,,,,,,,,,,,,,,0.017520290634462917,33.94769845116867,33.99302952716484,33.94769845116867,33.99302952716484,25.114501830103098
,,,,,,,,,,,,,,,,,,,,,,,,,,,,0.017540287141080527,33.97950254974602,33.94109501019848,33.97950254974602,33.94109501019848,25.11452080479093
,,,,,,,,,,,,,,,,,,,,,,,,,,,,0.017560283269507662,33.93490746748746,33.97225710547039,33.93490746748746,33.97225710547039,25.11453977915179
,,,,,,,,,,,,,,,,,,,,,,,,,,,,0.01758028020182302,33.96496307144024,33.928736776404605,33.96496307144024,33.928736776404605,25.114558754307915
,,,,,,,,,,,,,,,,,,,,,,,,,,,,0.01760026704601239,33.92777876253147,33.96417922523796,33.92777876253147,33.96417922523796,25.114577719924103
,,,,,,,,,,,,,,,,,,,,,,,,,,,,0.017620255563681103,33.962078354182125,33.926185592529784,33.962078354182125,33.926185592529784,25.114596687161185
,,,,,,,,,,,,,,,,,,,,,,,,,,,,0.017640245600448017,33.92369941900731,33.9591773809722,33.92369941900731,33.9591773809722,25.11461565587331
,,,,,,,,,,,,,,,,,,,,,,,,,,,,0.017660233269304135,33.95768906468324,33.92258064374861,33.95768906468324,33.92258064374861,25.114634622372016
,,,,,,,,,,,,,,,,,,,,,,,,,,,,0.01768022776530049,33.918048197349144,33.95235823603868,33.918048197349144,33.95235823603868,25.11465359538203
,,,,,,,,,,,,,,,,,,,,,,,,,,,,0.017700221991721127,33.96087254313252,34.08460395217682,33.96087254313252,34.08460395217682,25.114672568170537
,,,,,,,,,,,,,,,,,,,,,,,,,,,,0.017720212947488583,34.007631196470875,33.951583163421375,34.007631196470875,33.951583163421375,25.114691537889755
,,,,,,,,,,,,,,,,,,,,,,,,,,,,0.01774020983880528,33.94345090888118,33.982965963161504,33.94345090888118,33.982965963161504,25.114710513274847
,,,,,,,,,,,,,,,,,,,,,,,,,,,,0.0177602058366092,33.97510184920393,33.93746183051319,33.97510184920393,33.93746183051319,25.11472948784518
,,,,,,,,,,,,,,,,,,,,,,,,,,,,0.017780201998572585,33.93120965818908,33.968356359874655,33.93120965818908,33.968356359874655,25.11474846260324
,,,,,,,,,,,,,,,,,,,,,,,,,,,,0.017800191911551997,33.96512990591085,33.929038170081434,33.96512990591085,33.929038170081434,25.114767431461786
,,,,,,,,,,,,,,,,,,,,,,,,,,,,0.017820180377944885,33.92722990235693,33.96343687618971,33.92722990235693,33.96343687618971,25.11478639897638
,,,,,,,,,,,,,,,,,,,,,,,,,,,,0.017840170133505858,33.96052636473194,33.925212763067336,33.96052636473194,33.925212763067336,25.11480536774254
,,,,,,,,,,,,,,,,,,,,,,,,,,,,0.017860159521377438,33.92280942916931,33.958269075082896,33.92280942916931,33.958269075082896,25.114824336188327
,,,,,,,,,,,,,,,,,,,,,,,,,,,,0.017880148068649526,33.95609288697228,33.921366077136106,33.95609288697228,33.921366077136106,25.114843303864195
,,,,,,,,,,,,,,,,,,,,,,,,,,,,0.017900147123728845,33.91461324439574,33.94806550927446,33.91461324439574,33.94806550927446,25.114862281539185
,,,,,,,,,,,,,,,,,,,,,,,,,,,,0.017920135526924764,33.956847255701284,34.04382372025402,33.956847255701284,34.04382372025402,25.114881249134452
,,,,,,,,,,,,,,,,,,,,,,,,,,,,0.017940132435183373,33.987027289281954,33.94605502858483,33.987027289281954,33.94605502858483,25.114900224828308
,,,,,,,,,,,,,,,,,,,,,,,,,,,,0.01796012845892553,33.939701260048324,33.97802805882964,33.939701260048324,33.97802805882964,25.114919199710975
,,,,,,,,,,,,,,,,,,,,,,,,,,,,0.017980124755818346,33.97073279472933,33.93374078048538,33.97073279472933,33.93374078048538,25.11493817488
,,,,,,,,,,,,,,,,,,,,,,,,,,,,0.018000117922799937,33.92893705614227,33.9650155569137,33.92893705614227,33.9650155569137,25.114957147106363
,,,,,,,,,,,,,,,,,,,,,,,,,,,,0.018020105291807666,33.96456407279174,33.928347045752034,33.96456407279174,33.928347045752034,25.114976113855526
,,,,,,,,,,,,,,,,,,,,,,,,,,,,0.018040094829059584,33.926185933401335,33.96198645690767,33.926185933401335,33.96198645690767,25.11499508268375
,,,,,,,,,,,,,,,,,,,,,,,,,,,,0.018060085167752617,33.9589094607492,33.9237060443011,33.9589094607492,33.9237060443011,25.11501405229466
,,,,,,,,,,,,,,,,,,,,,,,,,,,,0.01808007288145603,33.9222595882562,33.957511933693596,33.9222595882562,33.957511933693596,25.115033019438293
,,,,,,,,,,,,,,,,,,,,,,,,,,,,0.018100070732981678,33.94991694201505,33.915259874180954,33.94991694201505,33.915259874180954,25.115051996224917
,,,,,,,,,,,,,,,,,,,,,,,,,,,,0.018120059966038844,34.0797995834769,33.96107663113797,34.0797995834769,33.96107663113797,25.11507096485344
,,,,,,,,,,,,,,,,,,,,,,,,,,,,0.01814005498468925,33.94887186441258,33.99367487306114,33.94887186441258,33.99367487306114,25.115089938990184
,,,,,,,,,,,,,,,,,,,,,,,,,,,,0.018160050840124127,33.980977390119634,33.942251635668114,33.980977390119634,33.942251635668114,25.11510891394158
,,,,,,,,,,,,,,,,,,,,,,,,,,,,0.018180047276273068,33.93591600220503,33.97360276799502,33.93591600220503,33.97360276799502,25.11512788946409
,,,,,,,,,,,,,,,,,,,,,,,,,,,,0.018200042336232868,33.96735646346213,33.93051930555754,33.96735646346213,33.93051930555754,25.115146863698843
,,,,,,,,,,,,,,,,,,,,,,,,,,,,0.018220031046036374,33.928844331892655,33.96539760760744,33.928844331892655,33.96539760760744,25.115165831925367
,,,,,,,,,,,,,,,,,,,,,,,,,,,,0.018240019618382907,33.96311264413218,33.92743572538096,33.96311264413218,33.92743572538096,25.115184800039195
,,,,,,,,,,,,,,,,,,,,,,,,,,,,0.018260009706970084,33.92480568464354,33.960270004996275,33.92480568464354,33.960270004996275,25.11520376960984
,,,,,,,,,,,,,,,,,,,,,,,,,,,,0.018279997291089665,33.958713581134845,33.9237354669589,33.958713581134845,33.9237354669589,25.115222736822368
,,,,,,,,,,,,,,,,,,,,,,,,,,,,0.018299991725493264,33.919077142436024,33.95349195869088,33.919077142436024,33.95349195869088,25.115241710553008
,,,,,,,,,,,,,,,,,,,,,,,,,,,,0.018319985916459933,33.96189950744077,34.085742764209286,33.96189950744077,34.085742764209286,25.11526068406976
,,,,,,,,,,,,,,,,,,,,,,,,,,,,0.0183399772698677,34.00739402887805,33.95255444918287,34.00739402887805,33.95255444918287,25.11527965491134
,,,,,,,,,,,,,,,,,,,,,,,,,,,,0.0183599736268797,33.94456755707935,33.98456889621445,33.94456755707935,33.98456889621445,25.115298630519693
,,,,,,,,,,,,,,,,,,,,,,,,,,,,0.01837996986057163,33.97607932961086,33.93857376183784,33.97607932961086,33.93857376183784,25.115317606029844
,,,,,,,,,,,,,,,,,,,,,,,,,,,,0.01839996598456306,33.93240077091466,33.969458409444435,33.93240077091466,33.969458409444435,25.115336581454056
,,,,,,,,,,,,,,,,,,,,,,,,,,,,0.018419955974008376,33.96642327210931,33.93012406443211,33.96642327210931,33.93012406443211,25.115355551074884
,,,,,,,,,,,,,,,,,,,,,,,,,,,,0.018439944441520664,33.92839847534987,33.96447436927851,33.92839847534987,33.96447436927851,25.115374519268702
,,,,,,,,,,,,,,,,,,,,,,,,,,,,0.01845993413762943,33.961718738067816,33.9262055224726,33.961718738067816,33.9262055224726,25.11539348864503
,,,,,,,,,,,,,,,,,,,,,,,,,,,,0.018479923603098882,33.92391805956351,33.95913620607814,33.92391805956351,33.95913620607814,25.115412457817506
,,,,,,,,,,,,,,,,,,,,,,,,,,,,0.018499912042993963,33.95722110726263,33.922448141866354,33.95722110726263,33.922448141866354,25.11543142603176
,,,,,,,,,,,,,,,,,,,,,,,,,,,,0.018519911190110008,33.915477717032296,33.94929550358997,33.915477717032296,33.94929550358997,25.115450404419
,,,,,,,,,,,,,,,,,,,,,,,,,,,,0.018539899476468197,33.95792362447426,34.046872860204445,33.95792362447426,34.046872860204445,25.115469372509903
,,,,,,,,,,,,,,,,,,,,,,,,,,,,0.018559896391163393,33.98809428020206,33.94715004517018,33.98809428020206,33.94715004517018,25.115488348799847
,,,,,,,,,,,,,,,,,,,,,,,,,,,,0.018579892203073656,33.940742908984966,33.97926631348478,33.940742908984966,33.97926631348478,25.11550732405528
,,,,,,,,,,,,,,,,,,,,,,,,,,,,0.01859988877560212,33.97185973507547,33.93476401881774,33.97185973507547,33.93476401881774,25.115526300044568
,,,,,,,,,,,,,,,,,,,,,,,,,,,,0.018619882226168512,33.93038174284341,33.96665394320095,33.93038174284341,33.96665394320095,25.115545273080716
,,,,,,,,,,,,,,,,,,,,,,,,,,,,0.01863986934585364,33.96562642179815,33.9294735163389,33.96562642179815,33.9294735163389,25.11556424011658
,,,,,,,,,,,,,,,,,,,,,,,,,,,,0.018659858886014704,33.927156733291895,33.962951328773826,33.927156733291895,33.962951328773826,25.115583209459775
,,,,,,,,,,,,,,,,,,,,,,,,,,,,0.018679849157130005,33.95980276242637,33.92466573985127,33.95980276242637,33.92466573985127,25.115602179507682
,,,,,,,,,,,,,,,,,,,,,,,,,,,,0.018699836849052374,33.923345188714556,33.9584614447022,33.923345188714556,33.9584614447022,25.115621147119246
,,,,,,,,,,,,,,,,,,,,,,,,,,,,0.018719835078105464,33.9508741689608,33.91702058720927,33.9508741689608,33.91702058720927,25.115640124738167
,,,,,,,,,,,,,,,,,,,,,,,,,,,,0.0187398238882169,34.080998768765745,33.96211833298785,34.080998768765745,33.96211833298785,25.115659093423215
,,,,,,,,,,,,,,,,,,,,,,,,,,,,0.01875981900056614,33.94986194244165,33.99445928597803,33.94986194244165,33.99445928597803,25.115678068095423
,,,,,,,,,,,,,,,,,,,,,,,,,,,,0.018779815155036166,33.98181938342665,33.94315504443448,33.98181938342665,33.94315504443448,25.115697043763646
,,,,,,,,,,,,,,,,,,,,,,,,,,,,0.01879981128864622,33.93705723106645,33.97455367914521,33.93705723106645,33.97455367914521,25.115716019420034
,,,,,,,,,,,,,,,,,,,,,,,,,,,,0.018819808212645475,33.96722513170777,33.93076205926075,33.96722513170777,33.93076205926075,25.1157349958353
,,,,,,,,,,,,,,,,,,,,,,,,,,,,0.018839795092840193,33.92998184031989,33.96625992421719,33.92998184031989,33.96625992421719,25.115753962728892
,,,,,,,,,,,,,,,,,,,,,,,,,,,,0.018859783611521717,33.96424621487245,33.928244413603196,33.96424621487245,33.928244413603196,25.11577293118794
,,,,,,,,,,,,,,,,,,,,,,,,,,,,0.018879773603616673,33.925792478002194,33.961312097225196,33.925792478002194,33.961312097225196,25.115791901055953
,,,,,,,,,,,,,,,,,,,,,,,,,,,,0.018899761354371967,33.95982131984307,33.92463315361687,33.95982131984307,33.92463315361687,25.115810868807763
,,,,,,,,,,,,,,,,,,,,,,,,,,,,0.01891975577968237,33.91998932625429,33.9544644933609,33.91998932625429,33.9544644933609,25.11582984290428
,,,,,,,,,,,,,,,,,,,,,,,,,,,,0.018939749950781546,33.962922374234324,34.08655702399534,33.962922374234324,34.08655702399534,25.115848816769716
,,,,,,,,,,,,,,,,,,,,,,,,,,,,0.018959741303062223,34.00844821860441,33.953416786641206,34.00844821860441,33.953416786641206,25.115867787970004
,,,,,,,,,,,,,,,,,,,,,,,,,,,,0.018979737560023694,33.945701627982324,33.98532853230284,33.945701627982324,33.98532853230284,25.11588676383461
,,,,,,,,,,,,,,,,,,,,,,,,,,,,0.018999733586893358,33.97738866355514,33.9395701093445,33.97738866355514,33.9395701093445,25.115905739491723
,,,,,,,,,,,,,,,,,,,,,,,,,,,,0.01901973031974135,33.93329811903353,33.97008113011033,33.93329811903353,33.97008113011033,25.11592471582883
,,,,,,,,,,,,,,,,,,,,,,,,,,,,0.019039719969929193,33.96736464960448,33.9310627523682,33.96736464960448,33.9310627523682,25.115943685454226
,,,,,,,,,,,,,,,,,,,,,,,,,,,,0.019059708399733633,33.92938655105822,33.96545528965607,33.92938655105822,33.96545528965607,25.11596265393018
,,,,,,,,,,,,,,,,,,,,,,,,,,,,0.01907969809687878,33.962724815101204,33.927109774157856,33.962724815101204,33.927109774157856,25.115981623618055
,,,,,,,,,,,,,,,,,,,,,,,,,,,,0.01909968761748381,33.924969514564786,33.9602156833725,33.924969514564786,33.9602156833725,25.116000593147614
,,,,,,,,,,,,,,,,,,,,,,,,,,,,0.019119676123943514,33.95815612363189,33.923322727977826,33.95815612363189,33.923322727977826,25.11601956172073
,,,,,,,,,,,,,,,,,,,,,,,,,,,,0.019139675197117352,33.91666582913841,33.95022537172004,33.91666582913841,33.95022537172004,25.116038540322418
,,,,,,,,,,,,,,,,,,,,,,,,,,,,0.019159663284657225,33.95911444576669,34.04880972417587,33.95911444576669,34.04880972417587,25.11605750850056
,,,,,,,,,,,,,,,,,,,,,,,,,,,,0.01917966042483079,33.98912243205542,33.94793091264447,33.98912243205542,33.94793091264447,25.116076485272472
,,,,,,,,,,,,,,,,,,,,,,,,,,,,0.01919965650761397,33.94172152082889,33.97984650275742,33.94172152082889,33.97984650275742,25.11609546104417
,,,,,,,,,,,,,,,,,,,,,,,,,,,,0.019219652502057722,33.97292445775594,33.93573132651889,33.97292445775594,33.93573132651889,25.116114436733334
,,,,,,,,,,,,,,,,,,,,,,,,,,,,0.019239646267514433,33.93109638119696,33.96773296186858,33.93109638119696,33.96773296186858,25.116133410307224
,,,,,,,,,,,,,,,,,,,,,,,,,,,,0.019259633295299505,33.9664704356464,33.93033092390513,33.9664704356464,33.93033092390513,25.116152377487904
,,,,,,,,,,,,,,,,,,,,,,,,,,,,0.01927962289662097,33.92817778458662,33.96387753334248,33.92817778458662,33.96387753334248,25.11617134711149
,,,,,,,,,,,,,,,,,,,,,,,,,,,,0.019299613139364142,33.96074879058303,33.92558151810698,33.96074879058303,33.92558151810698,25.116190317345694
,,,,,,,,,,,,,,,,,,,,,,,,,,,,0.019319600854787407,33.924304574251906,33.959387625097726,33.924304574251906,33.959387625097726,25.116209285183594
,,,,,,,,,,,,,,,,,,,,,,,,,,,,0.01933959912979817,33.95182524146214,33.91796161910502,33.95182524146214,33.91796161910502,25.116228263043123
,,,,,,,,,,,,,,,,,,,,,,,,,,,,0.019359587900821797,34.082054494687,33.96301715754177,34.082054494687,33.96301715754177,25.116247231884536
,,,,,,,,,,,,,,,,,,,,,,,,,,,,0.019379583003418837,33.950732293974845,33.99550281369821,33.950732293974845,33.99550281369821,25.116266206737038
,,,,,,,,,,,,,,,,,,,,,,,,,,,,0.019399579175730534,33.98263395521866,33.944139467176754,33.98263395521866,33.944139467176754,25.116285182607143
,,,,,,,,,,,,,,,,,,,,,,,,,,,,0.019419575014444575,33.93802183269033,33.975488354635594,33.93802183269033,33.975488354635594,25.116304158161732
,,,,,,,,,,,,,,,,,,,,,,,,,,,,0.01943957187923525,33.96822790427257,33.93183115494775,33.96822790427257,33.93183115494775,25.11632313469004
,,,,,,,,,,,,,,,,,,,,,,,,,,,,0.019459559103870296,33.93089078682209,33.967110198017664,33.93089078682209,33.967110198017664,25.116342102069208
,,,,,,,,,,,,,,,,,,,,,,,,,,,,0.019479547638515782,33.965073091856475,33.92918741397334,33.965073091856475,33.92918741397334,25.11636107069177
,,,,,,,,,,,,,,,,,,,,,,,,,,,,0.019499537629615038,33.92676330188605,33.96218704629596,33.92676330188605,33.96218704629596,25.11638004069755
,,,,,,,,,,,,,,,,,,,,,,,,,,,,0.019519525375305612,33.9605787419561,33.92558255370422,33.9605787419561,33.92558255370422,25.116399008573577
,,,,,,,,,,,,,,,,,,,,,,,,,,,,0.01953951979774555,33.92089914265614,33.9553199183796,33.92089914265614,33.9553199183796,25.116417982787045
,,,,,,,,,,,,,,,,,,,,,,,,,,,,0.01955951403299158,33.963940669757164,34.0874731427027,33.963940669757164,34.0874731427027,25.11643695682337
,,,,,,,,,,,,,,,,,,,,,,,,,,,,0.019579505306817707,34.00924538104912,33.95422419824421,34.00924538104912,33.95422419824421,25.116455928049504
,,,,,,,,,,,,,,,,,,,,,,,,,,,,0.01959950161051199,33.946403041936136,33.98616625535828,33.946403041936136,33.98616625535828,25.116474904048662
,,,,,,,,,,,,,,,,,,,,,,,,,,,,0.019619497586810634,33.97827155761276,33.940373097416604,33.97827155761276,33.940373097416604,25.11649387973657
,,,,,,,,,,,,,,,,,,,,,,,,,,,,0.019639494039459693,33.93430862494422,33.97107991812193,33.93430862494422,33.97107991812193,25.116512855876064
,,,,,,,,,,,,,,,,,,,,,,,,,,,,0.019659483938141424,33.968120419370905,33.93191819029902,33.968120419370905,33.93191819029902,25.11653182579466
,,,,,,,,,,,,,,,,,,,,,,,,,,,,0.019679472395618552,33.93021396165895,33.96623189558477,33.93021396165895,33.96623189558477,25.116550794343926
,,,,,,,,,,,,,,,,,,,,,,,,,,,,0.019699462188836506,33.96354043703341,33.927920957687704,33.96354043703341,33.927920957687704,25.11656976415948
,,,,,,,,,,,,,,,,,,,,,,,,,,,,0.01971945161562434,33.92580025886326,33.9609297006237,33.92580025886326,33.9609297006237,25.11658873362376
,,,,,,,,,,,,,,,,,,,,,,,,,,,,0.01973944015957437,33.95894012943266,33.92411885345833,33.95894012943266,33.92411885345833,25.116607702242487
,,,,,,,,,,,,,,,,,,,,,,,,,,,,0.019759439313884998,33.91726516288609,33.95102470124812,33.91726516288609,33.95102470124812,25.116626680923734
,,,,,,,,,,,,,,,,,,,,,,,,,,,,0.0197794275843952,33.95979968205065,34.04643271294514,33.95979968205065,34.04643271294514,25.116645649270566
,,,,,,,,,,,,,,,,,,,,,,,,,,,,0.019799424458792184,33.99003627799077,33.94871986531107,33.99003627799077,33.94871986531107,25.116664625777794
,,,,,,,,,,,,,,,,,,,,,,,,,,,,0.019819420360719455,33.942566308326306,33.980846278153116,33.942566308326306,33.980846278153116,25.116683601357124
,,,,,,,,,,,,,,,,,,,,,,,,,,,,0.01983941680054789,33.97358530632716,33.93647368838411,33.97358530632716,33.93647368838411,25.11670257743918
,,,,,,,,,,,,,,,,,,,,,,,,,,,,0.019859410207451172,33.9319602362695,33.968679648010884,33.9319602362695,33.968679648010884,25.11672155063692
,,,,,,,,,,,,,,,,,,,,,,,,,,,,0.019879397353553672,33.967386154073154,33.93116426649113,33.967386154073154,33.93116426649113,25.116740517889195
,,,,,,,,,,,,,,,,,,,,,,,,,,,,0.01989938692188873,33.92882792119575,33.96471551635364,33.92882792119575,33.96471551635364,25.116759487437495
,,,,,,,,,,,,,,,,,,,,,,,,,,,,0.019919377151181954,33.96164452304545,33.926375778545534,33.96164452304545,33.926375778545534,25.11677845760979
,,,,,,,,,,,,,,,,,,,,,,,,,,,,0.01993936487376114,33.92512218877049,33.96028343863301,33.92512218877049,33.96028343863301,25.116797425399703
,,,,,,,,,,,,,,,,,,,,,,,,,,,,0.019959363150790603,33.95266120803553,33.91889139121933,33.95266120803553,33.91889139121933,25.116816403202094
,,,,,,,,,,,,,,,,,,,,,,,,,,,,0.019979352025066958,34.082098298521224,33.96394952208382,34.082098298521224,33.96394952208382,25.11683537207816
,,,,,,,,,,,,,,,,,,,,,,,,,,,,0.01999934671411594,33.951650621674894,33.99689291178527,33.951650621674894,33.99689291178527,25.116854346468337
