freq,duty,rcs,rsa,csa,vin,rl,k,Iin,Vout,Iout,S1_Pcond,S1_Psw,S1_Ptot,S2_Pcond,S2_Psw,S2_Ptot,S3_Pcond,S3_Psw,S3_Ptot,S4_Pcond,S4_Psw,S4_Ptot,Tj_S1,Tj_S2,Tj_S3,Tj_S4,T_heatsink,Time,Tj_S1_ts,Tj_S2_ts,Tj_S3_ts,Tj_S4_ts,T_heatsink_ts
5780000.0,0.2,0.2,0.2,33.5,50.0,50.0,0.2,,,,,,,,,,,,,,,,,,,,,,,,,,
,,,,,,,,0.5256868249012993,29.16976495978105,0.583395299195621,2.0962076120042745,3.962752049211098,6.058959661215374,2.0833155652176067,3.961655281864494,6.044970847082099,2.0962076120042745,3.962752049211098,6.058959661215374,2.0833155652176067,3.961655281864494,6.044970847082099,31.847672725260924,31.846406399176978,31.847672725260924,31.846406399176978,25.112880618974614,,,,,,
,,,,,,,,,,,,,,,,,,,,,,,,,,,,0.0,25.1,25.1,25.1,25.1,25.1
,,,,,,,,,,,,,,,,,,,,,,,,,,,,1.8783780861080904e-05,27.03649694172557,27.09646705883238,27.03649694172557,27.09646705883238,25.10000000647793
,,,,,,,,,,,,,,,,,,,,,,,,,,,,3.879132543756979e-05,26.451072978606504,26.420326955345224,26.451072978606504,26.420326955345224,25.10000007538936
,,,,,,,,,,,,,,,,,,,,,,,,,,,,5.877612896399741e-05,26.474746840018284,26.529018510270497,26.474746840018284,26.529018510270497,25.10000025021533
,,,,,,,,,,,,,,,,,,,,,,,,,,,,7.876872146819292e-05,26.562921384314617,26.550649545164458,26.562921384314617,26.550649545164458,25.100000539683432
,,,,,,,,,,,,,,,,,,,,,,,,,,,,9.8757236259128e-05,26.60343275947619,26.630853247520797,26.60343275947619,26.630853247520797,25.100000947955266
,,,,,,,,,,,,,,,,,,,,,,,,,,,,0.00011875070521287822,26.693335275316002,26.707942915402242,26.693335275316002,26.707942915402242,25.100001477858058
,,,,,,,,,,,,,,,,,,,,,,,,,,,,0.00013876923417127545,26.726282583213763,26.74261617296497,26.726282583213763,26.74261617296497,25.10000213173178
,,,,,,,,,,,,,,,,,,,,,,,,,,,,0.00015877967378052593,26.81998520321452,26.78203128277851,26.81998520321452,26.78203128277851,25.10000290937022
,,,,,,,,,,,,,,,,,,,,,,,,,,,,0.00017876769170624608,26.854760255338125,26.85150262952272,26.854760255338125,26.85150262952272,25.100003810101775
,,,,,,,,,,,,,,,,,,,,,,,,,,,,0.0001987591554781728,26.88214201771004,26.900804103462995,26.88214201771004,26.900804103462995,25.100004834681815
,,,,,,,,,,,,,,,,,,,,,,,,,,,,0.00021874141916277374,26.93362138410652,26.934897572755553,26.93362138410652,26.934897572755553,25.100005981887012
,,,,,,,,,,,,,,,,,,,,,,,,,,,,0.0002387513304927089,26.976943338523554,27.00192544841507,26.976943338523554,27.00192544841507,25.1000072532975
,,,,,,,,,,,,,,,,,,,,,,,,,,,,0.0002587739679794851,27.004129615660432,26.992427113927782,27.004129615660432,26.992427113927782,25.100008647561665
,,,,,,,,,,,,,,,,,,,,,,,,,,,,0.0002787670185316187,27.1054544275969,27.10716896454688,27.1054544275969,27.10716896454688,25.10001016068075
,,,,,,,,,,,,,,,,,,,,,,,,,,,,0.00029875832934477583,27.12785400606597,27.141625765285024,27.12785400606597,27.141625765285024,25.100011793568473
,,,,,,,,,,,,,,,,,,,,,,,,,,,,0.00031874235035613154,27.196627301853056,27.19499505767646,27.196627301853056,27.19499505767646,25.100013544789665
,,,,,,,,,,,,,,,,,,,,,,,,,,,,0.0003387291766049238,27.228969064050048,27.235424812004712,27.228969064050048,27.235424812004712,25.10001541421185
,,,,,,,,,,,,,,,,,,,,,,,,,,,,0.0003587346549658922,27.260585128295784,27.264421695864584,27.260585128295784,27.264421695864584,25.100017402511497
,,,,,,,,,,,,,,,,,,,,,,,,,,,,0.0003787589336000743,27.27773466676071,27.271646313734447,27.27773466676071,27.271646313734447,25.10001950910319
,,,,,,,,,,,,,,,,,,,,,,,,,,,,0.00039874759334383475,27.34669706909851,27.394518090150253,27.34669706909851,27.394518090150253,25.1000217271353
,,,,,,,,,,,,,,,,,,,,,,,,,,,,0.00041873782394499754,27.401272422782366,27.371056011798185,27.401272422782366,27.371056011798185,25.10002405939816
,,,,,,,,,,,,,,,,,,,,,,,,,,,,0.0004387267688314015,27.417998863159582,27.425268563324728,27.417998863159582,27.425268563324728,25.100026504507586
,,,,,,,,,,,,,,,,,,,,,,,,,,,,0.00045872182210594337,27.478904942156483,27.455960871141585,27.478904942156483,27.455960871141585,25.10002906237804
,,,,,,,,,,,,,,,,,,,,,,,,,,,,0.0004787408666959539,27.514070704812628,27.50312983429519,27.514070704812628,27.50312983429519,25.100031734539858
,,,,,,,,,,,,,,,,,,,,,,,,,,,,0.0004987485514628333,27.585121220332955,27.52282142202666,27.585121220332955,27.52282142202666,25.100034515440154
,,,,,,,,,,,,,,,,,,,,,,,,,,,,0.0005187320666627873,27.54308418225351,27.60875369200531,27.54308418225351,27.60875369200531,25.100037402100703
,,,,,,,,,,,,,,,,,,,,,,,,,,,,0.0005387228402708329,27.624987382869392,27.658716400318358,27.624987382869392,27.658716400318358,25.100040397961294
,,,,,,,,,,,,,,,,,,,,,,,,,,,,0.000558712939697452,27.671878979180118,27.673135909866147,27.671878979180118,27.673135909866147,25.10004350097086
,,,,,,,,,,,,,,,,,,,,,,,,,,,,0.000578707400641477,27.69828979604211,27.728046427482035,27.69828979604211,27.728046427482035,25.10004671101254
,,,,,,,,,,,,,,,,,,,,,,,,,,,,0.0005987230897508395,27.733242662220874,27.735987153117133,27.733242662220874,27.735987153117133,25.10005003002275
,,,,,,,,,,,,,,,,,,,,,,,,,,,,0.0006187076027209238,27.753089020857544,27.772534446217083,27.753089020857544,27.772534446217083,25.10005344823462
,,,,,,,,,,,,,,,,,,,,,,,,,,,,0.0006387219925063874,27.83742883217162,27.85860110931119,27.83742883217162,27.85860110931119,25.100056975082616
,,,,,,,,,,,,,,,,,,,,,,,,,,,,0.0006587126967712253,27.888093641701367,27.883754172148084,27.888093641701367,27.883754172148084,25.100060600209282
,,,,,,,,,,,,,,,,,,,,,,,,,,,,0.0006786973434616745,27.888367097182098,27.911958479130053,27.888367097182098,27.911958479130053,25.100064325654298
,,,,,,,,,,,,,,,,,,,,,,,,,,,,0.0006986883812692723,27.931965411010147,27.93020803811715,27.931965411010147,27.93020803811715,25.100068152868023
,,,,,,,,,,,,,,,,,,,,,,,,,,,,0.0007186899127969644,27.960944191108528,27.970284807022423,27.960944191108528,27.970284807022423,25.100072081939643
,,,,,,,,,,,,,,,,,,,,,,,,,,,,0.0007387144690030755,27.98068301458402,27.98716086111453,27.98068301458402,27.98716086111453,25.100076114726942
,,,,,,,,,,,,,,,,,,,,,,,,,,,,0.0007587035748675352,28.092417068322806,28.06184508758537,28.092417068322806,28.06184508758537,25.10008023846913
,,,,,,,,,,,,,,,,,,,,,,,,,,,,0.0007786988567000261,28.101428979732994,28.10975897040406,28.101428979732994,28.10975897040406,25.10008446061775
,,,,,,,,,,,,,,,,,,,,,,,,,,,,0.000798683764994486,28.132248680073847,28.130247978853948,28.132248680073847,28.130247978853948,25.10008877674199
,,,,,,,,,,,,,,,,,,,,,,,,,,,,0.0008186701572153784,28.146870686426876,28.167563564821386,28.146870686426876,28.167563564821386,25.100093188449552
,,,,,,,,,,,,,,,,,,,,,,,,,,,,0.0008386761911346092,28.203402005361657,28.21133306687051,28.203402005361657,28.21133306687051,25.1000976990208
,,,,,,,,,,,,,,,,,,,,,,,,,,,,0.0008587000291178763,28.197652041354957,28.201493273822365,28.197652041354957,28.201493273822365,25.100102307464883
,,,,,,,,,,,,,,,,,,,,,,,,,,,,0.0008786937775497921,28.27131071102514,28.306203392411287,28.27131071102514,28.306203392411287,25.10010700185285
,,,,,,,,,,,,,,,,,,,,,,,,,,,,0.0008986796556749046,28.30119982097475,28.288847579776473,28.30119982097475,28.288847579776473,25.10011178633098
,,,,,,,,,,,,,,,,,,,,,,,,,,,,0.000918668746047365,28.325695654504738,28.341534686693517,28.325695654504738,28.341534686693517,25.100116662744345
,,,,,,,,,,,,,,,,,,,,,,,,,,,,0.0009386617097305335,28.37941250358779,28.3836072909744,28.37941250358779,28.3836072909744,25.10012163051321
,,,,,,,,,,,,,,,,,,,,,,,,,,,,0.0009586800750364382,28.394851941746985,28.393671396488553,28.394851941746985,28.393671396488553,25.100126694341938
,,,,,,,,,,,,,,,,,,,,,,,,,,,,0.0009786932125557277,28.436680931332862,28.471163734526034,28.436680931332862,28.471163734526034,25.10013184575763
,,,,,,,,,,,,,,,,,,,,,,,,,,,,0.000998682296576071,28.473598875708625,28.465004707745376,28.473598875708625,28.465004707745376,25.10013707890245
,,,,,,,,,,,,,,,,,,,,,,,,,,,,0.001018667513364724,28.492089916775228,28.507984711533712,28.492089916775228,28.507984711533712,25.100142398070698
,,,,,,,,,,,,,,,,,,,,,,,,,,,,0.0010386540258209898,28.52678347054546,28.522484189055437,28.52678347054546,28.522484189055437,25.100147803834513
,,,,,,,,,,,,,,,,,,,,,,,,,,,,0.0010586483431150406,28.549037428487757,28.5662755621648,28.549037428487757,28.5662755621648,25.100153297244567
,,,,,,,,,,,,,,,,,,,,,,,,,,,,0.0010786687356474955,28.577938548957174,28.577069715666475,28.577938548957174,28.577069715666475,25.10015888273671
,,,,,,,,,,,,,,,,,,,,,,,,,,,,0.0010986785633099719,28.655638236625958,28.626938108638967,28.655638236625958,28.626938108638967,25.100164549373687
,,,,,,,,,,,,,,,,,,,,,,,,,,,,0.0011186590803839564,28.655726715810566,28.61323533192389,28.655726715810566,28.61323533192389,25.100170290785346
,,,,,,,,,,,,,,,,,,,,,,,,,,,,0.001138649434784336,28.68977387612499,28.68546571607436,28.68977387612499,28.68546571607436,25.100176117301768
,,,,,,,,,,,,,,,,,,,,,,,,,,,,0.001158639126457295,28.701083441600318,28.71436593264289,28.701083441600318,28.71436593264289,25.100182025196407
,,,,,,,,,,,,,,,,,,,,,,,,,,,,0.0011786337906222403,28.743118908095695,28.739261773814928,28.743118908095695,28.739261773814928,25.100188015408243
,,,,,,,,,,,,,,,,,,,,,,,,,,,,0.00119865074498602,28.76146252687149,28.767017142760004,28.76146252687149,28.767017142760004,25.100194092526483
,,,,,,,,,,,,,,,,,,,,,,,,,,,,0.0012186382029990713,28.799071625805983,28.794740606583126,28.799071625805983,28.794740606583126,25.100200240010757
,,,,,,,,,,,,,,,,,,,,,,,,,,,,0.0012386487799106848,28.875081752276103,28.85031666823467,28.875081752276103,28.85031666823467,25.100206473264734
,,,,,,,,,,,,,,,,,,,,,,,,,,,,0.0012586365844868912,28.87466507297568,28.882604486717128,28.87466507297568,28.882604486717128,25.100212777268588
,,,,,,,,,,,,,,,,,,,,,,,,,,,,0.0012786261778105078,28.89832320310728,28.904887059862514,28.89832320310728,28.904887059862514,25.10021915891559
,,,,,,,,,,,,,,,,,,,,,,,,,,,,0.0012986161204877045,28.913046726725657,28.91410558552284,28.913046726725657,28.91410558552284,25.100225617042234
,,,,,,,,,,,,,,,,,,,,,,,,,,,,0.0013186028147019078,28.957455511365378,28.960884296205684,28.957455511365378,28.960884296205684,25.100232149737714
,,,,,,,,,,,,,,,,,,,,,,,,,,,,0.001338621365849934,28.961038410873574,28.96366123446444,28.961038410873574,28.96366123446444,25.100238767955812
,,,,,,,,,,,,,,,,,,,,,,,,,,,,0.0013586302750139823,29.008428087042205,28.965435325402712,29.008428087042205,28.965435325402712,25.100245457427956
,,,,,,,,,,,,,,,,,,,,,,,,,,,,0.001378619449411034,29.03160263139082,29.01082993547898,29.03160263139082,29.01082993547898,25.100252213897775
,,,,,,,,,,,,,,,,,,,,,,,,,,,,0.0013986104364468804,29.037104938945212,29.059809823043096,29.037104938945212,29.059809823043096,25.100259043825798
,,,,,,,,,,,,,,,,,,,,,,,,,,,,0.001418598324381586,29.080679258447592,29.07654886521421,29.080679258447592,29.07654886521421,25.100265944811767
,,,,,,,,,,,,,,,,,,,,,,,,,,,,0.001438603020188565,29.103153151863964,29.105848734783763,29.103153151863964,29.105848734783763,25.100272923141805
,,,,,,,,,,,,,,,,,,,,,,,,,,,,0.0014586275062921,29.10622037180659,29.104685710584736,29.10622037180659,29.104685710584736,25.10027997938946
,,,,,,,,,,,,,,,,,,,,,,,,,,,,0.0014786175302408252,29.219044181933842,29.201840611671255,29.219044181933842,29.201840611671255,25.100287093691918
,,,,,,,,,,,,,,,,,,,,,,,,,,,,0.0014986104107272422,29.1917794025627,29.19349494262324,29.1917794025627,29.19349494262324,25.10029427848209
,,,,,,,,,,,,,,,,,,,,,,,,,,,,0.00151859261323733,29.212466090734598,29.21179721074133,29.212466090734598,29.21179721074133,25.100301528199537
,,,,,,,,,,,,,,,,,,,,,,,,,,,,0.0015385794091732482,29.218680614720597,29.224766202906032,29.218680614720597,29.224766202906032,25.100308847699168
,,,,,,,,,,,,,,,,,,,,,,,,,,,,0.0015585850534671655,29.234978413715552,29.233762497864603,29.234978413715552,29.233762497864603,25.100316241679796
,,,,,,,,,,,,,,,,,,,,,,,,,,,,0.0015786164905468587,29.328796967546463,29.302270571743055,29.328796967546463,29.302270571743055,25.10032371230122
,,,,,,,,,,,,,,,,,,,,,,,,,,,,0.0015985997816797552,29.29893163385747,29.35570345159373,29.29893163385747,29.35570345159373,25.100331231247633
,,,,,,,,,,,,,,,,,,,,,,,,,,,,0.0016185919891844164,29.342698069522804,29.347693664429055,29.342698069522804,29.347693664429055,25.100338819177264
,,,,,,,,,,,,,,,,,,,,,,,,,,,,0.0016385814280503838,29.360938379823107,29.364951596949176,29.360938379823107,29.364951596949176,25.10034647112161
,,,,,,,,,,,,,,,,,,,,,,,,,,,,0.0016585711539525109,29.36839447600384,29.366609772315503,29.36839447600384,29.366609772315503,25.100354187620667
,,,,,,,,,,,,,,,,,,,,,,,,,,,,0.0016785905354619493,29.367449473716572,29.374372153649777,29.367449473716572,29.374372153649777,25.100361979533208
,,,,,,,,,,,,,,,,,,,,,,,,,,,,0.0016986046004795845,29.425753477046918,29.461948884746512,29.425753477046918,29.461948884746512,25.100369832764574
,,,,,,,,,,,,,,,,,,,,,,,,,,,,0.0017185881972659478,29.50780236518089,29.499897176009995,29.50780236518089,29.499897176009995,25.10037773671102
,,,,,,,,,,,,,,,,,,,,,,,,,,,,0.0017385775127662269,29.469005621283053,29.473627621233458,29.469005621283053,29.473627621233458,25.10038570495764
,,,,,,,,,,,,,,,,,,,,,,,,,,,,0.0017585650330528319,29.490092596593755,29.476565116917104,29.490092596593755,29.476565116917104,25.10039373391114
,,,,,,,,,,,,,,,,,,,,,,,,,,,,0.0017785707530649534,29.49478811924144,29.498699512290962,29.49478811924144,29.498699512290962,25.10040183108013
,,,,,,,,,,,,,,,,,,,,,,,,,,,,0.001798598093510403,29.51138232053567,29.516172808088918,29.51138232053567,29.516172808088918,25.10040999744196
,,,,,,,,,,,,,,,,,,,,,,,,,,,,0.0018185826863897328,29.51964636661428,29.535868262996583,29.51964636661428,29.535868262996583,25.10041820606305
,,,,,,,,,,,,,,,,,,,,,,,,,,,,0.0018385700019375956,29.585946679579617,29.61924451224707,29.585946679579617,29.61924451224707,25.10042647484903
,,,,,,,,,,,,,,,,,,,,,,,,,,,,0.0018585630656723269,29.606196959919284,29.60843334490322,29.606196959919284,29.60843334490322,25.100434804537688
,,,,,,,,,,,,,,,,,,,,,,,,,,,,0.001878551393503157,29.620475505259503,29.629227876569306,29.620475505259503,29.629227876569306,25.100443190213884
,,,,,,,,,,,,,,,,,,,,,,,,,,,,0.001898557431679328,29.63671322966667,29.64783037352815,29.63671322966667,29.64783037352815,25.100451640807382
,,,,,,,,,,,,,,,,,,,,,,,,,,,,0.0019185417200707638,29.646850730294656,29.660425662694294,29.646850730294656,29.660425662694294,25.100460139070062
,,,,,,,,,,,,,,,,,,,,,,,,,,,,0.0019385676961180603,29.647301024868533,29.65164734040728,29.647301024868533,29.65164734040728,25.10046871150074
,,,,,,,,,,,,,,,,,,,,,,,,,,,,0.00195855538451497,29.743448849067516,29.71549340563741,29.743448849067516,29.71549340563741,25.10047732334455
,,,,,,,,,,,,,,,,,,,,,,,,,,,,0.001978547096344272,29.713132119012162,29.723620064968788,29.713132119012162,29.723620064968788,25.100485992169105
,,,,,,,,,,,,,,,,,,,,,,,,,,,,0.0019985351879493085,29.73852796865135,29.729537251705015,29.73852796865135,29.729537251705015,25.100494714134857
,,,,,,,,,,,,,,,,,,,,,,,,,,,,0.0020185208936750556,29.752433483238804,29.77231890867776,29.752433483238804,29.77231890867776,25.10050348923143
,,,,,,,,,,,,,,,,,,,,,,,,,,,,0.0020385273545656182,29.782705017853246,29.77461444207267,29.782705017853246,29.77461444207267,25.100512327218464
,,,,,,,,,,,,,,,,,,,,,,,,,,,,0.0020585546903440746,29.879530234394533,29.835989796321265,29.879530234394533,29.835989796321265,25.10052122785843
,,,,,,,,,,,,,,,,,,,,,,,,,,,,0.0020785454557905596,29.837552736320838,29.870738219285016,29.837552736320838,29.870738219285016,25.100530165044596
,,,,,,,,,,,,,,,,,,,,,,,,,,,,0.002098537414367989,29.854413581625423,29.83805307361856,29.854413581625423,29.83805307361856,25.100539154998486
,,,,,,,,,,,,,,,,,,,,,,,,,,,,0.002118520974736628,29.850994716761377,29.859114019427,29.850994716761377,29.859114019427,25.100548192903542
,,,,,,,,,,,,,,,,,,,,,,,,,,,,0.002138513519307688,29.88486095184129,29.865274505529296,29.88486095184129,29.865274505529296,25.100557286191002
,,,,,,,,,,,,,,,,,,,,,,,,,,,,0.002158531610545751,29.865045022728005,29.87148092244297,29.865045022728005,29.87148092244297,25.100566442012312
,,,,,,,,,,,,,,,,,,,,,,,,,,,,0.0021785404225675782,29.9123530242833,29.868996562132327,29.9123530242833,29.868996562132327,25.100575643988442
,,,,,,,,,,,,,,,,,,,,,,,,,,,,0.0021985310829127414,29.936405549134317,29.92773448976658,29.936405549134317,29.92773448976658,25.10058488741583
,,,,,,,,,,,,,,,,,,,,,,,,,,,,0.0022185171944628934,29.94539952091579,29.96314234626278,29.94539952091579,29.96314234626278,25.100594178003355
,,,,,,,,,,,,,,,,,,,,,,,,,,,,0.002238506205574677,29.968663071700878,29.959932044051985,29.968663071700878,29.959932044051985,25.100603518745295
,,,,,,,,,,,,,,,,,,,,,,,,,,,,0.002258500248363268,30.010220345040942,30.010507170453607,30.010220345040942,30.010507170453607,25.100612910234272
,,,,,,,,,,,,,,,,,,,,,,,,,,,,0.0022785203694710814,29.99282164442555,29.98225214595868,29.99282164442555,29.98225214595868,25.100622362050736
,,,,,,,,,,,,,,,,,,,,,,,,,,,,0.002298531714027568,30.052016242507957,30.048712075773913,30.052016242507957,30.048712075773913,25.100631857311924
,,,,,,,,,,,,,,,,,,,,,,,,,,,,0.0023185162705602015,30.043202524409832,30.077508263859883,30.043202524409832,30.077508263859883,25.100641386884167
,,,,,,,,,,,,,,,,,,,,,,,,,,,,0.0023385066196544395,30.07868366038161,30.057812814430807,30.07868366038161,30.057812814430807,25.100650965820808
,,,,,,,,,,,,,,,,,,,,,,,,,,,,0.0023584958020946853,30.088408880684547,30.08878709456744,30.088408880684547,30.08878709456744,25.100660590331955
,,,,,,,,,,,,,,,,,,,,,,,,,,,,0.0023784858444864786,30.11062582864173,30.125007441268647,30.11062582864173,30.125007441268647,25.10067026091176
,,,,,,,,,,,,,,,,,,,,,,,,,,,,0.0023985053766405065,30.08231672560755,30.094437997525567,30.08231672560755,30.094437997525567,25.10067999107471
,,,,,,,,,,,,,,,,,,,,,,,,,,,,0.002418509058585276,30.09154186401114,30.088071097420812,30.09154186401114,30.088071097420812,25.100689758428658
,,,,,,,,,,,,,,,,,,,,,,,,,,,,0.0024384979546992727,30.190247468470034,30.16956886785757,30.190247468470034,30.16956886785757,25.100699562939358
,,,,,,,,,,,,,,,,,,,,,,,,,,,,0.002458492648005913,30.16745909474591,30.174497174784165,30.16745909474591,30.174497174784165,25.100709414250993
,,,,,,,,,,,,,,,,,,,,,,,,,,,,0.0024784764360254786,30.17340722745712,30.153787908981247,30.17340722745712,30.153787908981247,25.100719303712722
,,,,,,,,,,,,,,,,,,,,,,,,,,,,0.002498484808734094,30.166382607185053,30.18158466097461,30.166382607185053,30.18158466097461,25.100729248565074
,,,,,,,,,,,,,,,,,,,,,,,,,,,,0.0025184876970667618,30.18220731219394,30.16517048421814,30.18220731219394,30.16517048421814,25.10073923348412
,,,,,,,,,,,,,,,,,,,,,,,,,,,,0.002538496530648518,30.180064471939204,30.20821780773116,30.180064471939204,30.20821780773116,25.100749263762804
,,,,,,,,,,,,,,,,,,,,,,,,,,,,0.0025584867367120694,30.21863269653409,30.244458258107404,30.21863269653409,30.244458258107404,25.10075932662141
,,,,,,,,,,,,,,,,,,,,,,,,,,,,0.0025784767166976644,30.24344614688537,30.24618955857577,30.24344614688537,30.24618955857577,25.100769430861913
,,,,,,,,,,,,,,,,,,,,,,,,,,,,0.0025984677947508,30.24224631495742,30.26301324655636,30.24224631495742,30.26301324655636,25.100779576798733
,,,,,,,,,,,,,,,,,,,,,,,,,,,,0.002618453212179535,30.275163472230613,30.263148132169572,30.275163472230613,30.263148132169572,25.100789760556886
,,,,,,,,,,,,,,,,,,,,,,,,,,,,0.0026384727146933034,30.26283835190305,30.267778200389518,30.26283835190305,30.267778200389518,25.100800002046874
,,,,,,,,,,,,,,,,,,,,,,,,,,,,0.002658481555675309,30.310837431883247,30.2623080942994,30.310837431883247,30.2623080942994,25.100810278054116
,,,,,,,,,,,,,,,,,,,,,,,,,,,,0.002678471849302009,30.330197352773173,30.30543706617113,30.330197352773173,30.30543706617113,25.10082058405215
,,,,,,,,,,,,,,,,,,,,,,,,,,,,0.0026984616485190046,30.323019627461544,30.333230730458858,30.323019627461544,30.333230730458858,25.10083092891674
,,,,,,,,,,,,,,,,,,,,,,,,,,,,0.002718447028466558,30.344945756154917,30.342098696765692,30.344945756154917,30.342098696765692,25.100841310216996
,,,,,,,,,,,,,,,,,,,,,,,,,,,,0.002738442626599087,30.3647157937949,30.3694097345578,30.3647157937949,30.3694097345578,25.100851735205385
,,,,,,,,,,,,,,,,,,,,,,,,,,,,0.0027584581901034123,30.359505732258807,30.349536450989746,30.359505732258807,30.349536450989746,25.100862208788982
,,,,,,,,,,,,,,,,,,,,,,,,,,,,0.002778467546499064,30.35511204725294,30.40029418666149,30.35511204725294,30.40029418666149,25.100872716936674
,,,,,,,,,,,,,,,,,,,,,,,,,,,,0.002798457159913947,30.38890530731431,30.41359516189002,30.38890530731431,30.41359516189002,25.100883252112716
,,,,,,,,,,,,,,,,,,,,,,,,,,,,0.002818442511098972,30.424773321183363,30.4114709510327,30.424773321183363,30.4114709510327,25.10089382204237
,,,,,,,,,,,,,,,,,,,,,,,,,,,,0.002838432537532772,30.418088661967264,30.436215729434718,30.418088661967264,30.436215729434718,25.100904431071097
,,,,,,,,,,,,,,,,,,,,,,,,,,,,0.0028584231916997526,30.434780936251464,30.42608086339503,30.434780936251464,30.42608086339503,25.100915076698026
,,,,,,,,,,,,,,,,,,,,,,,,,,,,0.002878443831511591,30.429502554252775,30.438388824066575,30.429502554252775,30.438388824066575,25.100925774269925
,,,,,,,,,,,,,,,,,,,,,,,,,,,,0.0028984582393629835,30.496601077217957,30.502079200192043,30.496601077217957,30.502079200192043,25.100936504140407
,,,,,,,,,,,,,,,,,,,,,,,,,,,,0.002918438317742872,30.521417846878606,30.49487952728797,30.521417846878606,30.49487952728797,25.100947250776258
,,,,,,,,,,,,,,,,,,,,,,,,,,,,0.0029384293051485386,30.4843945892834,30.502846253297548,30.4843945892834,30.502846253297548,25.100958038109944
,,,,,,,,,,,,,,,,,,,,,,,,,,,,0.0029584176998283264,30.511259554166315,30.49866605397504,30.511259554166315,30.49866605397504,25.100968858558232
,,,,,,,,,,,,,,,,,,,,,,,,,,,,0.002978424015042655,30.517593592610893,30.513946979860354,30.517593592610893,30.513946979860354,25.100979722929125
,,,,,,,,,,,,,,,,,,,,,,,,,,,,0.0029984503110863214,30.51368127463523,30.501731426722586,30.51368127463523,30.501731426722586,25.10099063215488
,,,,,,,,,,,,,,,,,,,,,,,,,,,,0.003018438995449201,30.60764618999481,30.562065894379252,30.60764618999481,30.562065894379252,25.101001554542204
,,,,,,,,,,,,,,,,,,,,,,,,,,,,0.003038426908637205,30.573495778298263,30.59328846170639,30.573495778298263,30.59328846170639,25.101012509836185
,,,,,,,,,,,,,,,,,,,,,,,,,,,,0.0030584159006845643,30.584354363974782,30.566868152521295,30.584354363974782,30.566868152521295,25.101023498720764
,,,,,,,,,,,,,,,,,,,,,,,,,,,,0.0030784024176563666,30.5644291592074,30.583607818180415,30.5644291592074,30.583607818180415,25.101034518902853
,,,,,,,,,,,,,,,,,,,,,,,,,,,,0.003098409278285139,30.591053586516836,30.58803186251635,30.591053586516836,30.58803186251635,25.101045582730027
,,,,,,,,,,,,,,,,,,,,,,,,,,,,0.0031183943620227477,30.587602649900404,30.590100266771163,30.587602649900404,30.590100266771163,25.10105666655144
,,,,,,,,,,,,,,,,,,,,,,,,,,,,0.0031384228409397706,30.634512818164588,30.673058867340178,30.634512818164588,30.673058867340178,25.10106780619476
,,,,,,,,,,,,,,,,,,,,,,,,,,,,0.0031584124888608092,30.66344267719217,30.64327465053735,30.66344267719217,30.64327465053735,25.101078955596172
,,,,,,,,,,,,,,,,,,,,,,,,,,,,0.0031784051561251398,30.64520407864484,30.66185024514017,30.64520407864484,30.66185024514017,25.101090137693735
,,,,,,,,,,,,,,,,,,,,,,,,,,,,0.003198393524479812,30.65976759514865,30.6608379086064,30.65976759514865,30.6608379086064,25.10110134808969
,,,,,,,,,,,,,,,,,,,,,,,,,,,,0.0032183788651341002,30.640817157222912,30.655953815527084,30.640817157222912,30.655953815527084,25.10111258720929
,,,,,,,,,,,,,,,,,,,,,,,,,,,,0.0032384020962893775,30.661681627261586,30.646981416326625,30.661681627261586,30.646981416326625,25.101123877934768
,,,,,,,,,,,,,,,,,,,,,,,,,,,,0.0032584082508300125,30.640013900620325,30.690218311149177,30.640013900620325,30.690218311149177,25.10113518900265
,,,,,,,,,,,,,,,,,,,,,,,,,,,,0.0032783997943701656,30.703549089877548,30.709393639438446,30.703549089877548,30.709393639438446,25.101146521432124
,,,,,,,,,,,,,,,,,,,,,,,,,,,,0.0032983895431412343,30.718050174274392,30.71461297943582,30.718050174274392,30.71461297943582,25.101157882160983
,,,,,,,,,,,,,,,,,,,,,,,,,,,,0.0033183727517233294,30.697152483364984,30.71445474372755,30.697152483364984,30.71445474372755,25.101169268213745
,,,,,,,,,,,,,,,,,,,,,,,,,,,,0.00333836517030895,30.726053597165308,30.71884028889811,30.726053597165308,30.71884028889811,25.10118068835828
,,,,,,,,,,,,,,,,,,,,,,,,,,,,0.003358386917995363,30.729046228042048,30.733803487441335,30.729046228042048,30.733803487441335,25.101192153869363
,,,,,,,,,,,,,,,,,,,,,,,,,,,,0.00337839275516852,30.739808201760926,30.70625917469007,30.739808201760926,30.70625917469007,25.101203638584423
,,,,,,,,,,,,,,,,,,,,,,,,,,,,0.00339838474992105,30.76694182232748,30.76457573559048,30.76694182232748,30.76457573559048,25.101215143376773
,,,,,,,,,,,,,,,,,,,,,,,,,,,,0.0034183693329341044,30.758790207681646,30.788466850981486,30.758790207681646,30.788466850981486,25.101226671696132
,,,,,,,,,,,,,,,,,,,,,,,,,,,,0.003438359999817189,30.790796213573675,30.783884394354086,30.790796213573675,30.783884394354086,25.101238231134168
,,,,,,,,,,,,,,,,,,,,,,,,,,,,0.003458351876117198,30.80127365415736,30.80378002293388,30.80127365415736,30.80378002293388,25.101249818592756
,,,,,,,,,,,,,,,,,,,,,,,,,,,,0.0034783734687051007,30.79544330316204,30.77500668850633,30.79544330316204,30.77500668850633,25.10126145034243
,,,,,,,,,,,,,,,,,,,,,,,,,,,,0.0034983781658463366,30.769803404446005,30.804369202563787,30.769803404446005,30.804369202563787,25.101273099077726
,,,,,,,,,,,,,,,,,,,,,,,,,,,,0.003518364902915054,30.835552612461903,30.783429050246784,30.835552612461903,30.783429050246784,25.101284763845857
,,,,,,,,,,,,,,,,,,,,,,,,,,,,0.0035383596573382225,30.857076619660795,30.83486265918599,30.857076619660795,30.83486265918599,25.101296459497824
,,,,,,,,,,,,,,,,,,,,,,,,,,,,0.003558347243393431,30.84021500516567,30.842347476026085,30.84021500516567,30.842347476026085,25.10130817698898
,,,,,,,,,,,,,,,,,,,,,,,,,,,,0.0035783380637827815,30.877294671610404,30.847400079066738,30.877294671610404,30.847400079066738,25.10131992217238
,,,,,,,,,,,,,,,,,,,,,,,,,,,,0.0035983549747918534,30.839166377937694,30.834115081345534,30.839166377937694,30.834115081345534,25.101331708212072
,,,,,,,,,,,,,,,,,,,,,,,,,,,,0.0036183395598844426,30.837361939486946,30.832981296369862,30.837361939486946,30.832981296369862,25.10134350042599
,,,,,,,,,,,,,,,,,,,,,,,,,,,,0.0036383485286435083,30.831267673544858,30.86816978528013,30.831267673544858,30.86816978528013,25.101355332040878
,,,,,,,,,,,,,,,,,,,,,,,,,,,,0.0036583394331461162,30.875608881117397,30.891204193657007,30.875608881117397,30.891204193657007,25.10136717770163
,,,,,,,,,,,,,,,,,,,,,,,,,,,,0.003678329029479543,30.889439678249317,30.882315440098704,30.889439678249317,30.882315440098704,25.101379047032445
,,,,,,,,,,,,,,,,,,,,,,,,,,,,0.0036983213083936184,30.88683513057862,30.907122469633094,30.88683513057862,30.907122469633094,25.10139094214603
,,,,,,,,,,,,,,,,,,,,,,,,,,,,0.0037183059800588066,30.903589534487928,30.901873852173647,30.903589534487928,30.901873852173647,25.101402856663654
,,,,,,,,,,,,,,,,,,,,,,,,,,,,0.003738328812239223,30.902201873229426,30.916462425534803,30.902201873229426,30.916462425534803,25.101414817701144
,,,,,,,,,,,,,,,,,,,,,,,,,,,,0.003758334630396905,30.91908271936851,30.895747820476586,30.91908271936851,30.895747820476586,25.10142679213453
,,,,,,,,,,,,,,,,,,,,,,,,,,,,0.003778329471470093,30.951237080060782,30.94737310487704,30.951237080060782,30.94737310487704,25.101438783373606
,,,,,,,,,,,,,,,,,,,,,,,,,,,,0.0037983146328872458,30.934591368881026,30.953525872197805,30.934591368881026,30.953525872197805,25.10145079205257
,,,,,,,,,,,,,,,,,,,,,,,,,,,,0.0038183019552656527,30.959949548182873,30.948630063634123,30.959949548182873,30.948630063634123,25.10146282510791
,,,,,,,,,,,,,,,,,,,,,,,,,,,,0.0038382912169431867,30.956392893864862,30.960090117104322,30.956392893864862,30.960090117104322,25.101474882089015
,,,,,,,,,,,,,,,,,,,,,,,,,,,,0.003858311052373362,30.94661841873205,30.943688514072,30.94661841873205,30.943688514072,25.101486980099256
,,,,,,,,,,,,,,,,,,,,,,,,,,,,0.0038783208689711526,31.022778858132675,30.986249986281745,31.022778858132675,30.986249986281745,25.101499094409284
,,,,,,,,,,,,,,,,,,,,,,,,,,,,0.0038983151539733127,31.00110361868528,31.006376634620526,31.00110361868528,31.006376634620526,25.101511221364003
,,,,,,,,,,,,,,,,,,,,,,,,,,,,0.003918299057003049,31.008058394540175,30.988036468745392,31.008058394540175,30.988036468745392,25.101523363832598
,,,,,,,,,,,,,,,,,,,,,,,,,,,,0.003938287629782535,30.995608436169093,31.007211955840763,30.995608436169093,31.007211955840763,25.101535530757072
,,,,,,,,,,,,,,,,,,,,,,,,,,,,0.00395829152199738,31.008047619603076,30.991386462218376,31.008047619603076,30.991386462218376,25.10154772839887
,,,,,,,,,,,,,,,,,,,,,,,,,,,,0.003978317150133239,30.97263910149917,30.98636027577189,30.97263910149917,30.98636027577189,25.101559960502513
,,,,,,,,,,,,,,,,,,,,,,,,,,,,0.003998304421408088,31.025762520020322,31.069691124132703,31.025762520020322,31.069691124132703,25.10157219014444
,,,,,,,,,,,,,,,,,,,,,,,,,,,,0.004018290299645764,31.082132993281604,31.043153309894013,31.082132993281604,31.043153309894013,25.101584439728803
,,,,,,,,,,,,,,,,,,,,,,,,,,,,0.0040382818554961526,31.028683630268848,31.048745610788963,31.028683630268848,31.048745610788963,25.10159671337408
,,,,,,,,,,,,,,,,,,,,,,,,,,,,0.004058270325838593,31.050665617914568,31.036378927926116,31.050665617914568,31.036378927926116,25.101609005477926
,,,,,,,,,,,,,,,,,,,,,,,,,,,,0.004078276978335276,31.05603518516138,31.056422073380595,31.05603518516138,31.056422073380595,25.101621328934137
,,,,,,,,,,,,,,,,,,,,,,,,,,,,0.004098302390662062,31.031030738914517,31.0208130056627,31.031030738914517,31.0208130056627,25.1016336839932
,,,,,,,,,,,,,,,,,,,,,,,,,,,,0.004118291241624822,31.125971266754373,31.087750758847953,31.125971266754373,31.087750758847953,25.101646036301894
,,,,,,,,,,,,,,,,,,,,,,,,,,,,0.004138275304477579,31.083370569563154,31.123961719554607,31.083370569563154,31.123961719554607,25.10165840527834
,,,,,,,,,,,,,,,,,,,,,,,,,,,,0.004158267736867415,31.09193169029467,31.082792708256758,31.09193169029467,31.082792708256758,25.101670798886047
,,,,,,,,,,,,,,,,,,,,,,,,,,,,0.0041782548803490725,31.070041284243125,31.09259757590417,31.070041284243125,31.09259757590417,25.101683208458077
,,,,,,,,,,,,,,,,,,,,,,,,,,,,0.0041982620825240236,31.08497467170046,31.085888539673743,31.08497467170046,31.085888539673743,25.101695649541313
,,,,,,,,,,,,,,,,,,,,,,,,,,,,0.004218265827797347,31.066135611706567,31.08125181618574,31.066135611706567,31.08125181618574,25.101708107322054
,,,,,,,,,,,,,,,,,,,,,,,,,,,,0.0042382761294222394,31.125350520345684,31.07532663019746,31.125350520345684,31.07532663019746,25.101720587854647
,,,,,,,,,,,,,,,,,,,,,,,,,,,,0.004258267962194232,31.13725489442993,31.141522692132156,31.13725489442993,31.141522692132156,25.10173307533606
,,,,,,,,,,,,,,,,,,,,,,,,,,,,0.004278255390123086,31.114336560826466,31.134001736837927,31.114336560826466,31.134001736837927,25.101745578336285
,,,,,,,,,,,,,,,,,,,,,,,,,,,,0.0042982465244128755,31.123882339105144,31.118918296174964,31.123882339105144,31.118918296174964,25.10175810181724
,,,,,,,,,,,,,,,,,,,,,,,,,,,,0.004318234072773489,31.122243185497588,31.148129911659964,31.122243185497588,31.148129911659964,25.101770641079447
,,,,,,,,,,,,,,,,,,,,,,,,,,,,0.004338252336852772,31.127991863956765,31.127564648585636,31.127991863956765,31.127564648585636,25.10178321755288
,,,,,,,,,,,,,,,,,,,,,,,,,,,,0.004358261927880113,31.12288385451152,31.171301584604528,31.12288385451152,31.171301584604528,25.101795806388235
,,,,,,,,,,,,,,,,,,,,,,,,,,,,0.004378251328003855,31.152535031619504,31.16606699036994,31.152535031619504,31.16606699036994,25.101808400152798
,,,,,,,,,,,,,,,,,,,,,,,,,,,,0.004398242725763772,31.17221358051996,31.15611853431525,31.17221358051996,31.15611853431525,25.101821012609594
,,,,,,,,,,,,,,,,,,,,,,,,,,,,0.004418227239818084,31.168447972784957,31.174288053742597,31.168447972784957,31.174288053742597,25.10183363791922
,,,,,,,,,,,,,,,,,,,,,,,,,,,,0.004438220510816161,31.182243454016096,31.168034913400977,31.182243454016096,31.168034913400977,25.101846285760985
,,,,,,,,,,,,,,,,,,,,,,,,,,,,0.004458237985557842,31.1609652909195,31.164560249872718,31.1609652909195,31.164560249872718,25.101858965766525
,,,,,,,,,,,,,,,,,,,,,,,,,,,,0.0044782452384222945,31.179891390661435,31.146519093471007,31.179891390661435,31.146519093471007,25.10187165603703
,,,,,,,,,,,,,,,,,,,,,,,,,,,,0.004498237391818607,31.211576199499184,31.19150733431003,31.211576199499184,31.19150733431003,25.101884353271377
,,,,,,,,,,,,,,,,,,,,,,,,,,,,0.00451822742576819,31.20754258237421,31.21615467741737,31.20754258237421,31.21615467741737,25.101897065497866
,,,,,,,,,,,,,,,,,,,,,,,,,,,,0.004538213699932534,31.21768226316014,31.20023209402859,31.21768226316014,31.20023209402859,25.101909791462347
,,,,,,,,,,,,,,,,,,,,,,,,,,,,0.0045582059120759175,31.21566571862947,31.218487341776953,31.21566571862947,31.218487341776953,25.101922537255035
,,,,,,,,,,,,,,,,,,,,,,,,,,,,0.004578222220611882,31.20189041177085,31.18727155911369,31.20189041177085,31.18727155911369,25.101935314534444
,,,,,,,,,,,,,,,,,,,,,,,,,,,,0.004598230738647485,31.18661753323583,31.213694256960395,31.18661753323583,31.213694256960395,25.101948102844403
,,,,,,,,,,,,,,,,,,,,,,,,,,,,0.0046182185567373284,31.24537587139044,31.267204077885694,31.24537587139044,31.267204077885694,25.101960893652997
,,,,,,,,,,,,,,,,,,,,,,,,,,,,0.004638210609805335,31.25168142255705,31.237587062371457,31.25168142255705,31.237587062371457,25.10197370266121
,,,,,,,,,,,,,,,,,,,,,,,,,,,,0.0046582001327853785,31.246436795783,31.24955739932035,31.246436795783,31.24955739932035,25.101986525381676
,,,,,,,,,,,,,,,,,,,,,,,,,,,,0.004678189404170196,31.253390203905248,31.260772258805517,31.253390203905248,31.260772258805517,25.101999363112984
,,,,,,,,,,,,,,,,,,,,,,,,,,,,0.004698210668280243,31.229733621038996,31.24144435749882,31.229733621038996,31.24144435749882,25.10201223640633
,,,,,,,,,,,,,,,,,,,,,,,,,,,,0.004718196113184887,31.243754897972444,31.239447418829673,31.243754897972444,31.239447418829673,25.102025101488703
,,,,,,,,,,,,,,,,,,,,,,,,,,,,0.004738201644798753,31.22231843791277,31.268201171944874,31.22231843791277,31.268201171944874,25.10203799418468
,,,,,,,,,,,,,,,,,,,,,,,,,,,,0.0047581927721705814,31.270926794356768,31.281276572107686,31.270926794356768,31.281276572107686,25.102050892196736
,,,,,,,,,,,,,,,,,,,,,,,,,,,,0.0047781821228329805,31.273877485412985,31.273711327466984,31.273877485412985,31.273711327466984,25.102063803499842
,,,,,,,,,,,,,,,,,,,,,,,,,,,,0.004798172459947824,31.258319858179938,31.27147540589981,31.258319858179938,31.27147540589981,25.10207672972044
,,,,,,,,,,,,,,,,,,,,,,,,,,,,0.004818159034408973,31.288236980549005,31.284238610833718,31.288236980549005,31.284238610833718,25.102089667623353
,,,,,,,,,,,,,,,,,,,,,,,,,,,,0.004838177746555573,31.259623373122853,31.264994103887307,31.259623373122853,31.264994103887307,25.102102640372802
,,,,,,,,,,,,,,,,,,,,,,,,,,,,0.0048581872311159,31.29720059904168,31.25935057983015,31.29720059904168,31.25935057983015,25.102115621057962
,,,,,,,,,,,,,,,,,,,,,,,,,,,,0.004878177960725908,31.308361512707485,31.297228938183977,31.308361512707485,31.297228938183977,25.102128603309076
,,,,,,,,,,,,,,,,,,,,,,,,,,,,0.004898167375628205,31.30097687896792,31.305609530548196,31.30097687896792,31.305609530548196,25.10214159828566
,,,,,,,,,,,,,,,,,,,,,,,,,,,,0.0049181534841773265,31.3154867784204,31.320116517746573,31.3154867784204,31.320116517746573,25.10215460454239
,,,,,,,,,,,,,,,,,,,,,,,,,,,,0.0049381479731494,31.30831059021186,31.331133776010343,31.30831059021186,31.331133776010343,25.10216762954252
,,,,,,,,,,,,,,,,,,,,,,,,,,,,0.004958164571078539,31.310199228357117,31.295145086860142,31.310199228357117,31.295145086860142,25.1021806822218
,,,,,,,,,,,,,,,,,,,,,,,,,,,,0.004978174673937592,31.30719971726965,31.35818697239196,31.30719971726965,31.35818697239196,25.102193743859
,,,,,,,,,,,,,,,,,,,,,,,,,,,,0.004998166535472723,31.332976533417643,31.34710332000884,31.332976533417643,31.34710332000884,25.102206806718634
,,,,,,,,,,,,,,,,,,,,,,,,,,,,0.005018151346594212,31.345336925191543,31.33021216237387,31.345336925191543,31.33021216237387,25.10221987803122
,,,,,,,,,,,,,,,,,,,,,,,,,,,,0.005038137417420332,31.32591005429026,31.34224139344379,31.32591005429026,31.34224139344379,25.10223296307987
,,,,,,,,,,,,,,,,,,,,,,,,,,,,0.005058143812100038,31.340998943390975,31.33702182384484,31.340998943390975,31.33702182384484,25.102246074180343
,,,,,,,,,,,,,,,,,,,,,,,,,,,,0.0050781716411121116,31.41003481273535,31.38728763736851,31.41003481273535,31.38728763736851,25.1022592119513
,,,,,,,,,,,,,,,,,,,,,,,,,,,,0.005098156745412214,31.35266547471388,31.397801668562813,31.35266547471388,31.397801668562813,25.102272334191472
,,,,,,,,,,,,,,,,,,,,,,,,,,,,0.0051181456383972,31.42357446608236,31.41035700246625,31.42357446608236,31.41035700246625,25.102285471221382
,,,,,,,,,,,,,,,,,,,,,,,,,,,,0.005138138871422155,31.362330495818668,31.38663287653387,31.362330495818668,31.38663287653387,25.102298623315413
,,,,,,,,,,,,,,,,,,,,,,,,,,,,0.0051581264539331045,31.396624536451867,31.380621137354442,31.396624536451867,31.380621137354442,25.10231178377024
,,,,,,,,,,,,,,,,,,,,,,,,,,,,0.005178128618939393,31.35365399955852,31.357415545902548,31.35365399955852,31.357415545902548,25.102324965748025
,,,,,,,,,,,,,,,,,,,,,,,,,,,,0.005198155184102585,31.350575438972992,31.340356458121796,31.350575438972992,31.340356458121796,25.10233817560301
,,,,,,,,,,,,,,,,,,,,,,,,,,,,0.005218142672031977,31.42933887116658,31.39897184211773,31.42933887116658,31.39897184211773,25.10235137134121
,,,,,,,,,,,,,,,,,,,,,,,,,,,,0.005238127452619622,31.388684847001638,31.426741810946908,31.388684847001638,31.426741810946908,25.102364576868982
,,,,,,,,,,,,,,,,,,,,,,,,,,,,0.005258119983974877,31.399964278797167,31.384395716333586,31.399964278797167,31.384395716333586,25.10237779897704
,,,,,,,,,,,,,,,,,,,,,,,,,,,,0.005278107509582259,31.376992488892054,31.387621461371616,31.376992488892054,31.387621461371616,25.10239102910751
,,,,,,,,,,,,,,,,,,,,,,,,,,,,0.005298117373351103,31.3960409527318,31.380958309519844,31.3960409527318,31.380958309519844,25.102404285254323
,,,,,,,,,,,,,,,,,,,,,,,,,,,,0.005318122529989989,31.374102845650235,31.38918106757087,31.374102845650235,31.38918106757087,25.102417549398165
,,,,,,,,,,,,,,,,,,,,,,,,,,,,0.0053381276595885485,31.395474338847446,31.367611100450585,31.395474338847446,31.367611100450585,25.102430824538352
,,,,,,,,,,,,,,,,,,,,,,,,,,,,0.005358117969068908,31.406816222107928,31.40082849578343,31.406816222107928,31.40082849578343,25.102444100736566
,,,,,,,,,,,,,,,,,,,,,,,,,,,,0.0053781097474916405,31.408811926256323,31.420085782793027,31.408811926256323,31.420085782793027,25.102457388693647
,,,,,,,,,,,,,,,,,,,,,,,,,,,,0.005398102157573769,31.435456630272217,31.446055639350472,31.435456630272217,31.446055639350472,25.102470687744216
,,,,,,,,,,,,,,,,,,,,,,,,,,,,0.005418103006293521,31.414089533365896,31.43078972537868,31.414089533365896,31.43078972537868,25.102484002982017
,,,,,,,,,,,,,,,,,,,,,,,,,,,,0.005438126856833098,31.43327735935369,31.481258011910178,31.43327735935369,31.481258011910178,25.102497344080916
,,,,,,,,,,,,,,,,,,,,,,,,,,,,0.005458113091077657,31.476589764262865,31.440613633825937,31.476589764262865,31.440613633825937,25.102510670582657
,,,,,,,,,,,,,,,,,,,,,,,,,,,,0.00547810437911277,31.41693153897209,31.43388855863112,31.41693153897209,31.43388855863112,25.102524010847034
,,,,,,,,,,,,,,,,,,,,,,,,,,,,0.0054980931634246236,31.439823101783148,31.423796188496443,31.439823101783148,31.423796188496443,25.10253735973762
,,,,,,,,,,,,,,,,,,,,,,,,,,,,0.005518078281188729,31.424757168431313,31.440673502020125,31.424757168431313,31.440673502020125,25.10255071632509
,,,,,,,,,,,,,,,,,,,,,,,,,,,,0.005538085006966469,31.436131832619566,31.441082972737323,31.436131832619566,31.441082972737323,25.102564097364898
,,,,,,,,,,,,,,,,,,,,,,,,,,,,0.005558112567623431,31.51329792507139,31.482471741540724,31.51329792507139,31.482471741540724,25.102577502246778
,,,,,,,,,,,,,,,,,,,,,,,,,,,,0.005578099096388746,31.47192588653356,31.49755060433754,31.47192588653356,31.49755060433754,25.10259088948729
,,,,,,,,,,,,,,,,,,,,,,,,,,,,0.0055980936496346214,31.481524689268344,31.490718198319286,31.481524689268344,31.490718198319286,25.102604291851264
,,,,,,,,,,,,,,,,,,,,,,,,,,,,0.005618079023510922,31.44756084053792,31.46420893213509,31.44756084053792,31.46420893213509,25.10261769770105
,,,,,,,,,,,,,,,,,,,,,,,,,,,,0.005638069647813155,31.450199552553393,31.4488946891943,31.450199552553393,31.4488946891943,25.10263111659483
,,,,,,,,,,,,,,,,,,,,,,,,,,,,0.005658089093494811,31.430505008584287,31.43816854506116,31.430505008584287,31.43816854506116,25.1026445642739
,,,,,,,,,,,,,,,,,,,,,,,,,,,,0.0056780979000275004,31.457863913134496,31.431653872322077,31.457863913134496,31.431653872322077,25.102658014155
,,,,,,,,,,,,,,,,,,,,,,,,,,,,0.005698088663901105,31.475673351012922,31.462109318429103,31.475673351012922,31.462109318429103,25.102671461172278
,,,,,,,,,,,,,,,,,,,,,,,,,,,,0.005718074491119762,31.475605924196856,31.48247465637263,31.475605924196856,31.48247465637263,25.10268491408301
,,,,,,,,,,,,,,,,,,,,,,,,,,,,0.005738063591101288,31.476424384808226,31.468882673501927,31.476424384808226,31.468882673501927,25.102698378284668
,,,,,,,,,,,,,,,,,,,,,,,,,,,,0.005758057100320644,31.500262428807954,31.49348660657218,31.500262428807954,31.49348660657218,25.102711854453688
,,,,,,,,,,,,,,,,,,,,,,,,,,,,0.005778074699612389,31.46278850004045,31.45232703330656,31.46278850004045,31.45232703330656,25.10272535578245
,,,,,,,,,,,,,,,,,,,,,,,,,,,,0.005798086173031218,31.467253599231146,31.518430128070847,31.467253599231146,31.518430128070847,25.102738861808714
,,,,,,,,,,,,,,,,,,,,,,,,,,,,0.0058180727415280695,31.506169025986186,31.524190428945094,31.506169025986186,31.524190428945094,25.102752359742468
,,,,,,,,,,,,,,,,,,,,,,,,,,,,0.005838059006081661,31.503014685934406,31.482685870305904,31.503014685934406,31.482685870305904,25.102765866141656
,,,,,,,,,,,,,,,,,,,,,,,,,,,,0.005858053571481489,31.50262794858604,31.508017293370525,31.50262794858604,31.508017293370525,25.102779386741815
,,,,,,,,,,,,,,,,,,,,,,,,,,,,0.005878043704300623,31.51377577015448,31.50926340972229,31.51377577015448,31.50926340972229,25.10279291283153
,,,,,,,,,,,,,,,,,,,,,,,,,,,,0.005898061542812203,31.505755395467997,31.50721501518325,31.505755395467997,31.50721501518325,25.102806466070486
,,,,,,,,,,,,,,,,,,,,,,,,,,,,0.005918066813108951,31.48082485373679,31.478578237107058,31.48082485373679,31.478578237107058,25.102820019119257
,,,,,,,,,,,,,,,,,,,,,,,,,,,,0.005938054892078389,31.56238637817091,31.529334853640066,31.56238637817091,31.529334853640066,25.102833568745794
,,,,,,,,,,,,,,,,,,,,,,,,,,,,0.005958046326705694,31.50594245435647,31.52262855839477,31.50594245435647,31.52262855839477,25.10284712878165
,,,,,,,,,,,,,,,,,,,,,,,,,,,,0.005978036124116528,31.52610003019292,31.533766150667148,31.52610003019292,31.533766150667148,25.102860695763574
,,,,,,,,,,,,,,,,,,,,,,,,,,,,0.005998041369211366,31.524821181908926,31.52413149079717,31.524821181908926,31.52413149079717,25.102874281235483
,,,,,,,,,,,,,,,,,,,,,,,,,,,,0.006018047118213414,31.5263996923107,31.51032154418894,31.5263996923107,31.51032154418894,25.102887874987598
,,,,,,,,,,,,,,,,,,,,,,,,,,,,0.0060380577679613814,31.571370671653884,31.53314111462228,31.571370671653884,31.53314111462228,25.102901479941536
,,,,,,,,,,,,,,,,,,,,,,,,,,,,0.00605804675991334,31.547978432502124,31.551264613711282,31.547978432502124,31.551264613711282,25.102915077991817
,,,,,,,,,,,,,,,,,,,,,,,,,,,,0.006078036784724221,31.543122558519574,31.52561948057686,31.543122558519574,31.52561948057686,25.10292868455573
,,,,,,,,,,,,,,,,,,,,,,,,,,,,0.0060980253951580365,31.520623282269376,31.528632870498935,31.520623282269376,31.528632870498935,25.10294229795266
,,,,,,,,,,,,,,,,,,,,,,,,,,,,0.00611801212030392,31.54227387184967,31.54178066706458,31.54227387184967,31.54178066706458,25.10295591779644
,,,,,,,,,,,,,,,,,,,,,,,,,,,,0.006138031716882237,31.531806048465075,31.537788546823993,31.531806048465075,31.537788546823993,25.10296956769367
,,,,,,,,,,,,,,,,,,,,,,,,,,,,0.006158041551345239,31.567549958119955,31.51880786769557,31.567549958119955,31.51880786769557,25.10298321845727
,,,,,,,,,,,,,,,,,,,,,,,,,,,,0.006178034108290097,31.557528230797416,31.548560493123293,31.557528230797416,31.548560493123293,25.102996864826043
,,,,,,,,,,,,,,,,,,,,,,,,,,,,0.0061980194956962375,31.534919933606922,31.55791019089191,31.534919933606922,31.55791019089191,25.103010513655825
,,,,,,,,,,,,,,,,,,,,,,,,,,,,0.0062180046215077325,31.543569749057095,31.557175208182706,31.543569749057095,31.557175208182706,25.103024169662604
,,,,,,,,,,,,,,,,,,,,,,,,,,,,0.006237996381958956,31.539511370485695,31.557361298763443,31.539511370485695,31.557361298763443,25.10303783750627
,,,,,,,,,,,,,,,,,,,,,,,,,,,,0.006258017152927209,31.54804000112485,31.565592370988494,31.54804000112485,31.565592370988494,25.103051532429784
,,,,,,,,,,,,,,,,,,,,,,,,,,,,0.006278026493199634,31.528121547363114,31.58632441099121,31.528121547363114,31.58632441099121,25.103065226651765
,,,,,,,,,,,,,,,,,,,,,,,,,,,,0.006298016682043653,31.569733967933022,31.582340543666596,31.569733967933022,31.582340543666596,25.103078914762214
,,,,,,,,,,,,,,,,,,,,,,,,,,,,0.006318001676625241,31.56085377681207,31.55289819408152,31.56085377681207,31.55289819408152,25.103092606221477
,,,,,,,,,,,,,,,,,,,,,,,,,,,,0.006337994289330073,31.5808289750766,31.597471638054312,31.5808289750766,31.597471638054312,25.103106309726893
,,,,,,,,,,,,,,,,,,,,,,,,,,,,0.006357995438247327,31.548179677117545,31.550420464244063,31.548179677117545,31.550420464244063,25.10312002588584
,,,,,,,,,,,,,,,,,,,,,,,,,,,,0.0063780219480661345,31.52834601950844,31.53963239494656,31.52834601950844,31.53963239494656,25.103133766232897
,,,,,,,,,,,,,,,,,,,,,,,,,,,,0.0063980104999707636,31.59009809421732,31.6222264431407,31.59009809421732,31.6222264431407,25.103147487219132
,,,,,,,,,,,,,,,,,,,,,,,,,,,,0.006417999963251207,31.616406995692145,31.599291207646594,31.616406995692145,31.599291207646594,25.103161215408427
,,,,,,,,,,,,,,,,,,,,,,,,,,,,0.006437992021583284,31.580614470559023,31.60351106842089,31.580614470559023,31.60351106842089,25.103174951978023
,,,,,,,,,,,,,,,,,,,,,,,,,,,,0.0064579805132660584,31.607702463571094,31.58409481186045,31.607702463571094,31.58409481186045,25.103188692671914
,,,,,,,,,,,,,,,,,,,,,,,,,,,,0.006477982331878619,31.587788017175388,31.58525844940378,31.587788017175388,31.58525844940378,25.103202449051675
,,,,,,,,,,,,,,,,,,,,,,,,,,,,0.00649800811364306,31.565694867164087,31.55786928881718,31.565694867164087,31.55786928881718,25.10321622836671
,,,,,,,,,,,,,,,,,,,,,,,,,,,,0.006517992886351227,31.553357773530927,31.560545927675644,31.553357773530927,31.560545927675644,25.10322998577233
,,,,,,,,,,,,,,,,,,,,,,,,,,,,0.006537984702105652,31.657729393930506,31.664679710292056,31.657729393930506,31.664679710292056,25.10324375421058
,,,,,,,,,,,,,,,,,,,,,,,,,,,,0.006557972094094095,31.59858656623284,31.581181247083872,31.59858656623284,31.581181247083872,25.103257525740943
,,,,,,,,,,,,,,,,,,,,,,,,,,,,0.0065779616419559565,31.586678740849344,31.605860651830884,31.586678740849344,31.605860651830884,25.103271304888384
,,,,,,,,,,,,,,,,,,,,,,,,,,,,0.006597968326614957,31.591818365711696,31.57855607859594,31.591818365711696,31.57855607859594,25.103285101899395
,,,,,,,,,,,,,,,,,,,,,,,,,,,,0.0066179516519074295,31.57161378030215,31.58845964507894,31.57161378030215,31.58845964507894,25.103298888757905
,,,,,,,,,,,,,,,,,,,,,,,,,,,,0.006637979033681986,31.573744972668695,31.569759905840645,31.573744972668695,31.569759905840645,25.10331271190912
,,,,,,,,,,,,,,,,,,,,,,,,,,,,0.006657965332410161,31.642670279470174,31.613789732529533,31.642670279470174,31.613789732529533,25.103326512545465
,,,,,,,,,,,,,,,,,,,,,,,,,,,,0.006677958025390711,31.600769278405085,31.619515905690633,31.600769278405085,31.619515905690633,25.103340323426014
,,,,,,,,,,,,,,,,,,,,,,,,,,,,0.0066979482235889915,31.61469037257166,31.60197785111921,31.61469037257166,31.60197785111921,25.103354138340595
,,,,,,,,,,,,,,,,,,,,,,,,,,,,0.006717930564591642,31.591706238725646,31.609927536392213,31.591706238725646,31.609927536392213,25.103367953505593
,,,,,,,,,,,,,,,,,,,,,,,,,,,,0.006737936361335078,31.58966068110495,31.59140830022931,31.58966068110495,31.59140830022931,25.103381790497224
,,,,,,,,,,,,,,,,,,,,,,,,,,,,0.006757966918125437,31.66885318752593,31.631228517243617,31.66885318752593,31.631228517243617,25.103395650167208
,,,,,,,,,,,,,,,,,,,,,,,,,,,,0.0067779557901685,31.615838712956062,31.654535912036227,31.615838712956062,31.654535912036227,25.10340948648186
,,,,,,,,,,,,,,,,,,,,,,,,,,,,0.006797946551577331,31.63237223766442,31.614010452041544,31.63237223766442,31.614010452041544,25.10342332960043
,,,,,,,,,,,,,,,,,,,,,,,,,,,,0.006817932656182513,31.611595363676976,31.639734405287022,31.611595363676976,31.639734405287022,25.103437174933333
,,,,,,,,,,,,,,,,,,,,,,,,,,,,0.006837918998949054,31.625968485496607,31.6212224575041,31.625968485496607,31.6212224575041,25.103451025852923
,,,,,,,,,,,,,,,,,,,,,,,,,,,,0.0068579229340647715,31.603592906636166,31.62115446741946,31.603592906636166,31.62115446741946,25.10346489431423
,,,,,,,,,,,,,,,,,,,,,,,,,,,,0.006877948642967976,31.591973774317825,31.590321702297917,31.591973774317825,31.590321702297917,25.103478783153005
,,,,,,,,,,,,,,,,,,,,,,,,,,,,0.006897936759061669,31.675755457051693,31.650411278159922,31.675755457051693,31.650411278159922,25.10349265113369
,,,,,,,,,,,,,,,,,,,,,,,,,,,,0.006917925965987127,31.645379133976718,31.678995724118924,31.645379133976718,31.678995724118924,25.103506525046864
,,,,,,,,,,,,,,,,,,,,,,,,,,,,0.006937917348955608,31.658922237859038,31.62813221306448,31.658922237859038,31.62813221306448,25.103520405636772
,,,,,,,,,,,,,,,,,,,,,,,,,,,,0.006957901487166032,31.62359898510521,31.636793435142042,31.62359898510521,31.636793435142042,25.103534286326152
,,,,,,,,,,,,,,,,,,,,,,,,,,,,0.006977908107037231,31.627856234571116,31.621066446947253,31.627856234571116,31.621066446947253,25.10354818775281
,,,,,,,,,,,,,,,,,,,,,,,,,,,,0.006997934425754891,31.5994161463875,31.61610662326741,31.5994161463875,31.61610662326741,25.10356210798777
,,,,,,,,,,,,,,,,,,,,,,,,,,,,0.007017918963749832,31.607767640155593,31.606460952259244,31.607767640155593,31.606460952259244,25.10357600420874
,,,,,,,,,,,,,,,,,,,,,,,,,,,,0.007037907143277244,31.684727766285793,31.659921369117498,31.684727766285793,31.659921369117498,25.103589907939032
,,,,,,,,,,,,,,,,,,,,,,,,,,,,0.007057900666649873,31.65717882602828,31.66474952378274,31.65717882602828,31.66474952378274,25.10360382031774
,,,,,,,,,,,,,,,,,,,,,,,,,,,,0.007077886912434773,31.646621989481368,31.635995567890735,31.646621989481368,31.635995567890735,25.103617732470155
,,,,,,,,,,,,,,,,,,,,,,,,,,,,0.007097892124035148,31.616980203509343,31.63165725623125,31.616980203509343,31.63165725623125,25.103631662583062
,,,,,,,,,,,,,,,,,,,,,,,,,,,,0.007117877693021305,31.63094959727419,31.62903165822187,31.63094959727419,31.62903165822187,25.103645583687562
,,,,,,,,,,,,,,,,,,,,,,,,,,,,0.007137904735924516,31.62332516000596,31.62493183740922,31.62332516000596,31.62493183740922,25.10365953828958
,,,,,,,,,,,,,,,,,,,,,,,,,,,,0.007157894016437561,31.687006495080656,31.709329130363425,31.687006495080656,31.709329130363425,25.103673471204125
,,,,,,,,,,,,,,,,,,,,,,,,,,,,0.007177884292743734,31.65986183237191,31.650485556305,31.65986183237191,31.650485556305,25.103687409387568
,,,,,,,,,,,,,,,,,,,,,,,,,,,,0.007197874542043883,31.677982390255085,31.67548101730846,31.677982390255085,31.67548101730846,25.103701352060785
,,,,,,,,,,,,,,,,,,,,,,,,,,,,0.0072178675837821765,31.657591926500345,31.660124894526508,31.657591926500345,31.660124894526508,25.10371530123443
,,,,,,,,,,,,,,,,,,,,,,,,,,,,0.007237886108367252,31.639014323447068,31.649786821188474,31.639014323447068,31.649786821188474,25.103729272769296
,,,,,,,,,,,,,,,,,,,,,,,,,,,,0.007257891152317461,31.648037178603104,31.62250706803866,31.648037178603104,31.62250706803866,25.10374323937481
,,,,,,,,,,,,,,,,,,,,,,,,,,,,0.007277882860983409,31.67388032310238,31.65987287735089,31.67388032310238,31.65987287735089,25.103757201125283
,,,,,,,,,,,,,,,,,,,,,,,,,,,,0.007297875957270259,31.654895697963756,31.677660895027053,31.654895697963756,31.677660895027053,25.10377116825001
,,,,,,,,,,,,,,,,,,,,,,,,,,,,0.007317860500145732,31.667724079106122,31.664532404558226,31.667724079106122,31.664532404558226,25.103785133697144
,,,,,,,,,,,,,,,,,,,,,,,,,,,,0.007337848852462763,31.652674875760013,31.666967943151526,31.652674875760013,31.666967943151526,25.10379910601117
,,,,,,,,,,,,,,,,,,,,,,,,,,,,0.007357869558811439,31.66084075020688,31.67010234695901,31.66084075020688,31.67010234695901,25.10381310510491
,,,,,,,,,,,,,,,,,,,,,,,,,,,,0.007377876653061143,31.627733233362296,31.66358796380562,31.627733233362296,31.66358796380562,25.103827098801418
,,,,,,,,,,,,,,,,,,,,,,,,,,,,0.007397866898945831,31.656097472104967,31.688508025307595,31.656097472104967,31.688508025307595,25.103841084775773
,,,,,,,,,,,,,,,,,,,,,,,,,,,,0.007417857575316905,31.691119296818133,31.669926419576157,31.691119296818133,31.669926419576157,25.103855075050436
,,,,,,,,,,,,,,,,,,,,,,,,,,,,0.00743784182405309,31.656902622368357,31.6730448535284,31.656902622368357,31.6730448535284,25.10386906479515
,,,,,,,,,,,,,,,,,,,,,,,,,,,,0.007457834351954496,31.67541290750109,31.670654124064768,31.67541290750109,31.670654124064768,25.103883064343783
,,,,,,,,,,,,,,,,,,,,,,,,,,,,0.007477854502711769,31.654813539814675,31.66147866321503,31.654813539814675,31.66147866321503,25.10389708724132
,,,,,,,,,,,,,,,,,,,,,,,,,,,,0.007497866802111436,31.6849291896208,31.71443953171119,31.6849291896208,31.71443953171119,25.103911108659798
,,,,,,,,,,,,,,,,,,,,,,,,,,,,0.007517850083651333,31.721645143051127,31.691135171760884,31.721645143051127,31.691135171760884,25.103925113679075
,,,,,,,,,,,,,,,,,,,,,,,,,,,,0.007537841497390047,31.717450242424714,31.712504580838196,31.717450242424714,31.712504580838196,25.103939128243915
,,,,,,,,,,,,,,,,,,,,,,,,,,,,0.007557831160877617,31.710219135186055,31.69564115274164,31.710219135186055,31.69564115274164,25.103953145452017
,,,,,,,,,,,,,,,,,,,,,,,,,,,,0.007577819259804917,31.674685340164817,31.680829251719558,31.674685340164817,31.680829251719558,25.103967165381295
,,,,,,,,,,,,,,,,,,,,,,,,,,,,0.00759783881643776,31.663564327362963,31.665081674897998,31.663564327362963,31.665081674897998,25.10398121112513
,,,,,,,,,,,,,,,,,,,,,,,,,,,,0.0076178245801932455,31.67598199775705,31.673425297595564,31.67598199775705,31.673425297595564,25.103995236845766
,,,,,,,,,,,,,,,,,,,,,,,,,,,,0.007637838738366468,31.698302404045403,31.725682795009277,31.698302404045403,31.725682795009277,25.10400928613138
,,,,,,,,,,,,,,,,,,,,,,,,,,,,0.007657828015414412,31.705012986202448,31.693833513152406,31.705012986202448,31.693833513152406,25.10402332153323
,,,,,,,,,,,,,,,,,,,,,,,,,,,,0.007677816522705572,31.687677790264033,31.70229270580314,31.687677790264033,31.70229270580314,25.10403735993221
,,,,,,,,,,,,,,,,,,,,,,,,,,,,0.00769780534765834,31.689796115437154,31.687393638646626,31.689796115437154,31.687393638646626,25.10405140205918
,,,,,,,,,,,,,,,,,,,,,,,,,,,,0.0077177890811167766,31.669722496570536,31.69017934140619,31.669722496570536,31.69017934140619,25.104065444065903
,,,,,,,,,,,,,,,,,,,,,,,,,,,,0.007737810061188418,31.67790944702429,31.663684292617607,31.67790944702429,31.663684292617607,25.104079515656164
,,,,,,,,,,,,,,,,,,,,,,,,,,,,0.00775782200054369,31.724612769626482,31.71417618633096,31.724612769626482,31.71417618633096,25.10409358426245
,,,,,,,,,,,,,,,,,,,,,,,,,,,,0.007777813204952836,31.690871499446377,31.717438441680663,31.690871499446377,31.717438441680663,25.104107641622782
,,,,,,,,,,,,,,,,,,,,,,,,,,,,0.007797799377353703,31.707792953106775,31.694690648156218,31.707792953106775,31.694690648156218,25.10412169877148
,,,,,,,,,,,,,,,,,,,,,,,,,,,,0.007817786966293476,31.70792709930895,31.729925738232435,31.70792709930895,31.729925738232435,25.104135760291854
,,,,,,,,,,,,,,,,,,,,,,,,,,,,0.007837778321462584,31.70276781919823,31.695486369199923,31.70276781919823,31.695486369199923,25.10414982776464
,,,,,,,,,,,,,,,,,,,,,,,,,,,,0.007857797401605755,31.67779693547792,31.690018812195113,31.67779693547792,31.690018812195113,25.10416391801816
,,,,,,,,,,,,,,,,,,,,,,,,,,,,0.00787780306839849,31.696433162241807,31.668915672115425,31.696433162241807,31.668915672115425,25.104178002088858
,,,,,,,,,,,,,,,,,,,,,,,,,,,,0.007897794392606286,31.717388182843436,31.702186367077637,31.717388182843436,31.702186367077637,25.10419207935341
,,,,,,,,,,,,,,,,,,,,,,,,,,,,0.00791778329872537,31.70922016980705,31.716611823128854,31.70922016980705,31.716611823128854,25.104206158136666
,,,,,,,,,,,,,,,,,,,,,,,,,,,,0.007937772870676547,31.72000224182965,31.700072110706632,31.72000224182965,31.700072110706632,25.10422024052488
,,,,,,,,,,,,,,,,,,,,,,,,,,,,0.007957764462818422,31.705055773184434,31.728053094732406,31.705055773184434,31.728053094732406,25.10423432743988
,,,,,,,,,,,,,,,,,,,,,,,,,,,,0.00797778361373631,31.705259302509038,31.689606941981097,31.705259302509038,31.689606941981097,25.10424843691028
,,,,,,,,,,,,,,,,,,,,,,,,,,,,0.007997792766865063,31.75536206514681,31.727302942256678,31.75536206514681,31.727302942256678,25.104262542476107
,,,,,,,,,,,,,,,,,,,,,,,,,,,,0.008017776548342318,31.745365133572058,31.691793268920286,31.745365133572058,31.691793268920286,25.1042766332792
,,,,,,,,,,,,,,,,,,,,,,,,,,,,0.008037768323674718,31.745827883741985,31.72593944394197,31.745827883741985,31.72593944394197,25.104290732779
,,,,,,,,,,,,,,,,,,,,,,,,,,,,0.008057756065860962,31.7250242829678,31.73347544446845,31.7250242829678,31.73347544446845,25.1043048324235
,,,,,,,,,,,,,,,,,,,,,,,,,,,,0.00807774761160536,31.728397113220282,31.736870098294872,31.728397113220282,31.736870098294872,25.10431893769505
,,,,,,,,,,,,,,,,,,,,,,,,,,,,0.008097764647998265,31.68229437579684,31.68899572302446,31.68229437579684,31.68899572302446,25.104333063865194
,,,,,,,,,,,,,,,,,,,,,,,,,,,,0.008117750333360442,31.69900581871639,31.694907586550922,31.69900581871639,31.694907586550922,25.104347170764218
,,,,,,,,,,,,,,,,,,,,,,,,,,,,0.00813776058955333,31.6820999850683,31.738258462907925,31.6820999850683,31.738258462907925,25.104361297815874
,,,,,,,,,,,,,,,,,,,,,,,,,,,,0.008157750785188688,31.71849193555892,31.73827293645594,31.71849193555892,31.73827293645594,25.104375413487453
,,,,,,,,,,,,,,,,,,,,,,,,,,,,0.008177741721954885,31.74038177396655,31.742404427498354,31.74038177396655,31.742404427498354,25.104389532436418
,,,,,,,,,,,,,,,,,,,,,,,,,,,,0.00819773202959312,31.72604967122455,31.727887172801953,31.72604967122455,31.727887172801953,25.104403653675224
,,,,,,,,,,,,,,,,,,,,,,,,,,,,0.008217733649303912,31.72199699975329,31.706936676525263,31.72199699975329,31.706936676525263,25.104417785653805
,,,,,,,,,,,,,,,,,,,,,,,,,,,,0.008237756481189818,31.67669644555886,31.691621185135222,31.67669644555886,31.691621185135222,25.104431935434597
,,,,,,,,,,,,,,,,,,,,,,,,,,,,0.008257745323480023,31.749416012862373,31.77271518845503,31.749416012862373,31.77271518845503,25.104446064020895
,,,,,,,,,,,,,,,,,,,,,,,,,,,,0.008277736780235155,31.72925282858987,31.723988548029496,31.72925282858987,31.723988548029496,25.10446019723204
,,,,,,,,,,,,,,,,,,,,,,,,,,,,0.008297725951281214,31.728392229531487,31.743260900007282,31.728392229531487,31.743260900007282,25.104474331545685
,,,,,,,,,,,,,,,,,,,,,,,,,,,,0.008317716802144064,31.72699899137452,31.73919010381323,31.72699899137452,31.73919010381323,25.104488469717793
,,,,,,,,,,,,,,,,,,,,,,,,,,,,0.008337739283793076,31.700376159593358,31.727422787387688,31.700376159593358,31.727422787387688,25.10450263294463
,,,,,,,,,,,,,,,,,,,,,,,,,,,,0.008357747945626357,31.736613849911986,31.773857597968927,31.736613849911986,31.773857597968927,25.104516789049637
,,,,,,,,,,,,,,,,,,,,,,,,,,,,0.008377735234999451,31.746124021905345,31.727214954612062,31.746124021905345,31.727214954612062,25.104530932620992
,,,,,,,,,,,,,,,,,,,,,,,,,,,,0.008397725581521695,31.73007008674809,31.74332245814025,31.73007008674809,31.74332245814025,25.10454508088912
,,,,,,,,,,,,,,,,,,,,,,,,,,,,0.008417713125900802,31.743722714131472,31.745962200111475,31.743722714131472,31.745962200111475,25.10455922972333
,,,,,,,,,,,,,,,,,,,,,,,,,,,,0.00843771832044818,31.717794802810236,31.733483517996714,31.717794802810236,31.733483517996714,25.10457339368991
,,,,,,,,,,,,,,,,,,,,,,,,,,,,0.008457745061917819,31.75529244227811,31.791600559662907,31.75529244227811,31.791600559662907,25.104587575550305
,,,,,,,,,,,,,,,,,,,,,,,,,,,,0.008477729112926173,31.776541607824296,31.74315589085312,31.776541607824296,31.74315589085312,25.10460172974613
,,,,,,,,,,,,,,,,,,,,,,,,,,,,0.008497721306160862,31.731441654172574,31.743284049469388,31.731441654172574,31.743284049469388,25.10461589227672
,,,,,,,,,,,,,,,,,,,,,,,,,,,,0.008517706932720043,31.73968437439614,31.73155457672072,31.73968437439614,31.73155457672072,25.104630052689117
,,,,,,,,,,,,,,,,,,,,,,,,,,,,0.008537695343517247,31.732277813113804,31.744538430387763,31.732277813113804,31.744538430387763,25.10464421762071
,,,,,,,,,,,,,,,,,,,,,,,,,,,,0.008557700675421298,31.725085210482664,31.71953531589177,31.725085210482664,31.71953531589177,25.10465839702767
,,,,,,,,,,,,,,,,,,,,,,,,,,,,0.008577727002748323,31.700828446925357,31.708428455548134,31.700828446925357,31.708428455548134,25.10467259371099
,,,,,,,,,,,,,,,,,,,,,,,,,,,,0.008597718811807735,31.79957202191564,31.820585321603566,31.79957202191564,31.820585321603566,25.10468676824183
,,,,,,,,,,,,,,,,,,,,,,,,,,,,0.008617708778492347,31.760029944203893,31.7438454070322,31.760029944203893,31.7438454070322,25.10470094381284
,,,,,,,,,,,,,,,,,,,,,,,,,,,,0.00863769604674472,31.74225531691596,31.750409115772875,31.74225531691596,31.750409115772875,25.104715119800826
,,,,,,,,,,,,,,,,,,,,,,,,,,,,0.008657689389260457,31.76782355354527,31.753754418759094,31.76782355354527,31.753754418759094,25.104729302347632
,,,,,,,,,,,,,,,,,,,,,,,,,,,,0.008677708088916209,31.715736972710545,31.7444435207777,31.715736972710545,31.7444435207777,25.10474350507911
,,,,,,,,,,,,,,,,,,,,,,,,,,,,0.008697717595656929,31.750579202246083,31.79321180360529,31.750579202246083,31.79321180360529,25.104757703486946
,,,,,,,,,,,,,,,,,,,,,,,,,,,,0.008717700767318004,31.787957288899328,31.754439820987024,31.787957288899328,31.754439820987024,25.104771885406578
,,,,,,,,,,,,,,,,,,,,,,,,,,,,0.008737694998306973,31.740394036575907,31.76680340479092,31.740394036575907,31.76680340479092,25.10478607729783
,,,,,,,,,,,,,,,,,,,,,,,,,,,,0.008757680050995599,31.75107399157099,31.734228409389242,31.75107399157099,31.734228409389242,25.104800264765085
,,,,,,,,,,,,,,,,,,,,,,,,,,,,0.008777671611101484,31.74300746809832,31.743033105775098,31.74300746809832,31.743033105775098,25.10481445891781
,,,,,,,,,,,,,,,,,,,,,,,,,,,,0.008797690779496095,31.72645945626708,31.71742393511534,31.72645945626708,31.71742393511534,25.10482867478047
,,,,,,,,,,,,,,,,,,,,,,,,,,,,0.008817698243354787,31.707036140283883,31.728132168058753,31.707036140283883,31.728132168058753,25.104842884435136
,,,,,,,,,,,,,,,,,,,,,,,,,,,,0.008837685512965883,31.75977198215628,31.799728217967946,31.75977198215628,31.799728217967946,25.104857081812543
,,,,,,,,,,,,,,,,,,,,,,,,,,,,0.008857678013302762,31.759005135152947,31.753335772720863,31.759005135152947,31.753335772720863,25.104871284987638
,,,,,,,,,,,,,,,,,,,,,,,,,,,,0.00887766926504601,31.754954037767572,31.768104547960327,31.754954037767572,31.768104547960327,25.10488548934309
,,,,,,,,,,,,,,,,,,,,,,,,,,,,0.008897673990964342,31.757622018210174,31.760268825077336,31.757622018210174,31.760268825077336,25.104899705428643
,,,,,,,,,,,,,,,,,,,,,,,,,,,,0.008917659690270467,31.74557647073636,31.754277341982664,31.74557647073636,31.754277341982664,25.104913910129422
,,,,,,,,,,,,,,,,,,,,,,,,,,,,0.008937683322122993,31.736613640464952,31.712443641759894,31.736613640464952,31.712443641759894,25.104928143838052
,,,,,,,,,,,,,,,,,,,,,,,,,,,,0.008957670332295234,31.802272288365934,31.761632380770692,31.802272288365934,31.761632380770692,25.10494235355027
,,,,,,,,,,,,,,,,,,,,,,,,,,,,0.008977662085469448,31.748280993080567,31.75736383990889,31.748280993080567,31.75736383990889,25.104956568649467
,,,,,,,,,,,,,,,,,,,,,,,,,,,,0.008997650368889436,31.75468774688502,31.74300824705393,31.75468774688502,31.74300824705393,25.10497078323154
,,,,,,,,,,,,,,,,,,,,,,,,,,,,0.009017635557443981,31.742757450408394,31.76248002018476,31.742757450408394,31.76248002018476,25.104984997495862
,,,,,,,,,,,,,,,,,,,,,,,,,,,,0.00903764207945403,31.753185394348282,31.743346132785817,31.753185394348282,31.743346132785817,25.104999228798846
,,,,,,,,,,,,,,,,,,,,,,,,,,,,0.00905766909310142,31.737747108252684,31.741100792293576,31.737747108252684,31.741100792293576,25.10501347655489
,,,,,,,,,,,,,,,,,,,,,,,,,,,,0.009077657266621731,31.77680525846645,31.796645824600276,31.77680525846645,31.796645824600276,25.105027698537477
,,,,,,,,,,,,,,,,,,,,,,,,,,,,0.009097648571052962,31.773714254717852,31.75756777362763,31.773714254717852,31.75756777362763,25.10504192462604
,,,,,,,,,,,,,,,,,,,,,,,,,,,,0.009117636301940122,31.76143132210779,31.774073534176253,31.76143132210779,31.774073534176253,25.105056149986094
,,,,,,,,,,,,,,,,,,,,,,,,,,,,0.009137623955662488,31.785116678357575,31.78305747981201,31.785116678357575,31.78305747981201,25.105070377034696
,,,,,,,,,,,,,,,,,,,,,,,,,,,,0.00915762957681593,31.765632697575864,31.76705818998351,31.765632697575864,31.76705818998351,25.105084618584335
,,,,,,,,,,,,,,,,,,,,,,,,,,,,0.009177656256730614,31.784770262620892,31.832488121018013,31.784770262620892,31.832488121018013,25.10509887679965
,,,,,,,,,,,,,,,,,,,,,,,,,,,,0.009197644576370815,31.83020424700641,31.821759310239337,31.83020424700641,31.821759310239337,25.10511310934866
,,,,,,,,,,,,,,,,,,,,,,,,,,,,0.009217635969933144,31.778225180785896,31.803522084014578,31.778225180785896,31.803522084014578,25.10512734572262
,,,,,,,,,,,,,,,,,,,,,,,,,,,,0.009237621389803045,31.771925091848022,31.756698145562822,31.771925091848022,31.756698145562822,25.105141579472786
,,,,,,,,,,,,,,,,,,,,,,,,,,,,0.009257612772084606,31.74779699541522,31.77181056847942,31.74779699541522,31.77181056847942,25.10515581915986
,,,,,,,,,,,,,,,,,,,,,,,,,,,,0.009277632231471232,31.74888829835616,31.743655043557485,31.74888829835616,31.743655043557485,25.105170080549367
,,,,,,,,,,,,,,,,,,,,,,,,,,,,0.00929764283633237,31.73803025039964,31.786308364325873,31.73803025039964,31.786308364325873,25.105184337363802
,,,,,,,,,,,,,,,,,,,,,,,,,,,,0.00931763048301278,31.775760763014684,31.80815977861889,31.775760763014684,31.80815977861889,25.105198579537937
,,,,,,,,,,,,,,,,,,,,,,,,,,,,0.009337620427849568,31.784873330446736,31.761138466200922,31.784873330446736,31.761138466200922,25.105212825087527
,,,,,,,,,,,,,,,,,,,,,,,,,,,,0.009357610116077492,31.80994019007161,31.795812316933905,31.80994019007161,31.795812316933905,25.105227072121686
,,,,,,,,,,,,,,,,,,,,,,,,,,,,0.009377613310277883,31.762234166959505,31.770969614422107,31.762234166959505,31.770969614422107,25.105241330385905
,,,,,,,,,,,,,,,,,,,,,,,,,,,,0.009397638585148464,31.730840451205427,31.740355225303283,31.730840451205427,31.740355225303283,25.10525560606438
,,,,,,,,,,,,,,,,,,,,,,,,,,,,0.009417626987940545,31.792028216418835,31.825855873502093,31.792028216418835,31.825855873502093,25.10526985715373
,,,,,,,,,,,,,,,,,,,,,,,,,,,,0.009437611087433836,31.815912362272783,31.77538579875258,31.815912362272783,31.77538579875258,25.105284106780257
,,,,,,,,,,,,,,,,,,,,,,,,,,,,0.009457608412851369,31.77240141904896,31.801164190907716,31.77240141904896,31.801164190907716,25.10529836737979
,,,,,,,,,,,,,,,,,,,,,,,,,,,,0.009477596091126542,31.784346323131707,31.776454442361104,31.784346323131707,31.776454442361104,25.105312622586368
,,,,,,,,,,,,,,,,,,,,,,,,,,,,0.009497600155319938,31.773740806806323,31.779231015338194,31.773740806806323,31.779231015338194,25.105326890935334
,,,,,,,,,,,,,,,,,,,,,,,,,,,,0.009517603552726512,31.760124419636284,31.7506421141266,31.760124419636284,31.7506421141266,25.105341160240464
,,,,,,,,,,,,,,,,,,,,,,,,,,,,0.009537613342992472,31.743344055030278,31.79805620147192,31.743344055030278,31.79805620147192,25.10535543551618
,,,,,,,,,,,,,,,,,,,,,,,,,,,,0.00955760302757767,31.774266706442813,31.786276853290598,31.774266706442813,31.786276853290598,25.10536969783824
,,,,,,,,,,,,,,,,,,,,,,,,,,,,0.009577594575023734,31.79823321306331,31.79847145622671,31.79823321306331,31.79847145622671,25.105383962852624
,,,,,,,,,,,,,,,,,,,,,,,,,,,,0.009597583017826466,31.759705540508374,31.768214274756488,31.759705540508374,31.768214274756488,25.10539822700838
,,,,,,,,,,,,,,,,,,,,,,,,,,,,0.009617583375756286,31.765011185770966,31.765320914617355,31.765011185770966,31.765320914617355,25.10541250104571
,,,,,,,,,,,,,,,,,,,,,,,,,,,,0.009637610273054724,31.746732234278145,31.750361811381442,31.746732234278145,31.750361811381442,25.105426795512958
,,,,,,,,,,,,,,,,,,,,,,,,,,,,0.009657597432081047,31.795570738257258,31.830745452013257,31.795570738257258,31.830745452013257,25.105441063107847
,,,,,,,,,,,,,,,,,,,,,,,,,,,,0.009677590704316915,31.794756182947875,31.796711572437165,31.794756182947875,31.796711572437165,25.105455336557693
,,,,,,,,,,,,,,,,,,,,,,,,,,,,0.009697580552582354,31.77987104782707,31.788143325801595,31.77987104782707,31.788143325801595,25.105469609037705
,,,,,,,,,,,,,,,,,,,,,,,,,,,,0.009717565539035055,31.807885472410568,31.79012226055923,31.807885472410568,31.79012226055923,25.105483879542966
,,,,,,,,,,,,,,,,,,,,,,,,,,,,0.009737571905946629,31.767122121430305,31.783809292610744,31.767122121430305,31.783809292610744,25.105498166811824
,,,,,,,,,,,,,,,,,,,,,,,,,,,,0.009757596236722793,31.82029943597687,31.863457344190248,31.82029943597687,31.863457344190248,25.1055124683345
,,,,,,,,,,,,,,,,,,,,,,,,,,,,0.009777587609738904,31.820737930109363,31.791152104852088,31.820737930109363,31.791152104852088,25.10552674767122
,,,,,,,,,,,,,,,,,,,,,,,,,,,,0.009797578005696028,31.799694249791656,31.815544258296235,31.799694249791656,31.815544258296235,25.105541027679024
,,,,,,,,,,,,,,,,,,,,,,,,,,,,0.009817560654947925,31.792925535955675,31.790846745835815,31.792925535955675,31.790846745835815,25.105555303475665
,,,,,,,,,,,,,,,,,,,,,,,,,,,,0.009837549658026525,31.7981665740391,31.799218654971373,31.7981665740391,31.799218654971373,25.105569585071837
,,,,,,,,,,,,,,,,,,,,,,,,,,,,0.00985755511279085,31.792023557948003,31.797495800393683,31.792023557948003,31.797495800393683,25.105583879632377
,,,,,,,,,,,,,,,,,,,,,,,,,,,,0.00987758328430175,31.84341896927453,31.80616369438607,31.84341896927453,31.80616369438607,25.1055981916057
,,,,,,,,,,,,,,,,,,,,,,,,,,,,0.009897572653352964,31.7922353801527,31.81941082500616,31.7922353801527,31.81941082500616,25.105612477010258
,,,,,,,,,,,,,,,,,,,,,,,,,,,,0.00991755554490272,31.826345972536224,31.79924087040721,31.826345972536224,31.79924087040721,25.10562675892407
,,,,,,,,,,,,,,,,,,,,,,,,,,,,0.00993754706839733,31.7898683917937,31.794734281785534,31.7898683917937,31.794734281785534,25.105641048190936
,,,,,,,,,,,,,,,,,,,,,,,,,,,,0.009957532919878184,31.78204060439988,31.780453895833073,31.78204060439988,31.780453895833073,25.105655334571274
,,,,,,,,,,,,,,,,,,,,,,,,,,,,0.00997753939825858,31.787704853593024,31.781171163099177,31.787704853593024,31.781171163099177,25.105669636842993
,,,,,,,,,,,,,,,,,,,,,,,,,,,,0.009997566852735416,31.820326182745237,31.85283577153915,31.820326182745237,31.85283577153915,25.105683955262542
,,,,,,,,,,,,,,,,,,,,,,,,,,,,0.010017553518777358,31.856416450478793,31.814294747795167,31.856416450478793,31.814294747795167,25.10569824571398
,,,,,,,,,,,,,,,,,,,,,,,,,,,,0.010037537813803224,31.795077982054327,31.8333247472487,31.795077982054327,31.8333247472487,25.10571253564286
,,,,,,,,,,,,,,,,,,,,,,,,,,,,0.010057531009524851,31.798058667838596,31.78677674317831,31.798058667838596,31.78677674317831,25.105726833131932
,,,,,,,,,,,,,,,,,,,,,,,,,,,,0.010077517665597302,31.7715167271286,31.794197808379266,31.7715167271286,31.794197808379266,25.1057411270845
,,,,,,,,,,,,,,,,,,,,,,,,,,,,0.01009752367053306,31.77179336732106,31.76971927969142,31.77179336732106,31.76971927969142,25.105755435985362
,,,,,,,,,,,,,,,,,,,,,,,,,,,,0.010117529400712746,31.766327586692025,31.778464364914157,31.766327586692025,31.778464364914157,25.105769745809937
,,,,,,,,,,,,,,,,,,,,,,,,,,,,0.010137542110701466,31.847352415250224,31.779832003064136,31.847352415250224,31.779832003064136,25.105784061793518
,,,,,,,,,,,,,,,,,,,,,,,,,,,,0.010157530522003924,31.802941626208096,31.79290738501761,31.802941626208096,31.79290738501761,25.105798361511784
,,,,,,,,,,,,,,,,,,,,,,,,,,,,0.010177519434481376,31.7979831620112,31.807386335465818,31.7979831620112,31.807386335465818,25.10581266269728
,,,,,,,,,,,,,,,,,,,,,,,,,,,,0.010197510418168305,31.798319200588274,31.791835561404287,31.798319200588274,31.791835561404287,25.105826966499652
,,,,,,,,,,,,,,,,,,,,,,,,,,,,0.01021751008781324,31.788797132053325,31.791975442903887,31.788797132053325,31.791975442903887,25.105841277605126
,,,,,,,,,,,,,,,,,,,,,,,,,,,,0.010237535772561847,31.76649613235656,31.764957857272563,31.76649613235656,31.764957857272563,25.10585560836027
,,,,,,,,,,,,,,,,,,,,,,,,,,,,0.010257527216783333,31.833885602234524,31.809149425146423,31.833885602234524,31.809149425146423,25.105869915628197
,,,,,,,,,,,,,,,,,,,,,,,,,,,,0.010277518968040971,31.78869140729049,31.80763108052187,31.78869140729049,31.80763108052187,25.10588422416802
,,,,,,,,,,,,,,,,,,,,,,,,,,,,0.01029750576671812,31.810216005072085,31.815856151701215,31.810216005072085,31.815856151701215,25.105898530168968
,,,,,,,,,,,,,,,,,,,,,,,,,,,,0.010317490094573866,31.80100216817338,31.80466156456306,31.80100216817338,31.80466156456306,25.105912835364606
,,,,,,,,,,,,,,,,,,,,,,,,,,,,0.010337496898399785,31.795287237879116,31.799383353430386,31.795287237879116,31.799383353430386,25.105927157611458
,,,,,,,,,,,,,,,,,,,,,,,,,,,,0.010357523216699997,31.843470570390767,31.813320631245087,31.843470570390767,31.813320631245087,25.105941494829114
,,,,,,,,,,,,,,,,,,,,,,,,,,,,0.010377508641361761,31.802970606194812,31.84769574752813,31.802970606194812,31.84769574752813,25.105955803744717
,,,,,,,,,,,,,,,,,,,,,,,,,,,,0.01039749991168747,31.799396792079175,31.781978206495346,31.799396792079175,31.781978206495346,25.105970117857602
,,,,,,,,,,,,,,,,,,,,,,,,,,,,0.010417486941304987,31.79940109506281,31.811832484156493,31.79940109506281,31.811832484156493,25.105984429926036
,,,,,,,,,,,,,,,,,,,,,,,,,,,,0.010437474992156293,31.800551592489345,31.80475854037514,31.800551592489345,31.80475854037514,25.105998743716814
,,,,,,,,,,,,,,,,,,,,,,,,,,,,0.0104574831597035,31.79010717379362,31.798728205080312,31.79010717379362,31.798728205080312,25.10601307286479
,,,,,,,,,,,,,,,,,,,,,,,,,,,,0.010477505854461012,31.764316611958836,31.75819573217212,31.764316611958836,31.75819573217212,25.106027413428283
,,,,,,,,,,,,,,,,,,,,,,,,,,,,0.010497493655241096,31.84835080829572,31.805111555095984,31.84835080829572,31.805111555095984,25.106041730061992
,,,,,,,,,,,,,,,,,,,,,,,,,,,,0.010517484011419767,31.806887294039758,31.849801037430638,31.806887294039758,31.849801037430638,25.106056049539465
,,,,,,,,,,,,,,,,,,,,,,,,,,,,0.010537475359859924,31.81605889655222,31.794165238024913,31.81605889655222,31.794165238024913,25.10607037079806
,,,,,,,,,,,,,,,,,,,,,,,,,,,,0.010557462113573904,31.7923706008449,31.812673771728416,31.7923706008449,31.812673771728416,25.106084689813514
,,,,,,,,,,,,,,,,,,,,,,,,,,,,0.010577466986343285,31.816607922203765,31.816639288734457,31.816607922203765,31.816639288734457,25.106099022769587
,,,,,,,,,,,,,,,,,,,,,,,,,,,,0.010597493469140525,31.85310516236316,31.813970926736907,31.85310516236316,31.813970926736907,25.106113372110283
,,,,,,,,,,,,,,,,,,,,,,,,,,,,0.010617477350116969,31.774542312370418,31.76546967016418,31.774542312370418,31.76546967016418,25.10612769178546
,,,,,,,,,,,,,,,,,,,,,,,,,,,,0.010637464897285528,31.837512962298472,31.8150380189097,31.837512962298472,31.8150380189097,25.106142014915022
,,,,,,,,,,,,,,,,,,,,,,,,,,,,0.010657456037521433,31.794904569413394,31.801260431929276,31.794904569413394,31.801260431929276,25.106156341449545
,,,,,,,,,,,,,,,,,,,,,,,,,,,,0.010677443588601941,31.80001021154508,31.78428431728213,31.80001021154508,31.78428431728213,25.106170666268667
,,,,,,,,,,,,,,,,,,,,,,,,,,,,0.010697449860770087,31.77555613659282,31.792890594740935,31.77555613659282,31.792890594740935,25.106185005321002
,,,,,,,,,,,,,,,,,,,,,,,,,,,,0.010717456741772385,31.80119566215965,31.80418482240141,31.80119566215965,31.80418482240141,25.106199345635755
,,,,,,,,,,,,,,,,,,,,,,,,,,,,0.010737463846909701,31.76128697269667,31.795435795678223,31.76128697269667,31.795435795678223,25.106213686989957
,,,,,,,,,,,,,,,,,,,,,,,,,,,,0.010757455416147364,31.802020024311464,31.819639453570986,31.802020024311464,31.819639453570986,25.106228018054516
,,,,,,,,,,,,,,,,,,,,,,,,,,,,0.010777447632098959,31.8286837769858,31.840002485467505,31.8286837769858,31.840002485467505,25.10624235046069
,,,,,,,,,,,,,,,,,,,,,,,,,,,,0.010797438460171928,31.82943525767451,31.827036407747112,31.82943525767451,31.827036407747112,25.106256682711884
,,,,,,,,,,,,,,,,,,,,,,,,,,,,0.010817424882027252,31.818960064007015,31.806609562645107,31.818960064007015,31.806609562645107,25.106271012590078
,,,,,,,,,,,,,,,,,,,,,,,,,,,,0.010837441179858869,31.7906865513458,31.789273864185525,31.7906865513458,31.789273864185525,25.10628536469265
,,,,,,,,,,,,,,,,,,,,,,,,,,,,0.010857450907948225,31.82214215012149,31.768837552014904,31.82214215012149,31.768837552014904,25.106299712875174
,,,,,,,,,,,,,,,,,,,,,,,,,,,,0.010877439522432947,31.803237362544316,31.796381565486282,31.803237362544316,31.796381565486282,25.10631404666151
,,,,,,,,,,,,,,,,,,,,,,,,,,,,0.010897430037866874,31.799438825314112,31.80787790393966,31.799438825314112,31.80787790393966,25.10632838252322
,,,,,,,,,,,,,,,,,,,,,,,,,,,,0.010917415859040677,31.808545333212972,31.8030467404699,31.808545333212972,31.8030467404699,25.106342715737714
,,,,,,,,,,,,,,,,,,,,,,,,,,,,0.01093742073803954,31.790714003340575,31.795975220774256,31.790714003340575,31.795975220774256,25.106357063405646
,,,,,,,,,,,,,,,,,,,,,,,,,,,,0.010957451039378277,31.835264088931066,31.86713762104988,31.835264088931066,31.86713762104988,25.106371430140744
,,,,,,,,,,,,,,,,,,,,,,,,,,,,0.010977435779869463,31.870380446342445,31.83006990642286,31.870380446342445,31.83006990642286,25.106385765073608
,,,,,,,,,,,,,,,,,,,,,,,,,,,,0.01099742732374734,31.812804112900906,31.813107512046553,31.812804112900906,31.813107512046553,25.106400105817542
,,,,,,,,,,,,,,,,,,,,,,,,,,,,0.011017416229166042,31.81663468577285,31.8179519806989,31.81663468577285,31.8179519806989,25.106414445618036
,,,,,,,,,,,,,,,,,,,,,,,,,,,,0.011037409046258367,31.839123274859517,31.828872526414525,31.839123274859517,31.828872526414525,25.106428789150005
,,,,,,,,,,,,,,,,,,,,,,,,,,,,0.011057429752585021,31.798215140336467,31.7845981695037,31.798215140336467,31.7845981695037,25.106443153518832
,,,,,,,,,,,,,,,,,,,,,,,,,,,,0.011077439881028177,31.839370097157435,31.828205669904627,31.839370097157435,31.828205669904627,25.106457511041523
,,,,,,,,,,,,,,,,,,,,,,,,,,,,0.01109742657483663,31.818136118478197,31.817287554630106,31.818136118478197,31.817287554630106,25.106471852431767
,,,,,,,,,,,,,,,,,,,,,,,,,,,,0.011117411510296795,31.81234205551696,31.797508865959024,31.81234205551696,31.797508865959024,25.106486193227852
,,,,,,,,,,,,,,,,,,,,,,,,,,,,0.011137400654431254,31.8064126829587,31.81496257318306,31.8064126829587,31.81496257318306,25.10650053776908
,,,,,,,,,,,,,,,,,,,,,,,,,,,,0.011157405456720086,31.7884565521485,31.78446422615529,31.7884565521485,31.78446422615529,25.106514894301004
,,,,,,,,,,,,,,,,,,,,,,,,,,,,0.01117743361879397,31.80081844086839,31.801883253000373,31.80081844086839,31.801883253000373,25.106529268307316
,,,,,,,,,,,,,,,,,,,,,,,,,,,,0.011197422550203173,31.85528522269355,31.869807912569375,31.85528522269355,31.869807912569375,25.106543614880934
,,,,,,,,,,,,,,,,,,,,,,,,,,,,0.011217410523696389,31.8364266780912,31.82733999626662,31.8364266780912,31.82733999626662,25.106557961439997
,,,,,,,,,,,,,,,,,,,,,,,,,,,,0.011237401771179057,31.82264673453144,31.832209034122464,31.82264673453144,31.832209034122464,25.106572311042033
,,,,,,,,,,,,,,,,,,,,,,,,,,,,0.011257388444148511,31.838627646201246,31.83608315000314,31.838627646201246,31.83608315000314,25.1065866580341
,,,,,,,,,,,,,,,,,,,,,,,,,,,,0.011277391689600635,31.801731325642255,31.80346163723665,31.801731325642255,31.80346163723665,25.106601017527034
,,,,,,,,,,,,,,,,,,,,,,,,,,,,0.011297417513464478,31.77890371535925,31.76929428303384,31.77890371535925,31.76929428303384,25.10661539380109
,,,,,,,,,,,,,,,,,,,,,,,,,,,,0.011317402929813496,31.777339815440616,31.78057622515377,31.777339815440616,31.78057622515377,25.106629741567097
,,,,,,,,,,,,,,,,,,,,,,,,,,,,0.01133739255603942,31.853468821599453,31.86362507025695,31.853468821599453,31.86362507025695,25.106644092757143
,,,,,,,,,,,,,,,,,,,,,,,,,,,,0.011357386486324688,31.823242469804086,31.81253225128072,31.823242469804086,31.81253225128072,25.106658447522108
,,,,,,,,,,,,,,,,,,,,,,,,,,,,0.011377374385680776,31.814614717370855,31.816588916758946,31.814614717370855,31.816588916758946,25.106672798466505
,,,,,,,,,,,,,,,,,,,,,,,,,,,,0.011397376669754747,31.805952887249695,31.7886701545845,31.805952887249695,31.7886701545845,25.1066871602806
,,,,,,,,,,,,,,,,,,,,,,,,,,,,0.011417381732586676,31.794901435984748,31.79064874355491,31.794901435984748,31.79064874355491,25.106701524687093
,,,,,,,,,,,,,,,,,,,,,,,,,,,,0.011437394112650842,31.86003700966804,31.79525599188349,31.86003700966804,31.79525599188349,25.10671589492862
,,,,,,,,,,,,,,,,,,,,,,,,,,,,0.011457380734112127,31.814565691783994,31.79961330664529,31.814565691783994,31.79961330664529,25.106730247224704
,,,,,,,,,,,,,,,,,,,,,,,,,,,,0.011477370382845067,31.800025305264665,31.808790725684773,31.800025305264665,31.808790725684773,25.106744602213453
,,,,,,,,,,,,,,,,,,,,,,,,,,,,0.011497361357519957,31.80977661890654,31.78879542732919,31.80977661890654,31.78879542732919,25.1067589586496
,,,,,,,,,,,,,,,,,,,,,,,,,,,,0.011517361659368874,31.788083567748878,31.80192632921004,31.788083567748878,31.80192632921004,25.10677332225848
,,,,,,,,,,,,,,,,,,,,,,,,,,,,0.011537388593913112,31.792223900588905,31.783515755810658,31.792223900588905,31.783515755810658,25.10678770546339
,,,,,,,,,,,,,,,,,,,,,,,,,,,,0.01155737949173825,31.88019047684385,31.87584882207706,31.88019047684385,31.87584882207706,25.1068020632425
,,,,,,,,,,,,,,,,,,,,,,,,,,,,0.011577369291875342,31.827016728739594,31.827060821648484,31.827016728739594,31.827060821648484,25.106816420667787
,,,,,,,,,,,,,,,,,,,,,,,,,,,,0.011597356328085728,31.81954171761483,31.806485950828744,31.81954171761483,31.806485950828744,25.10683077652195
,,,,,,,,,,,,,,,,,,,,,,,,,,,,0.01161734917584335,31.828511480384908,31.829498376659323,31.828511480384908,31.829498376659323,25.106845136966754
,,,,,,,,,,,,,,,,,,,,,,,,,,,,0.01163737068712308,31.81472148211328,31.800220557072258,31.81472148211328,31.800220557072258,25.106859518461633
,,,,,,,,,,,,,,,,,,,,,,,,,,,,0.011657379638370135,31.801180643294472,31.86670752787114,31.801180643294472,31.86670752787114,25.106873891445417
,,,,,,,,,,,,,,,,,,,,,,,,,,,,0.011677369297250363,31.849645756437354,31.843908171508435,31.849645756437354,31.843908171508435,25.1068882510493
,,,,,,,,,,,,,,,,,,,,,,,,,,,,0.011697356680026322,31.822706792228598,31.809621299296644,31.822706792228598,31.809621299296644,25.10690260947368
,,,,,,,,,,,,,,,,,,,,,,,,,,,,0.011717342115460855,31.825119433880005,31.8177325701317,31.825119433880005,31.8177325701317,25.106916966944375
,,,,,,,,,,,,,,,,,,,,,,,,,,,,0.0117373356828979,31.847628077272287,31.820778004696265,31.847628077272287,31.820778004696265,25.106931330723235
,,,,,,,,,,,,,,,,,,,,,,,,,,,,0.011757353705961503,31.82194247890351,31.8160917323353,31.82194247890351,31.8160917323353,25.10694571258009
,,,,,,,,,,,,,,,,,,,,,,,,,,,,0.011777366686586205,31.831783454618254,31.8480917834249,31.831783454618254,31.8480917834249,25.10696009127857
,,,,,,,,,,,,,,,,,,,,,,,,,,,,0.011797353590268934,31.836238096765126,31.807963055024292,31.836238096765126,31.807963055024292,25.106974451685165
,,,,,,,,,,,,,,,,,,,,,,,,,,,,0.01181734168635882,31.821717354626546,31.82894639745285,31.821717354626546,31.82894639745285,25.10698881336313
,,,,,,,,,,,,,,,,,,,,,,,,,,,,0.011837331751580945,31.829661448676546,31.81947873430086,31.829661448676546,31.81947873430086,25.107003176832194
,,,,,,,,,,,,,,,,,,,,,,,,,,,,0.011857316705204566,31.796609000282274,31.806669457209093,31.796609000282274,31.806669457209093,25.10701753702967
,,,,,,,,,,,,,,,,,,,,,,,,,,,,0.011877336867513459,31.791093282786516,31.782689384686282,31.791093282786516,31.782689384686282,25.107031923008314
,,,,,,,,,,,,,,,,,,,,,,,,,,,,0.011897345630852976,31.77923555004055,31.80667226537569,31.77923555004055,31.80667226537569,25.107046301315748
,,,,,,,,,,,,,,,,,,,,,,,,,,,,0.011917334759769076,31.87479438387167,31.88302101070681,31.87479438387167,31.88302101070681,25.107060666026356
,,,,,,,,,,,,,,,,,,,,,,,,,,,,0.01193732415739694,31.82443058957807,31.82170069475418,31.82443058957807,31.82170069475418,25.107075031487586
,,,,,,,,,,,,,,,,,,,,,,,,,,,,0.011957312303289084,31.816517048313038,31.821203426171085,31.816517048313038,31.821203426171085,25.10708939654957
,,,,,,,,,,,,,,,,,,,,,,,,,,,,0.01197731916773892,31.825313546378023,31.83542330729221,31.825313546378023,31.83542330729221,25.107103775511952
,,,,,,,,,,,,,,,,,,,,,,,,,,,,0.01199734543183282,31.90101149787643,31.857431543588103,31.90101149787643,31.857431543588103,25.107118168831814
,,,,,,,,,,,,,,,,,,,,,,,,,,,,0.012017330602223021,31.85457197855295,31.90261354210897,31.85457197855295,31.90261354210897,25.107132532999664
,,,,,,,,,,,,,,,,,,,,,,,,,,,,0.012037321737097212,31.848955941621018,31.831929327414223,31.848955941621018,31.831929327414223,25.107146901800327
,,,,,,,,,,,,,,,,,,,,,,,,,,,,0.01205731281356579,31.832733266396936,31.83571609629747,31.832733266396936,31.83571609629747,25.107161270891893
,,,,,,,,,,,,,,,,,,,,,,,,,,,,0.012077300406888614,31.849657938928374,31.830961813994467,31.849657938928374,31.830961813994467,25.10717563780924
,,,,,,,,,,,,,,,,,,,,,,,,,,,,0.012097302694606802,31.793861103807473,31.809981860593616,31.793861103807473,31.809981860593616,25.10719001562728
,,,,,,,,,,,,,,,,,,,,,,,,,,,,0.012117287898284446,31.804966050010798,31.801017776247768,31.804966050010798,31.801017776247768,25.107204381573702
,,,,,,,,,,,,,,,,,,,,,,,,,,,,0.012137314196354025,31.780376890726814,31.79044241637142,31.780376890726814,31.79044241637142,25.107218777443677
,,,,,,,,,,,,,,,,,,,,,,,,,,,,0.012157302817711355,31.838970387433935,31.870455265552433,31.838970387433935,31.870455265552433,25.107233146578732
,,,,,,,,,,,,,,,,,,,,,,,,,,,,0.01217729611440583,31.832371155699484,31.842710975509455,31.832371155699484,31.842710975509455,25.107247519408464
,,,,,,,,,,,,,,,,,,,,,,,,,,,,0.012197285373618784,31.830156702236003,31.848676188514453,31.830156702236003,31.848676188514453,25.107261889657448
,,,,,,,,,,,,,,,,,,,,,,,,,,,,0.0122172705748805,31.84524351983135,31.82741504213506,31.84524351983135,31.82741504213506,25.107276257363214
,,,,,,,,,,,,,,,,,,,,,,,,,,,,0.012237276030510232,31.80661722786754,31.812207233882475,31.80661722786754,31.812207233882475,25.10729063999459
,,,,,,,,,,,,,,,,,,,,,,,,,,,,0.012257299303611515,31.789111330517766,31.775249893871017,31.789111330517766,31.775249893871017,25.10730503578209
,,,,,,,,,,,,,,,,,,,,,,,,,,,,0.0122772868980438,31.870088895148243,31.821198317022446,31.870088895148243,31.821198317022446,25.107319406246624
,,,,,,,,,,,,,,,,,,,,,,,,,,,,0.012297278951335675,31.812451872166616,31.81997389164816,31.812451872166616,31.81997389164816,25.107333780235916
,,,,,,,,,,,,,,,,,,,,,,,,,,,,0.012317268642639989,31.832545179828262,31.826028636039744,31.832545179828262,31.826028636039744,25.107348152846036
,,,,,,,,,,,,,,,,,,,,,,,,,,,,0.012337260051098213,31.825747837539307,31.829736469042995,31.825747837539307,31.829736469042995,25.107362527093557
,,,,,,,,,,,,,,,,,,,,,,,,,,,,0.012357280431774687,31.832950745781943,31.812505995010643,31.832950745781943,31.812505995010643,25.10737692256861
,,,,,,,,,,,,,,,,,,,,,,,,,,,,0.01237728843307149,31.861537861942548,31.830833889798164,31.861537861942548,31.830833889798164,25.10739130950681
,,,,,,,,,,,,,,,,,,,,,,,,,,,,0.012397282842744375,31.81910796867029,31.84274407610036,31.81910796867029,31.84274407610036,25.107405687012868
,,,,,,,,,,,,,,,,,,,,,,,,,,,,0.012417266427451314,31.856442633997528,31.855176793252316,31.856442633997528,31.855176793252316,25.10742005703649
,,,,,,,,,,,,,,,,,,,,,,,,,,,,0.012437253369827952,31.822697294008066,31.827786225645678,31.822697294008066,31.827786225645678,25.107434429726126
,,,,,,,,,,,,,,,,,,,,,,,,,,,,0.012457244035730343,31.81967180804842,31.81210750318001,31.81967180804842,31.81210750318001,25.107448805343275
,,,,,,,,,,,,,,,,,,,,,,,,,,,,0.012477264732524838,31.79838134774854,31.801941248902043,31.79838134774854,31.801941248902043,25.107463202802702
,,,,,,,,,,,,,,,,,,,,,,,,,,,,0.012497271531529894,31.811371183749205,31.77892492008468,31.811371183749205,31.77892492008468,25.107477590506157
,,,,,,,,,,,,,,,,,,,,,,,,,,,,0.012517259251889247,31.880643378813986,31.850483893740495,31.880643378813986,31.850483893740495,25.107491964761966
,,,,,,,,,,,,,,,,,,,,,,,,,,,,0.012537250568075442,31.821084226456236,31.83401690652561,31.821084226456236,31.83401690652561,25.10750634199341
,,,,,,,,,,,,,,,,,,,,,,,,,,,,0.012557242232572343,31.842402617940326,31.825249860959055,31.842402617940326,31.825249860959055,25.107520719900297
,,,,,,,,,,,,,,,,,,,,,,,,,,,,0.012577243072480123,31.798732192273643,31.802111259501356,31.798732192273643,31.802111259501356,25.107535104799116
,,,,,,,,,,,,,,,,,,,,,,,,,,,,0.01259727090922762,31.81114859053242,31.784375911437657,31.81114859053242,31.784375911437657,25.107549509536167
,,,,,,,,,,,,,,,,,,,,,,,,,,,,0.012617260819033884,31.802577041119594,31.87695962312338,31.802577041119594,31.87695962312338,25.10756388739988
,,,,,,,,,,,,,,,,,,,,,,,,,,,,0.012637248337340265,31.82113472222402,31.8336828968669,31.82113472222402,31.8336828968669,25.107578264077983
,,,,,,,,,,,,,,,,,,,,,,,,,,,,0.012657237645231094,31.82380457792162,31.815585420185556,31.82380457792162,31.815585420185556,25.107592642562338
,,,,,,,,,,,,,,,,,,,,,,,,,,,,0.012677229458922896,31.814846233702948,31.821600563423164,31.814846233702948,31.821600563423164,25.107607023273168
,,,,,,,,,,,,,,,,,,,,,,,,,,,,0.012697248937272641,31.801125630558893,31.797385812787965,31.801125630558893,31.797385812787965,25.107621424240026
,,,,,,,,,,,,,,,,,,,,,,,,,,,,0.012717255693220688,31.795913775053588,31.80503011591708,31.795913775053588,31.80503011591708,25.107635816393522
,,,,,,,,,,,,,,,,,,,,,,,,,,,,0.012737245918386977,31.876653447978264,31.89063630749907,31.876653447978264,31.89063630749907,25.1076501970428
,,,,,,,,,,,,,,,,,,,,,,,,,,,,0.012757237831802557,31.85030559969977,31.85250657285923,31.85030559969977,31.85250657285923,25.107664579317635
,,,,,,,,,,,,,,,,,,,,,,,,,,,,0.012777223560670053,31.824998085981672,31.825928129508462,31.824998085981672,31.825928129508462,25.107678957508185
,,,,,,,,,,,,,,,,,,,,,,,,,,,,0.012797228992742478,31.812381123046567,31.80866080507845,31.812381123046567,31.80866080507845,25.10769335017538
,,,,,,,,,,,,,,,,,,,,,,,,,,,,0.012817234672909138,31.811644286761688,31.81429593670418,31.811644286761688,31.81429593670418,25.107707743299315
,,,,,,,,,,,,,,,,,,,,,,,,,,,,0.012837243146931849,31.828501672317675,31.786859742850165,31.828501672317675,31.786859742850165,25.10772213869943
,,,,,,,,,,,,,,,,,,,,,,,,,,,,0.012857233663226579,31.830792246110946,31.823767626471305,31.830792246110946,31.823767626471305,25.10773652141331
,,,,,,,,,,,,,,,,,,,,,,,,,,,,0.01287722245163946,31.811889940997442,31.81833982323812,31.811889940997442,31.81833982323812,25.107750903094963
,,,,,,,,,,,,,,,,,,,,,,,,,,,,0.01289721408744903,31.82186835926321,31.807566231887943,31.82186835926321,31.807566231887943,25.107765287023977
,,,,,,,,,,,,,,,,,,,,,,,,,,,,0.012917213848637503,31.795838006819032,31.81024092442395,31.795838006819032,31.81024092442395,25.107779676991203
,,,,,,,,,,,,,,,,,,,,,,,,,,,,0.012937241007406898,31.79603593405851,31.78981144995899,31.79603593405851,31.78981144995899,25.107794086875693
,,,,,,,,,,,,,,,,,,,,,,,,,,,,0.012957228746580424,31.87249640929113,31.841243073184625,31.87249640929113,31.841243073184625,25.107808468590623
,,,,,,,,,,,,,,,,,,,,,,,,,,,,0.012977220623064238,31.822077835721807,31.828989306000814,31.822077835721807,31.828989306000814,25.107822853468377
,,,,,,,,,,,,,,,,,,,,,,,,,,,,0.012997210180823228,31.833411053171464,31.819998162927345,31.833411053171464,31.819998162927345,25.107837236888315
,,,,,,,,,,,,,,,,,,,,,,,,,,,,0.013017194565012677,31.83356869792796,31.831862465563812,31.83356869792796,31.831862465563812,25.107851616872086
,,,,,,,,,,,,,,,,,,,,,,,,,,,,0.013037199790771304,31.82430148718502,31.810995958644458,31.82430148718502,31.810995958644458,25.107866012159953
,,,,,,,,,,,,,,,,,,,,,,,,,,,,0.01305722628959353,31.797574602286506,31.802050008140526,31.797574602286506,31.802050008140526,25.107880423020347
,,,,,,,,,,,,,,,,,,,,,,,,,,,,0.01307721939084075,31.838260109485926,31.866568249436884,31.838260109485926,31.866568249436884,25.107894810074782
,,,,,,,,,,,,,,,,,,,,,,,,,,,,0.013097209223974764,31.843152474206587,31.839320582782392,31.843152474206587,31.839320582782392,25.107909195036672
,,,,,,,,,,,,,,,,,,,,,,,,,,,,0.01311719384769166,31.82243117915787,31.838928615024894,31.82243117915787,31.838928615024894,25.107923576519493
,,,,,,,,,,,,,,,,,,,,,,,,,,,,0.013137178169748595,31.82072610454821,31.811741105168927,31.82072610454821,31.811741105168927,25.10793795805272
,,,,,,,,,,,,,,,,,,,,,,,,,,,,0.013157184486962794,31.79621510625303,31.817273689169618,31.79621510625303,31.817273689169618,25.107952355795767
,,,,,,,,,,,,,,,,,,,,,,,,,,,,0.013177211235128225,31.80492757466417,31.794126185952983,31.80492757466417,31.794126185952983,25.107966768587822
,,,,,,,,,,,,,,,,,,,,,,,,,,,,0.013197202681787581,31.88901791131508,31.841452231080293,31.88901791131508,31.841452231080293,25.107981156335388
,,,,,,,,,,,,,,,,,,,,,,,,,,,,0.013217186875113557,31.878000429973614,31.886955716090444,31.878000429973614,31.886955716090444,25.107995539224436
,,,,,,,,,,,,,,,,,,,,,,,,,,,,0.013237177945778274,31.846490369306785,31.842199296917418,31.846490369306785,31.842199296917418,25.108009927406556
,,,,,,,,,,,,,,,,,,,,,,,,,,,,0.013257164082493132,31.816323680964906,31.828868282940117,31.816323680964906,31.828868282940117,25.108024312307965
,,,,,,,,,,,,,,,,,,,,,,,,,,,,0.013277171802992193,31.83545505880197,31.85232689181603,31.83545505880197,31.85232689181603,25.10803871297032
,,,,,,,,,,,,,,,,,,,,,,,,,,,,0.013297196475089508,31.793055697661025,31.797409076165174,31.793055697661025,31.797409076165174,25.108053126095424
,,,,,,,,,,,,,,,,,,,,,,,,,,,,0.013317184379298982,31.837791764801853,31.783887890826037,31.837791764801853,31.783887890826037,25.108067513026693
,,,,,,,,,,,,,,,,,,,,,,,,,,,,0.013337174915192297,31.83197726384623,31.827488164185493,31.83197726384623,31.827488164185493,25.10808190207794
,,,,,,,,,,,,,,,,,,,,,,,,,,,,0.013357163743857271,31.814454399220175,31.828141732855602,31.814454399220175,31.828141732855602,25.10809629008393
,,,,,,,,,,,,,,,,,,,,,,,,,,,,0.013377156689965364,31.836659540256715,31.834976606987684,31.836659540256715,31.834976606987684,25.108110681221238
,,,,,,,,,,,,,,,,,,,,,,,,,,,,0.01339717858082631,31.812995382380066,31.81424154114525,31.812995382380066,31.81424154114525,25.108125093459297
,,,,,,,,,,,,,,,,,,,,,,,,,,,,0.013417159931593937,31.80809562287005,31.79957760414556,31.80809562287005,31.79957760414556,25.108139476850802
,,,,,,,,,,,,,,,,,,,,,,,,,,,,0.013437173156341214,31.864166268002325,31.8372255953224,31.864166268002325,31.8372255953224,25.108153883536826
,,,,,,,,,,,,,,,,,,,,,,,,,,,,0.01345715939372694,31.82087233194003,31.832520590875472,31.82087233194003,31.832520590875472,25.10816827107742
,,,,,,,,,,,,,,,,,,,,,,,,,,,,0.013477149163740708,31.830401981900593,31.813790510721983,31.830401981900593,31.813790510721983,25.10818266138814
,,,,,,,,,,,,,,,,,,,,,,,,,,,,0.013497140915779665,31.827195911491486,31.82178791298694,31.827195911491486,31.82178791298694,25.108197053316403
,,,,,,,,,,,,,,,,,,,,,,,,,,,,0.013517128450013335,31.837849393455954,31.818675613886384,31.837849393455954,31.818675613886384,25.10821144237234
,,,,,,,,,,,,,,,,,,,,,,,,,,,,0.01353714495764814,31.794776567851446,31.80356254915291,31.794776567851446,31.80356254915291,25.108225852496297
,,,,,,,,,,,,,,,,,,,,,,,,,,,,0.013557156074906025,31.849878098386824,31.801527719381358,31.849878098386824,31.801527719381358,25.10824025900328
,,,,,,,,,,,,,,,,,,,,,,,,,,,,0.013577146543768032,31.84216275704956,31.84302531091875,31.84216275704956,31.84302531091875,25.108254650973358
,,,,,,,,,,,,,,,,,,,,,,,,,,,,0.013597134373836424,31.820631554854153,31.82512907672153,31.820631554854153,31.82512907672153,25.108269041319293
,,,,,,,,,,,,,,,,,,,,,,,,,,,,0.01361711933506962,31.83208148926117,31.810613002048783,31.83208148926117,31.810613002048783,25.108283429809518
,,,,,,,,,,,,,,,,,,,,,,,,,,,,0.013637126015713697,31.81898005387922,31.81729673279667,31.81898005387922,31.81729673279667,25.108297834093946
,,,,,,,,,,,,,,,,,,,,,,,,,,,,0.013657150956044627,31.801108056108895,31.81687125537825,31.801108056108895,31.81687125537825,25.108312251658933
,,,,,,,,,,,,,,,,,,,,,,,,,,,,0.013677141339048371,31.88739449742053,31.862521577369506,31.88739449742053,31.862521577369506,25.10832664450097
,,,,,,,,,,,,,,,,,,,,,,,,,,,,0.013697131153730785,31.81720800824725,31.832648798723298,31.81720800824725,31.832648798723298,25.108341037135876
,,,,,,,,,,,,,,,,,,,,,,,,,,,,0.01371712232848406,31.852831772122624,31.853232572578698,31.852831772122624,31.853232572578698,25.108355430921065
,,,,,,,,,,,,,,,,,,,,,,,,,,,,0.01373711465169049,31.84515957015006,31.839365277084156,31.84515957015006,31.839365277084156,25.108369825765394
,,,,,,,,,,,,,,,,,,,,,,,,,,,,0.013757134525741274,31.821305417241526,31.806148155908875,31.821305417241526,31.806148155908875,25.108384240669825
,,,,,,,,,,,,,,,,,,,,,,,,,,,,0.013777141255768354,31.79782799504691,31.84897689027796,31.79782799504691,31.84897689027796,25.108398646289746
,,,,,,,,,,,,,,,,,,,,,,,,,,,,0.013797131942193043,31.843616769820446,31.844100663538836,31.843616769820446,31.844100663538836,25.10841304049663
,,,,,,,,,,,,,,,,,,,,,,,,,,,,0.013817117154318702,31.850206882895474,31.839154837530103,31.850206882895474,31.839154837530103,25.108427430869586
,,,,,,,,,,,,,,,,,,,,,,,,,,,,0.013837109358106621,31.83350867470079,31.845927082180683,31.83350867470079,31.845927082180683,25.10844182636541
,,,,,,,,,,,,,,,,,,,,,,,,,,,,0.013857099600670865,31.834125469403528,31.823869222140274,31.834125469403528,31.823869222140274,25.108456220527607
,,,,,,,,,,,,,,,,,,,,,,,,,,,,0.013877116500071163,31.804843658307515,31.81073066020772,31.804843658307515,31.81073066020772,25.108470633960977
,,,,,,,,,,,,,,,,,,,,,,,,,,,,0.013897127015677177,31.83524768105264,31.873859092067246,31.83524768105264,31.873859092067246,25.108485042879632
,,,,,,,,,,,,,,,,,,,,,,,,,,,,0.013917110308484432,31.879617781028003,31.839155971668188,31.879617781028003,31.839155971668188,25.108499432295766
,,,,,,,,,,,,,,,,,,,,,,,,,,,,0.013937101517351202,31.813769061746804,31.834517025977213,31.813769061746804,31.834517025977213,25.108513827580584
,,,,,,,,,,,,,,,,,,,,,,,,,,,,0.013957091085234064,31.832675882267168,31.832081588403163,31.832675882267168,31.832081588403163,25.108528221823704
,,,,,,,,,,,,,,,,,,,,,,,,,,,,0.013977098860250371,31.81785505742812,31.842185055080154,31.81785505742812,31.842185055080154,25.108542629335517
,,,,,,,,,,,,,,,,,,,,,,,,,,,,0.01399712308821842,31.81379042477588,31.807263608874248,31.81379042477588,31.807263608874248,25.108557048887338
,,,,,,,,,,,,,,,,,,,,,,,,,,,,0.014017109645410523,31.894434644680185,31.868153686119022,31.894434644680185,31.868153686119022,25.108571441472815
,,,,,,,,,,,,,,,,,,,,,,,,,,,,0.014037099429261807,31.897063807304207,31.89979058185679,31.897063807304207,31.89979058185679,25.10858583656569
,,,,,,,,,,,,,,,,,,,,,,,,,,,,0.014057090581084734,31.84357222710467,31.82748648049428,31.84357222710467,31.82748648049428,25.10860023279392
,,,,,,,,,,,,,,,,,,,,,,,,,,,,0.01407707542033495,31.81596564916416,31.83812060417624,31.81596564916416,31.83812060417624,25.108614624597696
,,,,,,,,,,,,,,,,,,,,,,,,,,,,0.014097082658295014,31.839380902652717,31.83682151195279,31.839380902652717,31.83682151195279,25.108629032662446
,,,,,,,,,,,,,,,,,,,,,,,,,,,,0.01411706683706828,31.812419797190067,31.817995556653596,31.812419797190067,31.817995556653596,25.10864342431752
,,,,,,,,,,,,,,,,,,,,,,,,,,,,0.014137093614952299,31.81055292286563,31.788822129832365,31.81055292286563,31.788822129832365,25.108657846866397
,,,,,,,,,,,,,,,,,,,,,,,,,,,,0.014157081002558013,31.880707775641692,31.846968178056354,31.880707775641692,31.846968178056354,25.10867224121924
,,,,,,,,,,,,,,,,,,,,,,,,,,,,0.01417707185425136,31.818593315626433,31.842006656156233,31.818593315626433,31.842006656156233,25.10868663818714
,,,,,,,,,,,,,,,,,,,,,,,,,,,,0.014197061137293042,31.835542231611043,31.824596916902113,31.835542231611043,31.824596916902113,25.10870103411937
,,,,,,,,,,,,,,,,,,,,,,,,,,,,0.01421704585017709,31.818985822906235,31.83269338316681,31.818985822906235,31.83269338316681,25.108715426829022
,,,,,,,,,,,,,,,,,,,,,,,,,,,,0.014237051861925122,31.821784276640567,31.806274933489544,31.821784276640567,31.806274933489544,25.108729834915287
,,,,,,,,,,,,,,,,,,,,,,,,,,,,0.014257078686460827,31.79686958982218,31.800437055682266,31.79686958982218,31.800437055682266,25.10874425801247
,,,,,,,,,,,,,,,,,,,,,,,,,,,,0.014277069201984963,31.893985036693167,31.89459743530984,31.893985036693167,31.89459743530984,25.10875865498696
,,,,,,,,,,,,,,,,,,,,,,,,,,,,0.014297061755815507,31.851109317822967,31.84085529239155,31.851109317822967,31.84085529239155,25.10877305351766
,,,,,,,,,,,,,,,,,,,,,,,,,,,,0.014317042555649823,31.826285860937467,31.838201239569358,31.826285860937467,31.838201239569358,25.1087874437057
,,,,,,,,,,,,,,,,,,,,,,,,,,,,0.014337031139390432,31.83239516750746,31.821683654618408,31.83239516750746,31.821683654618408,25.108801839662814
,,,,,,,,,,,,,,,,,,,,,,,,,,,,0.014357037605699148,31.816219368414796,31.823348345287005,31.816219368414796,31.823348345287005,25.10881624863717
,,,,,,,,,,,,,,,,,,,,,,,,,,,,0.014377066648705196,31.847065816889504,31.888416059982227,31.847065816889504,31.888416059982227,25.10883067397732
,,,,,,,,,,,,,,,,,,,,,,,,,,,,0.014397050433627146,31.87718935840258,31.831893174846517,31.87718935840258,31.831893174846517,25.10884506680044
,,,,,,,,,,,,,,,,,,,,,,,,,,,,0.014417044614344699,31.863810692402687,31.859839490282248,31.863810692402687,31.859839490282248,25.108859467205345
,,,,,,,,,,,,,,,,,,,,,,,,,,,,0.014437034499825113,31.86087180788204,31.841263380110714,31.86087180788204,31.841263380110714,25.108873864682458
,,,,,,,,,,,,,,,,,,,,,,,,,,,,0.014457025504340753,31.82740501846095,31.83570950271429,31.82740501846095,31.83570950271429,25.108888263098468
,,,,,,,,,,,,,,,,,,,,,,,,,,,,0.014477043303009722,31.817440411216896,31.808742677770567,31.817440411216896,31.808742677770567,25.10890268091954
,,,,,,,,,,,,,,,,,,,,,,,,,,,,0.014497050986930165,31.799880400724614,31.82792900868437,31.799880400724614,31.82792900868437,25.10891709154143
,,,,,,,,,,,,,,,,,,,,,,,,,,,,0.014517038432225685,31.866253636023902,31.805297617249963,31.866253636023902,31.805297617249963,25.108931487680668
,,,,,,,,,,,,,,,,,,,,,,,,,,,,0.014537027934247545,31.852533359683715,31.82987838426647,31.852533359683715,31.82987838426647,25.108945885522207
,,,,,,,,,,,,,,,,,,,,,,,,,,,,0.014557015584918799,31.819556103017494,31.82186829015348,31.819556103017494,31.82186829015348,25.10896028223484
,,,,,,,,,,,,,,,,,,,,,,,,,,,,0.01457700725729751,31.83100917784027,31.807713238988814,31.83100917784027,31.807713238988814,25.108974681977188
,,,,,,,,,,,,,,,,,,,,,,,,,,,,0.014597028094322138,31.822185795861202,31.817445321733924,31.822185795861202,31.817445321733924,25.108989102820193
,,,,,,,,,,,,,,,,,,,,,,,,,,,,0.014617015222738469,31.82806387610065,31.82096316256853,31.82806387610065,31.82096316256853,25.109003499448704
,,,,,,,,,,,,,,,,,,,,,,,,,,,,0.014637021906390385,31.810824796899393,31.82865133200431,31.810824796899393,31.82865133200431,25.1090179102046
,,,,,,,,,,,,,,,,,,,,,,,,,,,,0.01465701539571229,31.832891898997648,31.852690489576872,31.832891898997648,31.852690489576872,25.10903231153954
,,,,,,,,,,,,,,,,,,,,,,,,,,,,0.014677005536716659,31.848986349704,31.825304163855687,31.848986349704,31.825304163855687,25.109046710567576
,,,,,,,,,,,,,,,,,,,,,,,,,,,,0.014696995061059086,31.824156414570055,31.834523045858152,31.824156414570055,31.834523045858152,25.109061109232776
,,,,,,,,,,,,,,,,,,,,,,,,,,,,0.014716995803077886,31.82734902904036,31.82092223407911,31.82734902904036,31.82092223407911,25.1090755160415
,,,,,,,,,,,,,,,,,,,,,,,,,,,,0.014737023007983338,31.895470031008884,31.8475491658758,31.895470031008884,31.8475491658758,25.109089941980944
,,,,,,,,,,,,,,,,,,,,,,,,,,,,0.014757012385332767,31.848638117867925,31.870425812670874,31.848638117867925,31.870425812670874,25.10910434083272
,,,,,,,,,,,,,,,,,,,,,,,,,,,,0.014777002953179734,31.857147596109595,31.834299906572404,31.857147596109595,31.834299906572404,25.109118740830883
,,,,,,,,,,,,,,,,,,,,,,,,,,,,0.014796991073894794,31.846588695215328,31.850837483795218,31.846588695215328,31.850837483795218,25.10913313928965
,,,,,,,,,,,,,,,,,,,,,,,,,,,,0.014816972190285535,31.842269558521075,31.822090787652677,31.842269558521075,31.822090787652677,25.109147532890024
,,,,,,,,,,,,,,,,,,,,,,,,,,,,0.014836980191849737,31.857751591506688,31.844681098162546,31.857751591506688,31.844681098162546,25.109161946128324
,,,,,,,,,,,,,,,,,,,,,,,,,,,,0.014857006341171833,31.878383857126014,31.921225587516542,31.878383857126014,31.921225587516542,25.10917637268892
,,,,,,,,,,,,,,,,,,,,,,,,,,,,0.014876995771736842,31.870313287529004,31.84441418286085,31.870313287529004,31.84441418286085,25.10919077300039
,,,,,,,,,,,,,,,,,,,,,,,,,,,,0.014896985540531874,31.840632618692176,31.849759472136316,31.840632618692176,31.849759472136316,25.109205173759353
,,,,,,,,,,,,,,,,,,,,,,,,,,,,0.014916969444609608,31.846803404676326,31.820287125923503,31.846803404676326,31.820287125923503,25.109219570423722
,,,,,,,,,,,,,,,,,,,,,,,,,,,,0.014936958156317737,31.82908146929191,31.83894651244073,31.82908146929191,31.83894651244073,25.109233970608855
,,,,,,,,,,,,,,,,,,,,,,,,,,,,0.01495696740840587,31.8410652950485,31.830112823199332,31.8410652950485,31.830112823199332,25.109248385625587
,,,,,,,,,,,,,,,,,,,,,,,,,,,,0.014976991015067966,31.824973363799646,31.826422512874124,31.824973363799646,31.826422512874124,25.109262811060912
,,,,,,,,,,,,,,,,,,,,,,,,,,,,0.014996981815911865,31.90293502029418,31.910659063205042,31.90293502029418,31.910659063205042,25.10927721294526
,,,,,,,,,,,,,,,,,,,,,,,,,,,,0.015016962026631811,31.88254860118978,31.829214627874705,31.88254860118978,31.829214627874705,25.10929160722722
,,,,,,,,,,,,,,,,,,,,,,,,,,,,0.015036954009384922,31.821121132470125,31.832222904423027,31.821121132470125,31.832222904423027,25.109306009948973
,,,,,,,,,,,,,,,,,,,,,,,,,,,,0.015056942549004606,31.83330580390522,31.821655226123763,31.83330580390522,31.821655226123763,25.109320410154954
,,,,,,,,,,,,,,,,,,,,,,,,,,,,0.015076948233358615,31.807866850502077,31.815519546793016,31.807866850502077,31.815519546793016,25.109334822685973
,,,,,,,,,,,,,,,,,,,,,,,,,,,,0.0150969749807113,31.806361983496636,31.79057254572938,31.806361983496636,31.79057254572938,25.109349250369117
,,,,,,,,,,,,,,,,,,,,,,,,,,,,0.01511696220164229,31.79392783303128,31.82686905895712,31.79392783303128,31.82686905895712,25.109363649554798
,,,,,,,,,,,,,,,,,,,,,,,,,,,,0.015136956759955794,31.872813340164953,31.867885410132224,31.872813340164953,31.867885410132224,25.109378054039
,,,,,,,,,,,,,,,,,,,,,,,,,,,,0.015156943968171214,31.84049411403853,31.84534797902429,31.84049411403853,31.84534797902429,25.109392453355614
,,,,,,,,,,,,,,,,,,,,,,,,,,,,0.015176934882595186,31.834446674108726,31.837227335312438,31.834446674108726,31.837227335312438,25.109406855562685
,,,,,,,,,,,,,,,,,,,,,,,,,,,,0.015196954486226544,31.824493501088995,31.820650467157893,31.824493501088995,31.820650467157893,25.1094212786595
,,,,,,,,,,,,,,,,,,,,,,,,,,,,0.015216942371580179,31.814402827368802,31.8241310341361,31.814402827368802,31.8241310341361,25.109435679044708
,,,,,,,,,,,,,,,,,,,,,,,,,,,,0.015236949732733715,31.85671025359962,31.805045865195595,31.85671025359962,31.805045865195595,25.10945009352224
,,,,,,,,,,,,,,,,,,,,,,,,,,,,0.015256939132710706,31.847667875462264,31.83354122092606,31.847667875462264,31.83354122092606,25.109464495082996
,,,,,,,,,,,,,,,,,,,,,,,,,,,,0.015276932305613732,31.840253715657834,31.846985014119888,31.840253715657834,31.846985014119888,25.109478899394563
,,,,,,,,,,,,,,,,,,,,,,,,,,,,0.015296923219028187,31.84318947987904,31.83251166627487,31.84318947987904,31.83251166627487,25.109493302229016
,,,,,,,,,,,,,,,,,,,,,,,,,,,,0.015316919886731567,31.834746826212378,31.83635913499021,31.834746826212378,31.83635913499021,25.10950770940364
,,,,,,,,,,,,,,,,,,,,,,,,,,,,0.015336947601530768,31.875714296454714,31.90457235951386,31.875714296454714,31.90457235951386,25.10952213922717
,,,,,,,,,,,,,,,,,,,,,,,,,,,,0.01535693797054546,31.883186541630145,31.84721192736052,31.883186541630145,31.84721192736052,25.109536542375025
,,,,,,,,,,,,,,,,,,,,,,,,,,,,0.015376924698270934,31.826020180626813,31.838057241479028,31.826020180626813,31.838057241479028,25.10955094308115
,,,,,,,,,,,,,,,,,,,,,,,,,,,,0.015396913026493226,31.833215677397135,31.827329316613298,31.833215677397135,31.827329316613298,25.109565345101746
,,,,,,,,,,,,,,,,,,,,,,,,,,,,0.015416904368045454,31.83457239262695,31.82770457947532,31.83457239262695,31.82770457947532,25.10957974940322
,,,,,,,,,,,,,,,,,,,,,,,,,,,,0.015436925420270657,31.83613825753201,31.831974270164107,31.83613825753201,31.831974270164107,25.10959417524448
,,,,,,,,,,,,,,,,,,,,,,,,,,,,0.015456936968907044,31.821751895531772,31.88774364112193,31.821751895531772,31.88774364112193,25.109608594449707
,,,,,,,,,,,,,,,,,,,,,,,,,,,,0.01547692258490891,31.83137174238613,31.84098842766058,31.83137174238613,31.84098842766058,25.109622995138274
,,,,,,,,,,,,,,,,,,,,,,,,,,,,0.01549691396139788,31.850317853216126,31.82585250710788,31.850317853216126,31.82585250710788,25.10963740015741
,,,,,,,,,,,,,,,,,,,,,,,,,,,,0.015516898368233261,31.827607424685777,31.83785100806116,31.827607424685777,31.83785100806116,25.109651800299897
,,,,,,,,,,,,,,,,,,,,,,,,,,,,0.015536903896929655,31.81644797680431,31.81350479544485,31.81644797680431,31.81350479544485,25.10966621584697
,,,,,,,,,,,,,,,,,,,,,,,,,,,,0.015556931451593594,31.815149348439565,31.8178668818206,31.815149348439565,31.8178668818206,25.109680647421616
,,,,,,,,,,,,,,,,,,,,,,,,,,,,0.015576919501661166,31.858237490668134,31.891230508865334,31.858237490668134,31.891230508865334,25.10969505068312
,,,,,,,,,,,,,,,,,,,,,,,,,,,,0.01559691133611263,31.85127236978378,31.839714827067958,31.85127236978378,31.839714827067958,25.10970945681309
,,,,,,,,,,,,,,,,,,,,,,,,,,,,0.015616896610424669,31.84518997903581,31.850154327796133,31.84518997903581,31.850154327796133,25.109723858290344
,,,,,,,,,,,,,,,,,,,,,,,,,,,,0.01563688706049755,31.864309566012484,31.87135573781812,31.864309566012484,31.87135573781812,25.10973826355465
,,,,,,,,,,,,,,,,,,,,,,,,,,,,0.01565689164637936,31.836150257469082,31.85410731553403,31.836150257469082,31.85410731553403,25.10975267908298
,,,,,,,,,,,,,,,,,,,,,,,,,,,,0.015676919763584304,31.865504489461912,31.892913245335613,31.865504489461912,31.892913245335613,25.109767111626294
,,,,,,,,,,,,,,,,,,,,,,,,,,,,0.01569690668668949,31.884554040530354,31.844651683531236,31.884554040530354,31.844651683531236,25.109781514587528
,,,,,,,,,,,,,,,,,,,,,,,,,,,,0.0157168952809981,31.850027284647833,31.847155816473514,31.850027284647833,31.847155816473514,25.10979591884876
,,,,,,,,,,,,,,,,,,,,,,,,,,,,0.015736884202574415,31.841385603546666,31.833739857242787,31.841385603546666,31.833739857242787,25.109810323475106
,,,,,,,,,,,,,,,,,,,,,,,,,,,,0.015756878678518306,31.84194755919948,31.836659388026444,31.84194755919948,31.836659388026444,25.109824732190393
,,,,,,,,,,,,,,,,,,,,,,,,,,,,0.015776897258669816,31.832875215937506,31.827131440695663,31.832875215937506,31.827131440695663,25.10983915831184
,,,,,,,,,,,,,,,,,,,,,,,,,,,,0.015796908055673513,31.870592211896632,31.8510922612536,31.870592211896632,31.8510922612536,25.109853578830787
,,,,,,,,,,,,,,,,,,,,,,,,,,,,0.01581689029736214,31.8506449401038,31.882910517428677,31.8506449401038,31.882910517428677,25.10986797879178
,,,,,,,,,,,,,,,,,,,,,,,,,,,,0.015836885191560745,31.859237810344688,31.853546026942677,31.859237810344688,31.853546026942677,25.109882387951874
,,,,,,,,,,,,,,,,,,,,,,,,,,,,0.01585687124244645,31.855790263616292,31.852585019813414,31.855790263616292,31.852585019813414,25.109896790776045
,,,,,,,,,,,,,,,,,,,,,,,,,,,,0.01587687827923694,31.851358954283757,31.827699887120826,31.851358954283757,31.827699887120826,25.109911208739998
,,,,,,,,,,,,,,,,,,,,,,,,,,,,0.015896904319467796,31.907710873520912,31.860843265240415,31.907710873520912,31.860843265240415,25.109925640458023
,,,,,,,,,,,,,,,,,,,,,,,,,,,,0.015916888107107632,31.87691485726414,31.92090251173764,31.87691485726414,31.92090251173764,25.109940041786516
,,,,,,,,,,,,,,,,,,,,,,,,,,,,0.015936874207763074,31.882556336103328,31.85637762831498,31.882556336103328,31.85637762831498,25.109954444810107
,,,,,,,,,,,,,,,,,,,,,,,,,,,,0.015956865940098406,31.82733517109974,31.84219203025756,31.82733517109974,31.84219203025756,25.10996885196288
,,,,,,,,,,,,,,,,,,,,,,,,,,,,0.01597685529984765,31.842026251155023,31.840489008628015,31.842026251155023,31.840489008628015,25.109983257479346
,,,,,,,,,,,,,,,,,,,,,,,,,,,,0.015996860143729152,31.82090346239445,31.820738660239954,31.82090346239445,31.820738660239954,25.10999767418669
,,,,,,,,,,,,,,,,,,,,,,,,,,,,0.01601684532024933,31.830962757992538,31.807517010640815,31.830962757992538,31.807517010640815,25.11001207672087
,,,,,,,,,,,,,,,,,,,,,,,,,,,,0.016036873025664998,31.80783043922714,31.81344457146445,31.80783043922714,31.81344457146445,25.110026509849238
,,,,,,,,,,,,,,,,,,,,,,,,,,,,0.016056860604589412,31.866736552918045,31.88324091600143,31.866736552918045,31.88324091600143,25.11004091399714
,,,,,,,,,,,,,,,,,,,,,,,,,,,,0.01607685322107996,31.857646523847272,31.84888186624355,31.857646523847272,31.84888186624355,25.11005532172261
,,,,,,,,,,,,,,,,,,,,,,,,,,,,0.016096840595996902,31.843166175139544,31.844861394879995,31.843166175139544,31.844861394879995,25.11006972560915
,,,,,,,,,,,,,,,,,,,,,,,,,,,,0.01611682396567544,31.83818333936806,31.815344846795576,31.83818333936806,31.815344846795576,25.11008412653395
,,,,,,,,,,,,,,,,,,,,,,,,,,,,0.016136834063788408,31.830559358356936,31.855919980459934,31.830559358356936,31.855919980459934,25.11009854663624
,,,,,,,,,,,,,,,,,,,,,,,,,,,,0.016156858013983307,31.82679834360401,31.821270358727983,31.82679834360401,31.821270358727983,25.110112976773884
,,,,,,,,,,,,,,,,,,,,,,,,,,,,0.016176848812307066,31.907646820405215,31.907278534531677,31.907646820405215,31.907278534531677,25.110127383087775
,,,,,,,,,,,,,,,,,,,,,,,,,,,,0.01619683790301681,31.843661921032876,31.855360651392655,31.843661921032876,31.855360651392655,25.11014178819083
,,,,,,,,,,,,,,,,,,,,,,,,,,,,0.016216826099102383,31.855221139814695,31.83741323874443,31.855221139814695,31.83741323874443,25.11015619268099
,,,,,,,,,,,,,,,,,,,,,,,,,,,,0.016236809722778196,31.822567646059067,31.839446235444345,31.822567646059067,31.839446235444345,25.110170593941813
,,,,,,,,,,,,,,,,,,,,,,,,,,,,0.0162568155399016,31.840315692700838,31.809198099673498,31.840315692700838,31.809198099673498,25.110185011232065
,,,,,,,,,,,,,,,,,,,,,,,,,,,,0.01627684224035949,31.803492023978556,31.811187583130994,31.803492023978556,31.811187583130994,25.11019944363615
,,,,,,,,,,,,,,,,,,,,,,,,,,,,0.01629683076933659,31.86165904320457,31.882858756037056,31.86165904320457,31.882858756037056,25.11021384869696
,,,,,,,,,,,,,,,,,,,,,,,,,,,,0.016316815576688664,31.887914578919453,31.850285986297358,31.887914578919453,31.850285986297358,25.11022825118135
,,,,,,,,,,,,,,,,,,,,,,,,,,,,0.016336807874360145,31.842090791304553,31.842892883667368,31.842090791304553,31.842892883667368,25.11024265908153
,,,,,,,,,,,,,,,,,,,,,,,,,,,,0.01635679590576064,31.84211778927412,31.833778452687348,31.84211778927412,31.833778452687348,25.11025706389207
,,,,,,,,,,,,,,,,,,,,,,,,,,,,0.016376801365846853,31.827178512348517,31.828359167237924,31.827178512348517,31.828359167237924,25.110271481229262
,,,,,,,,,,,,,,,,,,,,,,,,,,,,0.016396827874457093,31.813091087592994,31.804938473234156,31.813091087592994,31.804938473234156,25.110285913691587
,,,,,,,,,,,,,,,,,,,,,,,,,,,,0.01641681415752836,31.82912082037883,31.831397969757706,31.82912082037883,31.831397969757706,25.110300317100478
,,,,,,,,,,,,,,,,,,,,,,,,,,,,0.01643680055186488,31.8425289548002,31.894924264830962,31.8425289548002,31.894924264830962,25.110314720496998
,,,,,,,,,,,,,,,,,,,,,,,,,,,,0.01645679422827003,31.85574661185591,31.85358430781021,31.85574661185591,31.85358430781021,25.110329129133444
,,,,,,,,,,,,,,,,,,,,,,,,,,,,0.016476781831861294,31.843915810159604,31.849893072988916,31.843915810159604,31.849893072988916,25.110343533483693
,,,,,,,,,,,,,,,,,,,,,,,,,,,,0.016496786892846,31.832385461631635,31.828717951005412,31.832385461631635,31.828717951005412,25.110357950481443
,,,,,,,,,,,,,,,,,,,,,,,,,,,,0.01651677525383288,31.83178771819779,31.85378870609594,31.83178771819779,31.85378870609594,25.11037235546594
,,,,,,,,,,,,,,,,,,,,,,,,,,,,0.016536798058463847,31.809904610127305,31.814878372653908,31.809904610127305,31.814878372653908,25.110386785319246
,,,,,,,,,,,,,,,,,,,,,,,,,,,,0.016556785478935476,31.87795672493424,31.845808090266644,31.87795672493424,31.845808090266644,25.110401189764346
,,,,,,,,,,,,,,,,,,,,,,,,,,,,0.016576777931797466,31.831247848627907,31.8508536202036,31.831247848627907,31.8508536202036,25.11041559793395
,,,,,,,,,,,,,,,,,,,,,,,,,,,,0.01659676531424946,31.835857090150153,31.826176244964575,31.835857090150153,31.826176244964575,25.110430002495885
,,,,,,,,,,,,,,,,,,,,,,,,,,,,0.016616750914036013,31.835523616838042,31.83697713593518,31.835523616838042,31.83697713593518,25.11044440579629
,,,,,,,,,,,,,,,,,,,,,,,,,,,,0.016636760290245935,31.83870940782617,31.828764504095396,31.83870940782617,31.828764504095396,25.110458826329534
,,,,,,,,,,,,,,,,,,,,,,,,,,,,0.016656787459614693,31.90154598874607,31.855326277421486,31.90154598874607,31.855326277421486,25.110473259906705
,,,,,,,,,,,,,,,,,,,,,,,,,,,,0.01667677393001227,31.851632328961212,31.876119649442828,31.851632328961212,31.876119649442828,25.110487664327692
,,,,,,,,,,,,,,,,,,,,,,,,,,,,0.016696766523024154,31.871993076690035,31.85333020177273,31.871993076690035,31.85333020177273,25.110502073254903
,,,,,,,,,,,,,,,,,,,,,,,,,,,,0.016716750216633245,31.834415542755192,31.855307237830456,31.834415542755192,31.855307237830456,25.110516475815384
,,,,,,,,,,,,,,,,,,,,,,,,,,,,0.01673673596862732,31.838968009592147,31.830673927882597,31.838968009592147,31.830673927882597,25.110530879944974
,,,,,,,,,,,,,,,,,,,,,,,,,,,,0.016756741803946706,31.81825573765987,31.820424958469673,31.81825573765987,31.820424958469673,25.110545298661258
,,,,,,,,,,,,,,,,,,,,,,,,,,,,0.016776769447592255,31.845550545359348,31.830357388582954,31.845550545359348,31.830357388582954,25.110559733182665
,,,,,,,,,,,,,,,,,,,,,,,,,,,,0.0167967559848338,31.885704487131814,31.858084682356495,31.885704487131814,31.858084682356495,25.11057413816311
,,,,,,,,,,,,,,,,,,,,,,,,,,,,0.016816741020908306,31.84450434342857,31.892465472271816,31.84450434342857,31.892465472271816,25.110588542214124
,,,,,,,,,,,,,,,,,,,,,,,,,,,,0.016836733130216983,31.85479848998703,31.831729966330087,31.85479848998703,31.831729966330087,25.110602951544255
,,,,,,,,,,,,,,,,,,,,,,,,,,,,0.01685672589709317,31.84062647235849,31.854403176813605,31.84062647235849,31.854403176813605,25.11061736149893
,,,,,,,,,,,,,,,,,,,,,,,,,,,,0.01687672834845515,31.840331835374585,31.83648300885718,31.840331835374585,31.83648300885718,25.110631778507095
,,,,,,,,,,,,,,,,,,,,,,,,,,,,0.016896754383038618,31.814911275390074,31.81774030561983,31.814911275390074,31.81774030561983,25.110646212528486
,,,,,,,,,,,,,,,,,,,,,,,,,,,,0.01691673943168417,31.81377914128136,31.797972798247994,31.81377914128136,31.797972798247994,25.11066061699472
,,,,,,,,,,,,,,,,,,,,,,,,,,,,0.016936727277420353,31.8932610602061,31.84540959289747,31.8932610602061,31.84540959289747,25.110675023483015
,,,,,,,,,,,,,,,,,,,,,,,,,,,,0.016956718380145182,31.826797132138026,31.84762363578077,31.826797132138026,31.84762363578077,25.11068943228809
,,,,,,,,,,,,,,,,,,,,,,,,,,,,0.016976706352252416,31.869416339819093,31.82799772075147,31.869416339819093,31.82799772075147,25.11070383878274
,,,,,,,,,,,,,,,,,,,,,,,,,,,,0.016996713162289,31.83792752894026,31.832310079060758,31.83792752894026,31.832310079060758,25.110718258828513
,,,,,,,,,,,,,,,,,,,,,,,,,,,,0.01701670096155224,31.83768144972697,31.831735060223412,31.83768144972697,31.831735060223412,25.11073266518193
,,,,,,,,,,,,,,,,,,,,,,,,,,,,0.017036723286738005,31.833906108470835,31.812588480541915,31.833906108470835,31.812588480541915,25.110747096439443
,,,,,,,,,,,,,,,,,,,,,,,,,,,,0.01705671163286612,31.854300951707145,31.880156785782493,31.854300951707145,31.880156785782493,25.110761503358113
,,,,,,,,,,,,,,,,,,,,,,,,,,,,0.01707670441656177,31.849759753519116,31.842666943718687,31.849759753519116,31.842666943718687,25.11077591364672
,,,,,,,,,,,,,,,,,,,,,,,,,,,,0.017096692002056026,31.83150904982557,31.840959046047253,31.83150904982557,31.840959046047253,25.110790320350812
,,,,,,,,,,,,,,,,,,,,,,,,,,,,0.017116679976446954,31.864177945369057,31.863043649598577,31.864177945369057,31.863043649598577,25.110804727467745
,,,,,,,,,,,,,,,,,,,,,,,,,,,,0.01713668276578474,31.82943074442428,31.82190102885732,31.82943074442428,31.82190102885732,25.110819145357333
,,,,,,,,,,,,,,,,,,,,,,,,,,,,0.01715670949862306,31.81780149487474,31.800570481739722,31.81780149487474,31.800570481739722,25.11083358066838
,,,,,,,,,,,,,,,,,,,,,,,,,,,,0.017176696952904382,31.8934244161169,31.843399710428905,31.8934244161169,31.843399710428905,25.11084798780842
,,,,,,,,,,,,,,,,,,,,,,,,,,,,0.017196689041904134,31.83170381527863,31.841573888624527,31.83170381527863,31.841573888624527,25.110862398356275
,,,,,,,,,,,,,,,,,,,,,,,,,,,,0.017216678709792956,31.86629038435669,31.856573525022906,31.86629038435669,31.856573525022906,25.110876807185207
,,,,,,,,,,,,,,,,,,,,,,,,,,,,0.01723666259494953,31.835219669219224,31.841798891226457,31.835219669219224,31.841798891226457,25.11089121190032
,,,,,,,,,,,,,,,,,,,,,,,,,,,,0.017256670274116204,31.86095459808597,31.843474645478377,31.86095459808597,31.843474645478377,25.110905633868256
,,,,,,,,,,,,,,,,,,,,,,,,,,,,0.0172766952689088,31.80490121530784,31.81456491780592,31.80490121530784,31.81456491780592,25.110920068442386
,,,,,,,,,,,,,,,,,,,,,,,,,,,,0.017296682805829897,31.84720326591536,31.90084627683014,31.84720326591536,31.90084627683014,25.110934476135085
,,,,,,,,,,,,,,,,,,,,,,,,,,,,0.017316670851451627,31.90499218646502,31.898251404379693,31.90499218646502,31.898251404379693,25.110948884251222
,,,,,,,,,,,,,,,,,,,,,,,,,,,,0.017336660034912188,31.83874560542764,31.855155050727692,31.83874560542764,31.855155050727692,25.110963293196267
,,,,,,,,,,,,,,,,,,,,,,,,,,,,0.01735664777257199,31.84153293091056,31.833835616815826,31.84153293091056,31.833835616815826,25.110977701157534
,,,,,,,,,,,,,,,,,,,,,,,,,,,,0.017376654095095506,31.828042252163716,31.835422997490976,31.828042252163716,31.835422997490976,25.11099212254967
,,,,,,,,,,,,,,,,,,,,,,,,,,,,0.017396684243161036,31.863582580530558,31.89579746942937,31.863582580530558,31.89579746942937,25.111006561096612
,,,,,,,,,,,,,,,,,,,,,,,,,,,,0.01741666759192838,31.800335762752358,31.84468812740925,31.800335762752358,31.84468812740925,25.111020965882606
,,,,,,,,,,,,,,,,,,,,,,,,,,,,0.017436659819910567,31.854326264841237,31.856137916817012,31.854326264841237,31.856137916817012,25.111035377099586
,,,,,,,,,,,,,,,,,,,,,,,,,,,,0.01745664875444902,31.853849570805448,31.83886998986369,31.853849570805448,31.83886998986369,25.11104978596566
,,,,,,,,,,,,,,,,,,,,,,,,,,,,0.0174766412174796,31.85803027774473,31.865535928940858,31.85803027774473,31.865535928940858,25.111064197418774
,,,,,,,,,,,,,,,,,,,,,,,,,,,,0.0174966625578982,31.836092476144422,31.81636406934772,31.836092476144422,31.81636406934772,25.111078629743083
,,,,,,,,,,,,,,,,,,,,,,,,,,,,0.01751666527148267,31.81782702159288,31.808702297095376,31.81782702159288,31.808702297095376,25.111093048709904
,,,,,,,,,,,,,,,,,,,,,,,,,,,,0.017536652660134024,31.853293040549083,31.882563881701635,31.853293040549083,31.882563881701635,25.111107456701856
,,,,,,,,,,,,,,,,,,,,,,,,,,,,0.017556644470254238,31.853526248639717,31.825712210542992,31.853526248639717,31.825712210542992,25.111121867952466
,,,,,,,,,,,,,,,,,,,,,,,,,,,,0.017576637222720452,31.8477678460592,31.8515782092788,31.8477678460592,31.8515782092788,25.111136279943178
,,,,,,,,,,,,,,,,,,,,,,,,,,,,0.017596639806144662,31.839996948388222,31.81795070229568,31.839996948388222,31.81795070229568,25.111150699065774
,,,,,,,,,,,,,,,,,,,,,,,,,,,,0.01761662459524028,31.838840108706595,31.836476189977837,31.838840108706595,31.836476189977837,25.111165105351407
,,,,,,,,,,,,,,,,,,,,,,,,,,,,0.01763665041101993,31.810666882717207,31.802277053381644,31.810666882717207,31.802277053381644,25.11117954115558
,,,,,,,,,,,,,,,,,,,,,,,,,,,,0.01765664344699792,31.883411133872062,31.864819902475404,31.883411133872062,31.864819902475404,25.111193953267446
,,,,,,,,,,,,,,,,,,,,,,,,,,,,0.017676633758902494,31.84905101841764,31.850397807346862,31.84905101841764,31.850397807346862,25.111208363482575
,,,,,,,,,,,,,,,,,,,,,,,,,,,,0.017696618715076218,31.845702129963477,31.8377035063713,31.845702129963477,31.8377035063713,25.111222770007835
,,,,,,,,,,,,,,,,,,,,,,,,,,,,0.017716603878692727,31.837437106834837,31.84642574980353,31.837437106834837,31.84642574980353,25.111237176779557
,,,,,,,,,,,,,,,,,,,,,,,,,,,,0.0177366093691741,31.829841779062537,31.824004710367138,31.829841779062537,31.824004710367138,25.111251598289332
,,,,,,,,,,,,,,,,,,,,,,,,,,,,0.0177566357752779,31.80374462968915,31.812730836692147,31.80374462968915,31.812730836692147,25.11126603492898
,,,,,,,,,,,,,,,,,,,,,,,,,,,,0.01777662369240471,31.856361364090525,31.887541834983267,31.856361364090525,31.887541834983267,25.111280443812674
,,,,,,,,,,,,,,,,,,,,,,,,,,,,0.0177966182960875,31.869735861769314,31.875223205841717,31.869735861769314,31.875223205841717,25.111294857472597
,,,,,,,,,,,,,,,,,,,,,,,,,,,,0.0178166054544646,31.853884013054632,31.859757079174393,31.853884013054632,31.859757079174393,25.11130926576779
,,,,,,,,,,,,,,,,,,,,,,,,,,,,0.017836597431049903,31.85924658916125,31.87050249584159,31.85924658916125,31.87050249584159,25.111323677547286
,,,,,,,,,,,,,,,,,,,,,,,,,,,,0.01785661664829471,31.834222588784165,31.851282310151912,31.834222588784165,31.851282310151912,25.111338108940416
,,,,,,,,,,,,,,,,,,,,,,,,,,,,0.01787662763775183,31.850858369152352,31.874695374937737,31.850858369152352,31.874695374937737,25.111352534353088
,,,,,,,,,,,,,,,,,,,,,,,,,,,,0.01789661921073805,31.870993993439235,31.846673785141206,31.870993993439235,31.846673785141206,25.111366945739267
,,,,,,,,,,,,,,,,,,,,,,,,,,,,0.01791660499830029,31.844509058667718,31.855309064737487,31.844509058667718,31.855309064737487,25.111381352976835
,,,,,,,,,,,,,,,,,,,,,,,,,,,,0.01793659225980642,31.858275008115903,31.83986188074723,31.858275008115903,31.83986188074723,25.11139576133494
,,,,,,,,,,,,,,,,,,,,,,,,,,,,0.017956595513380084,31.827232889684247,31.843169943423465,31.827232889684247,31.843169943423465,25.111410181289926
,,,,,,,,,,,,,,,,,,,,,,,,,,,,0.017976623143333308,31.886207648711753,31.914314354505187,31.886207648711753,31.914314354505187,25.111424618921216
,,,,,,,,,,,,,,,,,,,,,,,,,,,,0.017996611411253166,31.904406331871222,31.891321930979046,31.904406331871222,31.891321930979046,25.111439028366917
,,,,,,,,,,,,,,,,,,,,,,,,,,,,0.018016599804524483,31.859010280304137,31.877944155088734,31.859010280304137,31.877944155088734,25.111453438040503
,,,,,,,,,,,,,,,,,,,,,,,,,,,,0.0180365868262763,31.856330160870748,31.840580778334623,31.856330160870748,31.840580778334623,25.11146784681827
,,,,,,,,,,,,,,,,,,,,,,,,,,,,0.018056574280891944,31.835164628172336,31.8439080674394,31.835164628172336,31.8439080674394,25.111482255937926
,,,,,,,,,,,,,,,,,,,,,,,,,,,,0.018076579667997486,31.82950212170783,31.821752727687453,31.82950212170783,31.821752727687453,25.11149667795615
,,,,,,,,,,,,,,,,,,,,,,,,,,,,0.01809660674777663,31.81580774123286,31.820430243275787,31.81580774123286,31.820430243275787,25.111511115581763
,,,,,,,,,,,,,,,,,,,,,,,,,,,,0.01811659835430352,31.853217784724563,31.881054400937288,31.853217784724563,31.881054400937288,25.11152552770065
,,,,,,,,,,,,,,,,,,,,,,,,,,,,0.01813658895179044,31.85517572555362,31.851375472033247,31.85517572555362,31.851375472033247,25.111539939189242
,,,,,,,,,,,,,,,,,,,,,,,,,,,,0.01815657633401074,31.864624924334844,31.85764311431108,31.864624924334844,31.85764311431108,25.111554348398418
,,,,,,,,,,,,,,,,,,,,,,,,,,,,0.018176568422644104,31.844712075105427,31.838591032195332,31.844712075105427,31.838591032195332,25.11156876098032
,,,,,,,,,,,,,,,,,,,,,,,,,,,,0.018196589054521924,31.820820193471583,31.839447528651814,31.820820193471583,31.839447528651814,25.111583194162876
,,,,,,,,,,,,,,,,,,,,,,,,,,,,0.01821659311064693,31.865535906161885,31.897004010897625,31.865535906161885,31.897004010897625,25.111597615415423
,,,,,,,,,,,,,,,,,,,,,,,,,,,,0.01823658312315787,31.91518272506283,31.91516086979736,31.91518272506283,31.91516086979736,25.111612026637413
,,,,,,,,,,,,,,,,,,,,,,,,,,,,0.018256575282583877,31.863433377862325,31.86274081261267,31.863433377862325,31.86274081261267,25.11162643960601
,,,,,,,,,,,,,,,,,,,,,,,,,,,,0.018276559528018033,31.844738781575884,31.83714721211006,31.844738781575884,31.83714721211006,25.111640847077506
,,,,,,,,,,,,,,,,,,,,,,,,,,,,0.01829656563432702,31.83671966618516,31.835410954515808,31.83671966618516,31.835410954515808,25.11165527045179
,,,,,,,,,,,,,,,,,,,,,,,,,,,,0.018316552161021262,31.853142462952178,31.861394912748846,31.853142462952178,31.861394912748846,25.1116696797704
,,,,,,,,,,,,,,,,,,,,,,,,,,,,0.018336577132199314,31.81029270616882,31.818413531379253,31.81029270616882,31.818413531379253,25.11168411679344
,,,,,,,,,,,,,,,,,,,,,,,,,,,,0.018356565375890966,31.865207365846345,31.892983447499727,31.865207365846345,31.892983447499727,25.11169852726462
,,,,,,,,,,,,,,,,,,,,,,,,,,,,0.018376559077303917,31.871021046390823,31.86548602379905,31.871021046390823,31.86548602379905,25.11171294156842
,,,,,,,,,,,,,,,,,,,,,,,,,,,,0.018396543769936657,31.829080977063704,31.83678102495565,31.829080977063704,31.83678102495565,25.11172734926695
,,,,,,,,,,,,,,,,,,,,,,,,,,,,0.018416530667743743,31.846622900587956,31.847798860740347,31.846622900587956,31.847798860740347,25.11174175840723
,,,,,,,,,,,,,,,,,,,,,,,,,,,,0.01843653586543347,31.83015403775399,31.831410923595737,31.83015403775399,31.831410923595737,25.11175618059379
,,,,,,,,,,,,,,,,,,,,,,,,,,,,0.018456562724791178,31.821454190648396,31.82324634581459,31.821454190648396,31.82324634581459,25.111770618314882
,,,,,,,,,,,,,,,,,,,,,,,,,,,,0.018476549058323535,31.88396855387512,31.848081450113977,31.88396855387512,31.848081450113977,25.111785026723794
,,,,,,,,,,,,,,,,,,,,,,,,,,,,0.018496545514831302,31.844260346781134,31.852955696558013,31.844260346781134,31.852955696558013,25.111799442313046
,,,,,,,,,,,,,,,,,,,,,,,,,,,,0.018516531846788066,31.856215237046417,31.83354781588245,31.856215237046417,31.83354781588245,25.111813850498407
,,,,,,,,,,,,,,,,,,,,,,,,,,,,0.01853652307964289,31.869124934136877,31.856832725197346,31.869124934136877,31.856832725197346,25.111828262201588
,,,,,,,,,,,,,,,,,,,,,,,,,,,,0.01855654250934133,31.852782832247367,31.83201885205231,31.852782832247367,31.83201885205231,25.111842694392454
,,,,,,,,,,,,,,,,,,,,,,,,,,,,0.018576555399483753,31.896848180056804,31.850258555999133,31.896848180056804,31.850258555999133,25.111857122030017
,,,,,,,,,,,,,,,,,,,,,,,,,,,,0.018596544380454536,31.84507054900342,31.861626051891594,31.84507054900342,31.861626051891594,25.111871532547603
,,,,,,,,,,,,,,,,,,,,,,,,,,,,0.018616527851203317,31.85570637567004,31.85012023903088,31.85570637567004,31.85012023903088,25.11188593922206
,,,,,,,,,,,,,,,,,,,,,,,,,,,,0.01863651639681114,31.851254035338574,31.856225918474234,31.851254035338574,31.856225918474234,25.111900349762546
,,,,,,,,,,,,,,,,,,,,,,,,,,,,0.018656522117229263,31.85235895072285,31.845490667139543,31.85235895072285,31.845490667139543,25.111914772830783
,,,,,,,,,,,,,,,,,,,,,,,,,,,,0.01867654863487666,31.8406158806166,31.83206574029707,31.8406158806166,31.83206574029707,25.111929211021184
,,,,,,,,,,,,,,,,,,,,,,,,,,,,0.01869653662512255,31.88401192624186,31.89624479823562,31.88401192624186,31.89624479823562,25.111943621497232
,,,,,,,,,,,,,,,,,,,,,,,,,,,,0.018716522656381487,31.903541053751276,31.88834721307096,31.903541053751276,31.88834721307096,25.111958030550678
,,,,,,,,,,,,,,,,,,,,,,,,,,,,0.018736514814209657,31.84913587590417,31.848924108708992,31.84913587590417,31.848924108708992,25.11197244393637
,,,,,,,,,,,,,,,,,,,,,,,,,,,,0.018756499951450525,31.855525632387057,31.82449109830839,31.855525632387057,31.82449109830839,25.111986852195148
,,,,,,,,,,,,,,,,,,,,,,,,,,,,0.01877650843374996,31.830886947234177,31.839089672095955,31.830886947234177,31.839089672095955,25.112001277254212
,,,,,,,,,,,,,,,,,,,,,,,,,,,,0.018796535070216083,31.870569688739273,31.891186563544867,31.870569688739273,31.891186563544867,25.112015715319373
,,,,,,,,,,,,,,,,,,,,,,,,,,,,0.018816520601910348,31.815363831401196,31.846651422198235,31.815363831401196,31.846651422198235,25.112030123661672
,,,,,,,,,,,,,,,,,,,,,,,,,,,,0.01883651238775142,31.86102374466543,31.868039474977948,31.86102374466543,31.868039474977948,25.112044536482617
,,,,,,,,,,,,,,,,,,,,,,,,,,,,0.018856502370800356,31.863789548732353,31.85985976966952,31.863789548732353,31.85985976966952,25.112058948004943
,,,,,,,,,,,,,,,,,,,,,,,,,,,,0.018876495895303127,31.837789007165135,31.862140192370347,31.837789007165135,31.862140192370347,25.112073362100364
,,,,,,,,,,,,,,,,,,,,,,,,,,,,0.018896511623703146,31.829824345701688,31.818409540218894,31.829824345701688,31.818409540218894,25.112087792239784
,,,,,,,,,,,,,,,,,,,,,,,,,,,,0.0189164968382642,31.82427440913334,31.8266104809023,31.82427440913334,31.8266104809023,25.1121022004659
,,,,,,,,,,,,,,,,,,,,,,,,,,,,0.018936510548552984,31.867922642083293,31.87737739789196,31.867922642083293,31.87737739789196,25.112116629365335
,,,,,,,,,,,,,,,,,,,,,,,,,,,,0.018956500211473788,31.86961644498049,31.84443370110536,31.86961644498049,31.84443370110536,25.112131041048585
,,,,,,,,,,,,,,,,,,,,,,,,,,,,0.018976488476114498,31.876727653434425,31.866766827115626,31.876727653434425,31.866766827115626,25.112145451808775
,,,,,,,,,,,,,,,,,,,,,,,,,,,,0.0189964761586359,31.837547390535047,31.82122366150324,31.837547390535047,31.82122366150324,25.11215986215459
,,,,,,,,,,,,,,,,,,,,,,,,,,,,0.01901646151251077,31.826692516539552,31.835721268667246,31.826692516539552,31.835721268667246,25.11217427076402
,,,,,,,,,,,,,,,,,,,,,,,,,,,,0.019036481437903256,31.82463437042551,31.812639339457192,31.82463437042551,31.812639339457192,25.112188704192455
,,,,,,,,,,,,,,,,,,,,,,,,,,,,0.019056490824904983,31.810755427397655,31.841120292966647,31.810755427397655,31.841120292966647,25.112203129902472
,,,,,,,,,,,,,,,,,,,,,,,,,,,,0.019076480179894842,31.83681727353717,31.849501540882425,31.83681727353717,31.849501540882425,25.112217541038618
,,,,,,,,,,,,,,,,,,,,,,,,,,,,0.019096470168886555,31.845227763650577,31.823166242433107,31.845227763650577,31.823166242433107,25.112231952500277
,,,,,,,,,,,,,,,,,,,,,,,,,,,,0.01911645534731759,31.830068544270983,31.839447958869705,31.830068544270983,31.839447958869705,25.112246360350852
,,,,,,,,,,,,,,,,,,,,,,,,,,,,0.019136447754376597,31.840425826754558,31.839629725627525,31.840425826754558,31.839629725627525,25.112260773245275
,,,,,,,,,,,,,,,,,,,,,,,,,,,,0.019156466575761803,31.80963742993196,31.819189872453993,31.80963742993196,31.819189872453993,25.11227520502153
,,,,,,,,,,,,,,,,,,,,,,,,,,,,0.019176475927563386,31.841730307629213,31.81112192749752,31.841730307629213,31.81112192749752,25.112289629805645
,,,,,,,,,,,,,,,,,,,,,,,,,,,,0.01919646573406463,31.862982257063127,31.82861637914366,31.862982257063127,31.82861637914366,25.11230404033356
,,,,,,,,,,,,,,,,,,,,,,,,,,,,0.019216454369338908,31.84372759068254,31.860594209354854,31.84372759068254,31.860594209354854,25.112318449860673
,,,,,,,,,,,,,,,,,,,,,,,,,,,,0.019236445492048018,31.86229311242478,31.84329838292836,31.86229311242478,31.84329838292836,25.112332861003672
,,,,,,,,,,,,,,,,,,,,,,,,,,,,0.019256435482272887,31.867856245263486,31.868234625531194,31.867856245263486,31.868234625531194,25.11234727114742
,,,,,,,,,,,,,,,,,,,,,,,,,,,,0.019276452539184367,31.828953803455732,31.81590759887438,31.828953803455732,31.81590759887438,25.11236170062684
,,,,,,,,,,,,,,,,,,,,,,,,,,,,0.019296460589628833,31.800184298493278,31.836272331144624,31.800184298493278,31.836272331144624,25.112376123439997
,,,,,,,,,,,,,,,,,,,,,,,,,,,,0.01931644703471255,31.848854926246922,31.88350948035234,31.848854926246922,31.88350948035234,25.112390530492867
,,,,,,,,,,,,,,,,,,,,,,,,,,,,0.01933643760530296,31.862887114250537,31.8378855647087,31.862887114250537,31.8378855647087,25.112404940317894
,,,,,,,,,,,,,,,,,,,,,,,,,,,,0.019356426039480755,31.830949927723516,31.83909819529122,31.830949927723516,31.83909819529122,25.112419348518884
,,,,,,,,,,,,,,,,,,,,,,,,,,,,0.019376418781641844,31.846955969433136,31.843303633863226,31.846955969433136,31.843303633863226,25.112433759832697
,,,,,,,,,,,,,,,,,,,,,,,,,,,,0.01939643838366835,31.832440089584985,31.83611944394226,31.832440089584985,31.83611944394226,25.112448190479814
,,,,,,,,,,,,,,,,,,,,,,,,,,,,0.019416444949421015,31.827355236239224,31.829841356960852,31.827355236239224,31.829841356960852,25.112462611715877
,,,,,,,,,,,,,,,,,,,,,,,,,,,,0.019436432684217728,31.897581273308074,31.866208048916345,31.897581273308074,31.866208048916345,25.11247701941639
,,,,,,,,,,,,,,,,,,,,,,,,,,,,0.019456423898066105,31.84453900108082,31.857052741193613,31.84453900108082,31.857052741193613,25.11249142961727
,,,,,,,,,,,,,,,,,,,,,,,,,,,,0.01947641178727298,31.850848488098844,31.83483492386459,31.850848488098844,31.83483492386459,25.112505837406996
,,,,,,,,,,,,,,,,,,,,,,,,,,,,0.01949641773377807,31.822571655908927,31.839283894356864,31.822571655908927,31.839283894356864,25.112520258227583
,,,,,,,,,,,,,,,,,,,,,,,,,,,,0.01951640300618635,31.836583434327878,31.82188234813845,31.836583434327878,31.82188234813845,25.112534664170827
,,,,,,,,,,,,,,,,,,,,,,,,,,,,0.01953643251752953,31.902670997239316,31.86279384269095,31.902670997239316,31.86279384269095,25.11254910204871
,,,,,,,,,,,,,,,,,,,,,,,,,,,,0.019556417508574408,31.859782125065998,31.89835655220029,31.859782125065998,31.89835655220029,25.112563507970727
,,,,,,,,,,,,,,,,,,,,,,,,,,,,0.019576408347386935,31.854843680759796,31.840771597701767,31.854843680759796,31.840771597701767,25.112577918198856
,,,,,,,,,,,,,,,,,,,,,,,,,,,,0.01959639852661774,31.843805164389543,31.849072725875367,31.843805164389543,31.849072725875367,25.11259232797243
,,,,,,,,,,,,,,,,,,,,,,,,,,,,0.01961638265405205,31.849167797581075,31.8380612299664,31.849167797581075,31.8380612299664,25.11260673335
,,,,,,,,,,,,,,,,,,,,,,,,,,,,0.01963638781501592,31.822849993233476,31.832143462517084,31.822849993233476,31.832143462517084,25.11262115381459
,,,,,,,,,,,,,,,,,,,,,,,,,,,,0.019656414819795468,31.82989837974873,31.81211319375107,31.82989837974873,31.81211319375107,25.112635589929024
,,,,,,,,,,,,,,,,,,,,,,,,,,,,0.01967640393101652,31.89973813038356,31.879298346731247,31.89973813038356,31.879298346731247,25.11264999867612
,,,,,,,,,,,,,,,,,,,,,,,,,,,,0.01969639422070307,31.838688911501823,31.850055196120987,31.838688911501823,31.850055196120987,25.112664408249763
,,,,,,,,,,,,,,,,,,,,,,,,,,,,0.019716383623163677,31.866390561457603,31.86117992347689,31.866390561457603,31.86117992347689,25.112678817131197
,,,,,,,,,,,,,,,,,,,,,,,,,,,,0.019736371595275273,31.856915004721255,31.883265440523598,31.856915004721255,31.883265440523598,25.112693224965735
,,,,,,,,,,,,,,,,,,,,,,,,,,,,0.0197563761163615,31.850906246591574,31.837542433739777,31.850906246591574,31.837542433739777,25.11270764475351
,,,,,,,,,,,,,,,,,,,,,,,,,,,,0.01977640317864806,31.907641437689474,31.860369477237732,31.907641437689474,31.860369477237732,25.112722080782035
,,,,,,,,,,,,,,,,,,,,,,,,,,,,0.019796389463898115,31.887259872214283,31.89818880321088,31.887259872214283,31.89818880321088,25.112736487377052
,,,,,,,,,,,,,,,,,,,,,,,,,,,,0.019816376914545675,31.886264098906068,31.85090706455903,31.886264098906068,31.85090706455903,25.1127508947436
,,,,,,,,,,,,,,,,,,,,,,,,,,,,0.019836363648811202,31.833035346247275,31.85514006356608,31.833035346247275,31.85514006356608,25.112765301555502
,,,,,,,,,,,,,,,,,,,,,,,,,,,,0.01985635674352518,31.856727871398533,31.844406694153868,31.856727871398533,31.844406694153868,25.11277971296244
,,,,,,,,,,,,,,,,,,,,,,,,,,,,0.01987635943811135,31.845139809254537,31.83972708475973,31.845139809254537,31.83972708475973,25.11279413127134
,,,,,,,,,,,,,,,,,,,,,,,,,,,,0.01989638550723839,31.819131540151016,31.80848242078182,31.819131540151016,31.80848242078182,25.112808566360165
,,,,,,,,,,,,,,,,,,,,,,,,,,,,0.01991637203395191,31.927331086606305,31.88390483566904,31.927331086606305,31.88390483566904,25.112822972844484
,,,,,,,,,,,,,,,,,,,,,,,,,,,,0.019936360788776027,31.85393537532544,31.890860944261544,31.85393537532544,31.890860944261544,25.11283738088369
,,,,,,,,,,,,,,,,,,,,,,,,,,,,0.01995635316725093,31.855283375069707,31.84397390598298,31.855283375069707,31.84397390598298,25.112851791573984
,,,,,,,,,,,,,,,,,,,,,,,,,,,,0.01997634293297641,31.843278283526224,31.861830230826136,31.843278283526224,31.861830230826136,25.112866200391906
,,,,,,,,,,,,,,,,,,,,,,,,,,,,0.019996346288022136,31.847672725260924,31.846406399176978,31.847672725260924,31.846406399176978,25.112880618974614
